Date,Open,High,Low,Close,Adj Close,Volume
2010-01-04,0.84,1.54,0.84,1.54,1.54,500
2010-01-05,1.54,1.54,1.54,1.54,1.54,0
2010-01-06,1.54,1.54,1.54,1.54,1.54,0
2010-01-07,1.4,1.4,1.4,1.4,1.4,700
2010-01-08,1.4,1.82,1.4,1.82,1.82,600
2010-01-11,1.82,1.82,1.26,1.26,1.26,900
2010-01-12,1.12,1.12,1.12,1.12,1.12,0
2010-01-13,1.26,1.26,1.26,1.26,1.26,0
2010-01-14,1.26,1.54,1.26,1.26,1.26,800
2010-01-15,1.26,1.26,1.26,1.26,1.26,0
2010-01-19,1.82,1.82,1.82,1.82,1.82,0
2010-01-20,1.82,1.82,1.82,1.82,1.82,0
2010-01-21,1.82,1.82,1.26,1.26,1.26,200
2010-01-22,1.26,1.4,1.26,1.4,1.4,2100
2010-01-25,1.4,1.82,1.12,1.12,1.12,2500
2010-01-26,1.12,1.4,1.12,1.4,1.4,2700
2010-01-27,1.4,1.4,1.4,1.4,1.4,0
2010-01-28,1.12,1.12,1.12,1.12,1.12,0
2010-01-29,1.12,1.12,1.12,1.12,1.12,0
2010-02-01,1.12,1.12,1.12,1.12,1.12,100
2010-02-02,1.26,1.26,1.26,1.26,1.26,0
2010-02-03,1.4,1.4,1.26,1.4,1.4,1800
2010-02-04,1.4,1.4,1.4,1.4,1.4,300
2010-02-05,1.4,1.4,1.4,1.4,1.4,0
2010-02-08,1.4,1.54,1.4,1.4,1.4,200
2010-02-09,1.54,1.54,1.26,1.54,1.54,2000
2010-02-10,1.54,1.54,1.54,1.54,1.54,0
2010-02-11,1.26,1.26,1.26,1.26,1.26,1400
2010-02-12,1.26,1.4,1.26,1.4,1.4,400
2010-02-16,1.4,1.4,1.4,1.4,1.4,100
2010-02-17,1.54,1.54,1.54,1.54,1.54,200
2010-02-18,1.26,1.54,1.26,1.54,1.54,0
2010-02-19,1.54,1.54,1.54,1.54,1.54,0
2010-02-22,1.54,1.54,1.54,1.54,1.54,0
2010-02-23,1.54,1.54,1.54,1.54,1.54,0
2010-02-24,1.26,1.54,1.26,1.26,1.26,0
2010-02-25,1.26,1.26,1.26,1.26,1.26,0
2010-02-26,1.26,1.54,1.26,1.54,1.54,0
2010-03-01,1.54,1.68,1.26,1.54,1.54,2000
2010-03-02,1.26,1.54,1.26,1.54,1.54,600
2010-03-03,1.54,1.54,1.54,1.54,1.54,11000
2010-03-04,1.54,1.54,1.54,1.54,1.54,0
2010-03-05,1.26,1.54,1.26,1.54,1.54,100
2010-03-08,1.54,1.54,1.54,1.54,1.54,0
2010-03-09,1.26,1.4,1.26,1.4,1.4,1500
2010-03-10,1.26,1.4,1.26,1.4,1.4,0
2010-03-11,1.4,1.4,1.4,1.4,1.4,0
2010-03-12,1.4,1.4,1.26,1.26,1.26,300
2010-03-15,1.4,1.54,1.4,1.54,1.54,900
2010-03-16,1.26,1.54,1.26,1.54,1.54,1100
2010-03-17,1.26,1.54,1.26,1.54,1.54,500
2010-03-18,1.4,1.4,1.4,1.4,1.4,1000
2010-03-19,1.4,1.4,1.4,1.4,1.4,500
2010-03-22,1.4,1.4,1.4,1.4,1.4,300
2010-03-23,1.4,1.54,1.4,1.54,1.54,1000
2010-03-24,1.4,1.4,1.4,1.4,1.4,300
2010-03-25,1.54,1.54,1.54,1.54,1.54,1100
2010-03-26,1.4,1.4,1.4,1.4,1.4,800
2010-03-29,1.4,1.4,1.4,1.4,1.4,0
2010-03-30,1.54,1.54,1.4,1.4,1.4,700
2010-03-31,1.4,1.4,1.4,1.4,1.4,0
2010-04-01,1.54,1.54,1.54,1.54,1.54,0
2010-04-05,1.4,1.4,1.26,1.26,1.26,1600
2010-04-06,1.26,1.26,1.26,1.26,1.26,300
2010-04-07,1.54,1.54,1.26,1.26,1.26,0
2010-04-08,1.26,1.26,1.26,1.26,1.26,800
2010-04-09,1.26,1.26,1.26,1.26,1.26,500
2010-04-12,1.26,1.26,1.26,1.26,1.26,500
2010-04-13,1.12,1.26,1.12,1.26,1.26,300
2010-04-14,1.12,1.12,1.12,1.12,1.12,0
2010-04-15,1.12,1.4,1.12,1.4,1.4,200
2010-04-16,1.12,1.12,1.12,1.12,1.12,100
2010-04-19,1.12,1.12,1.12,1.12,1.12,600
2010-04-20,1.12,1.12,1.12,1.12,1.12,0
2010-04-21,1.12,1.12,1.12,1.12,1.12,0
2010-04-22,1.26,1.26,1.26,1.26,1.26,100
2010-04-23,1.26,1.26,1.26,1.26,1.26,0
2010-04-26,1.4,1.4,1.12,1.4,1.4,0
2010-04-27,1.12,1.12,0.98,0.98,0.98,2300
2010-04-28,0.98,0.98,0.98,0.98,0.98,0
2010-04-29,0.98,0.98,0.98,0.98,0.98,100
2010-04-30,0.98,0.98,0.98,0.98,0.98,0
2010-05-03,0.98,0.98,0.98,0.98,0.98,0
2010-05-04,0.98,0.98,0.98,0.98,0.98,0
2010-05-05,0.98,0.98,0.98,0.98,0.98,600
2010-05-06,0.98,0.98,0.98,0.98,0.98,1900
2010-05-07,0.98,0.98,0.98,0.98,0.98,100
2010-05-10,0.98,0.98,0.98,0.98,0.98,100
2010-05-11,0.98,0.98,0.98,0.98,0.98,0
2010-05-12,0.98,0.98,0.98,0.98,0.98,400
2010-05-13,0.98,0.98,0.98,0.98,0.98,300
2010-05-14,0.98,1.12,0.98,0.98,0.98,1300
2010-05-17,1.12,1.12,0.98,0.98,0.98,1600
2010-05-18,0.98,0.98,0.98,0.98,0.98,1500
2010-05-19,0.98,0.98,0.98,0.98,0.98,700
2010-05-20,0.98,1.26,0.84,0.84,0.84,2200
2010-05-21,0.84,0.84,0.84,0.84,0.84,0
2010-05-24,0.84,0.84,0.84,0.84,0.84,0
2010-05-25,0.84,0.84,0.84,0.84,0.84,100
2010-05-26,0.84,0.84,0.84,0.84,0.84,0
2010-05-27,0.84,0.84,0.84,0.84,0.84,0
2010-05-28,0.84,1.4,0.84,1.4,1.4,400
2010-06-01,0.84,0.84,0.84,0.84,0.84,0
2010-06-02,0.84,0.84,0.84,0.84,0.84,0
2010-06-03,0.84,0.84,0.84,0.84,0.84,0
2010-06-04,1.4,1.4,1.4,1.4,1.4,0
2010-06-07,0.84,1.4,0.84,1.4,1.4,0
2010-06-08,0.84,0.84,0.84,0.84,0.84,100
2010-06-09,0.84,0.84,0.84,0.84,0.84,0
2010-06-10,0.84,0.84,0.84,0.84,0.84,0
2010-06-11,0.84,0.84,0.84,0.84,0.84,100
2010-06-14,0.98,0.98,0.98,0.98,0.98,0
2010-06-15,1.4,1.4,1.4,1.4,1.4,0
2010-06-16,1.4,1.4,1.4,1.4,1.4,0
2010-06-17,1.4,1.4,0.98,0.98,0.98,300
2010-06-18,1.12,1.26,1.12,1.12,1.12,1000
2010-06-21,0.98,0.98,0.98,0.98,0.98,100
2010-06-22,1.4,1.4,1.4,1.4,1.4,100
2010-06-23,1.4,1.4,1.4,1.4,1.4,0
2010-06-24,1.4,1.4,1.4,1.4,1.4,0
2010-06-25,1.4,1.4,1.4,1.4,1.4,0
2010-06-28,0.98,1.4,0.98,1.4,1.4,0
2010-06-29,1.4,1.4,1.4,1.4,1.4,0
2010-06-30,1.4,1.4,1.4,1.4,1.4,0
2010-07-01,0.98,0.98,0.98,0.98,0.98,0
2010-07-02,0.98,0.98,0.98,0.98,0.98,300
2010-07-06,0.84,0.84,0.84,0.84,0.84,0
2010-07-07,0.84,0.84,0.84,0.84,0.84,0
2010-07-08,0.84,0.84,0.84,0.84,0.84,0
2010-07-09,0.84,0.84,0.84,0.84,0.84,0
2010-07-12,0.98,0.98,0.98,0.98,0.98,300
2010-07-13,0.98,1.26,0.98,1.12,1.12,700
2010-07-14,1.12,1.12,1.12,1.12,1.12,0
2010-07-15,1.12,1.12,1.12,1.12,1.12,0
2010-07-16,1.12,1.12,1.12,1.12,1.12,0
2010-07-19,1.12,1.12,1.12,1.12,1.12,0
2010-07-20,1.12,1.12,1.12,1.12,1.12,0
2010-07-21,1.12,1.12,1.12,1.12,1.12,0
2010-07-22,1.12,1.12,0.7,0.84,0.84,6100
2010-07-23,0.84,0.84,0.84,0.84,0.84,100
2010-07-26,0.84,0.84,0.84,0.84,0.84,500
2010-07-27,0.84,0.84,0.84,0.84,0.84,200
2010-07-28,0.84,0.84,0.84,0.84,0.84,0
2010-07-29,0.84,0.84,0.84,0.84,0.84,0
2010-07-30,0.84,0.84,0.84,0.84,0.84,0
2010-08-02,0.98,0.98,0.98,0.98,0.98,800
2010-08-03,0.98,0.98,0.98,0.98,0.98,0
2010-08-04,0.98,0.98,0.98,0.98,0.98,0
2010-08-05,0.84,0.84,0.84,0.84,0.84,0
2010-08-06,0.84,0.84,0.84,0.84,0.84,0
2010-08-09,0.84,0.84,0.84,0.84,0.84,0
2010-08-10,0.84,0.84,0.84,0.84,0.84,0
2010-08-11,0.84,0.84,0.84,0.84,0.84,0
2010-08-12,0.84,0.84,0.84,0.84,0.84,200
2010-08-13,0.84,0.84,0.84,0.84,0.84,0
2010-08-16,0.84,0.84,0.84,0.84,0.84,200
2010-08-17,0.84,0.84,0.84,0.84,0.84,0
2010-08-18,0.84,0.84,0.84,0.84,0.84,300
2010-08-19,0.84,0.84,0.84,0.84,0.84,0
2010-08-20,0.84,0.98,0.84,0.98,0.98,1200
2010-08-23,1.26,1.26,1.26,1.26,1.26,0
2010-08-24,1.26,1.26,1.26,1.26,1.26,100
2010-08-25,0.84,0.84,0.84,0.84,0.84,300
2010-08-26,1.26,1.26,1.26,1.26,1.26,0
2010-08-27,0.84,0.84,0.7,0.7,0.7,3600
2010-08-30,0.7,0.7,0.7,0.7,0.7,0
2010-08-31,0.56,0.84,0.56,0.84,0.84,100
2010-09-01,0.84,0.84,0.84,0.84,0.84,0
2010-09-02,0.56,0.56,0.56,0.56,0.56,900
2010-09-03,0.56,0.84,0.56,0.84,0.84,500
2010-09-07,0.84,0.84,0.84,0.84,0.84,0
2010-09-08,0.84,0.84,0.84,0.84,0.84,0
2010-09-09,0.84,0.84,0.84,0.84,0.84,0
2010-09-10,0.84,0.84,0.84,0.84,0.84,0
2010-09-13,0.56,0.56,0.56,0.56,0.56,0
2010-09-14,1.12,1.12,1.12,1.12,1.12,0
2010-09-15,0.98,0.98,0.98,0.98,0.98,300
2010-09-16,0.98,0.98,0.98,0.98,0.98,100
2010-09-17,0.98,0.98,0.98,0.98,0.98,300
2010-09-20,0.98,0.98,0.98,0.98,0.98,3000
2010-09-21,0.84,0.84,0.84,0.84,0.84,0
2010-09-22,0.84,0.84,0.84,0.84,0.84,0
2010-09-23,0.7,0.7,0.7,0.7,0.7,200
2010-09-24,1.12,1.12,1.12,1.12,1.12,500
2010-09-27,0.7,0.7,0.7,0.7,0.7,0
2010-09-28,0.7,0.7,0.7,0.7,0.7,0
2010-09-29,0.84,0.84,0.84,0.84,0.84,500
2010-09-30,1.26,1.26,1.26,1.26,1.26,200
2010-10-01,0.7,1.12,0.7,1.12,1.12,0
2010-10-04,1.12,1.12,1.12,1.12,1.12,0
2010-10-05,0.7,1.12,0.7,1.12,1.12,0
2010-10-06,0.7,1.12,0.7,1.12,1.12,4100
2010-10-07,1.12,1.12,0.98,0.98,0.98,1100
2010-10-08,0.98,0.98,0.98,0.98,0.98,300
2010-10-11,1.12,1.12,0.84,0.84,0.84,0
2010-10-12,0.84,0.84,0.84,0.84,0.84,0
2010-10-13,0.98,1.12,0.98,1.12,1.12,400
2010-10-14,0.98,0.98,0.98,0.98,0.98,1200
2010-10-15,0.98,0.98,0.98,0.98,0.98,0
2010-10-18,0.98,0.98,0.98,0.98,0.98,0
2010-10-19,0.98,0.98,0.98,0.98,0.98,0
2010-10-20,0.98,0.98,0.98,0.98,0.98,0
2010-10-21,0.84,0.84,0.7,0.7,0.7,9200
2010-10-22,0.84,0.84,0.7,0.7,0.7,17200
2010-10-25,0.84,0.84,0.84,0.84,0.84,800
2010-10-26,0.7,0.98,0.7,0.98,0.98,0
2010-10-27,0.98,1.12,0.98,1.12,1.12,18600
2010-10-28,1.12,1.12,1.12,1.12,1.12,1100
2010-10-29,0.98,1.26,0.98,1.26,1.26,12700
2010-11-01,1.26,1.26,1.26,1.26,1.26,0
2010-11-02,1.26,1.26,1.26,1.26,1.26,0
2010-11-03,0.98,0.98,0.98,0.98,0.98,900
2010-11-04,0.98,0.98,0.98,0.98,0.98,1000
2010-11-05,1.12,1.12,1.12,1.12,1.12,200
2010-11-08,0.98,0.98,0.98,0.98,0.98,0
2010-11-09,0.98,0.98,0.98,0.98,0.98,700
2010-11-10,0.98,0.98,0.98,0.98,0.98,0
2010-11-11,0.98,0.98,0.98,0.98,0.98,0
2010-11-12,0.98,0.98,0.98,0.98,0.98,0
2010-11-15,0.98,0.98,0.98,0.98,0.98,100
2010-11-16,0.98,0.98,0.98,0.98,0.98,700
2010-11-17,0.98,0.98,0.98,0.98,0.98,2100
2010-11-18,0.98,0.98,0.98,0.98,0.98,0
2010-11-19,0.98,0.98,0.98,0.98,0.98,700
2010-11-22,0.98,0.98,0.98,0.98,0.98,400
2010-11-23,0.98,0.98,0.98,0.98,0.98,3000
2010-11-24,0.98,0.98,0.98,0.98,0.98,0
2010-11-26,0.98,0.98,0.98,0.98,0.98,0
2010-11-29,0.98,0.98,0.98,0.98,0.98,100
2010-11-30,0.98,0.98,0.98,0.98,0.98,1500
2010-12-01,0.98,0.98,0.98,0.98,0.98,0
2010-12-02,0.98,0.98,0.98,0.98,0.98,0
2010-12-03,0.98,0.98,0.98,0.98,0.98,0
2010-12-06,0.98,0.98,0.98,0.98,0.98,1800
2010-12-07,0.98,0.98,0.98,0.98,0.98,2500
2010-12-08,0.98,0.98,0.98,0.98,0.98,0
2010-12-09,0.98,0.98,0.98,0.98,0.98,5000
2010-12-10,0.98,0.98,0.98,0.98,0.98,0
2010-12-13,0.98,0.98,0.7,0.98,0.98,3600
2010-12-14,0.84,0.98,0.84,0.98,0.98,0
2010-12-15,0.98,0.98,0.98,0.98,0.98,0
2010-12-16,0.98,0.98,0.98,0.98,0.98,0
2010-12-17,0.98,0.98,0.84,0.84,0.84,600
2010-12-20,0.84,0.84,0.84,0.84,0.84,0
2010-12-21,0.84,0.84,0.84,0.84,0.84,100
2010-12-22,0.84,0.84,0.84,0.84,0.84,0
2010-12-23,0.84,0.84,0.84,0.84,0.84,0
2010-12-27,0.84,0.84,0.7,0.7,0.7,2600
2010-12-28,0.7,0.7,0.7,0.7,0.7,400
2010-12-29,0.7,0.7,0.7,0.7,0.7,0
2010-12-30,0.7,0.7,0.7,0.7,0.7,0
2010-12-31,0.98,0.98,0.7,0.84,0.84,200
2011-01-03,1.26,1.26,1.26,1.26,1.26,1300
2011-01-04,1.26,1.26,1.26,1.26,1.26,0
2011-01-05,0.98,0.98,0.84,0.84,0.84,300
2011-01-06,0.84,0.98,0.84,0.98,0.98,900
2011-01-07,0.84,0.98,0.84,0.84,0.84,1000
2011-01-10,0.98,0.98,0.98,0.98,0.98,200
2011-01-11,0.98,0.98,0.98,0.98,0.98,0
2011-01-12,0.98,0.98,0.98,0.98,0.98,0
2011-01-13,1.12,1.12,1.12,1.12,1.12,500
2011-01-14,1.12,1.26,1.12,1.26,1.26,800
2011-01-18,1.4,1.4,1.4,1.4,1.4,200
2011-01-19,1.12,1.12,1.12,1.12,1.12,0
2011-01-20,1.12,1.12,1.12,1.12,1.12,0
2011-01-21,1.12,1.12,1.12,1.12,1.12,0
2011-01-24,1.26,1.26,0.84,0.84,0.84,700
2011-01-25,0.98,0.98,0.98,0.98,0.98,0
2011-01-26,1.12,1.12,1.12,1.12,1.12,0
2011-01-27,1.26,1.26,0.98,0.98,0.98,0
2011-01-28,1.26,1.26,0.98,0.98,0.98,1000
2011-01-31,0.98,0.98,0.98,0.98,0.98,100
2011-02-01,1.12,1.4,1.12,1.4,1.4,2100
2011-02-02,1.4,1.4,1.4,1.4,1.4,0
2011-02-03,1.4,1.4,1.4,1.4,1.4,300
2011-02-04,1.4,1.4,1.4,1.4,1.4,0
2011-02-07,1.4,1.4,1.4,1.4,1.4,0
2011-02-08,1.4,1.4,1.4,1.4,1.4,0
2011-02-09,1.12,1.12,1.12,1.12,1.12,700
2011-02-10,1.12,1.12,1.12,1.12,1.12,0
2011-02-11,1.12,1.12,1.12,1.12,1.12,0
2011-02-14,1.12,1.4,1.12,1.4,1.4,200
2011-02-15,1.4,1.54,1.4,1.54,1.54,2700
2011-02-16,1.26,1.26,1.26,1.26,1.26,0
2011-02-17,1.26,1.26,1.26,1.26,1.26,0
2011-02-18,1.12,1.4,1.12,1.4,1.4,100
2011-02-22,1.12,1.12,1.12,1.12,1.12,400
2011-02-23,1.12,1.12,1.12,1.12,1.12,0
2011-02-24,1.12,1.12,1.12,1.12,1.12,1700
2011-02-25,1.12,1.12,1.12,1.12,1.12,0
2011-02-28,0.98,1.4,0.98,1.4,1.4,700
2011-03-01,1.4,1.4,1.4,1.4,1.4,0
2011-03-02,0.98,1.12,0.98,1.12,1.12,400
2011-03-03,1.12,1.12,0.84,1.12,1.12,1600
2011-03-04,0.98,1.4,0.98,1.4,1.4,0
2011-03-07,1.12,1.12,1.12,1.12,1.12,0
2011-03-08,1.12,1.12,1.12,1.12,1.12,0
2011-03-09,1.12,1.12,1.12,1.12,1.12,0
2011-03-10,1.12,1.4,1.12,1.4,1.4,700
2011-03-11,1.26,1.4,1.26,1.4,1.4,700
2011-03-14,1.26,1.26,1.26,1.26,1.26,300
2011-03-15,1.12,1.26,1.12,1.26,1.26,1000
2011-03-16,1.26,1.26,1.26,1.26,1.26,0
2011-03-17,1.26,1.26,1.26,1.26,1.26,1700
2011-03-18,1.12,1.12,1.12,1.12,1.12,700
2011-03-21,1.12,1.12,1.12,1.12,1.12,0
2011-03-22,1.12,1.12,1.12,1.12,1.12,0
2011-03-23,1.12,1.26,1.12,1.26,1.26,0
2011-03-24,1.26,1.26,1.26,1.26,1.26,0
2011-03-25,1.26,1.26,1.26,1.26,1.26,0
2011-03-28,1.26,1.26,1.26,1.26,1.26,700
2011-03-29,1.12,1.12,1.12,1.12,1.12,700
2011-03-30,1.12,1.12,1.12,1.12,1.12,0
2011-03-31,1.12,1.12,1.12,1.12,1.12,0
2011-04-01,1.12,1.12,1.12,1.12,1.12,300
2011-04-04,1.12,1.12,1.12,1.12,1.12,0
2011-04-05,1.26,1.26,1.12,1.26,1.26,1500
2011-04-06,1.26,1.26,1.12,1.12,1.12,1600
2011-04-07,1.12,1.4,1.12,1.4,1.4,4800
2011-04-08,1.4,1.4,1.4,1.4,1.4,4000
2011-04-11,1.4,1.4,1.12,1.12,1.12,400
2011-04-12,1.12,1.26,0.98,1.26,1.26,3800
2011-04-13,1.12,1.12,0.98,0.98,0.98,300
2011-04-14,0.98,0.98,0.98,0.98,0.98,0
2011-04-15,1.26,1.26,1.26,1.26,1.26,2200
2011-04-18,1.26,1.4,0.98,0.98,0.98,1200
2011-04-19,0.98,0.98,0.98,0.98,0.98,0
2011-04-20,1.12,1.12,1.12,1.12,1.12,0
2011-04-21,1.12,1.12,0.98,1.12,1.12,1000
2011-04-25,1.12,1.12,1.12,1.12,1.12,0
2011-04-26,0.98,0.98,0.98,0.98,0.98,0
2011-04-27,0.98,1.26,0.98,1.26,1.26,1000
2011-04-28,0.98,1.12,0.98,1.12,1.12,500
2011-04-29,0.98,1.4,0.98,1.4,1.4,1700
2011-05-02,0.98,0.98,0.98,0.98,0.98,100
2011-05-03,0.98,0.98,0.98,0.98,0.98,0
2011-05-04,1.4,1.4,1.4,1.4,1.4,100
2011-05-05,0.98,0.98,0.98,0.98,0.98,0
2011-05-06,0.98,0.98,0.98,0.98,0.98,0
2011-05-09,0.98,0.98,0.98,0.98,0.98,0
2011-05-10,0.98,0.98,0.98,0.98,0.98,0
2011-05-11,1.26,1.26,1.26,1.26,1.26,0
2011-05-12,1.26,1.26,1.26,1.26,1.26,0
2011-05-13,1.26,1.26,1.26,1.26,1.26,0
2011-05-16,0.98,0.98,0.98,0.98,0.98,0
2011-05-17,1.26,1.4,1.26,1.26,1.26,3200
2011-05-18,1.12,1.26,1.12,1.26,1.26,3600
2011-05-19,0.98,0.98,0.98,0.98,0.98,0
2011-05-20,0.98,0.98,0.98,0.98,0.98,700
2011-05-23,0.98,0.98,0.98,0.98,0.98,0
2011-05-24,1.26,1.26,1.26,1.26,1.26,700
2011-05-25,1.26,1.26,1.26,1.26,1.26,3500
2011-05-26,0.98,0.98,0.98,0.98,0.98,0
2011-05-27,1.4,1.4,1.4,1.4,1.4,300
2011-05-31,1.4,1.4,0.98,0.98,0.98,0
2011-06-01,0.98,0.98,0.98,0.98,0.98,0
2011-06-02,0.98,0.98,0.98,0.98,0.98,0
2011-06-03,0.98,0.98,0.98,0.98,0.98,0
2011-06-06,1.26,1.26,1.26,1.26,1.26,300
2011-06-07,1.26,1.26,1.26,1.26,1.26,300
2011-06-08,0.98,1.12,0.98,1.12,1.12,3200
2011-06-09,1.12,1.12,1.12,1.12,1.12,0
2011-06-10,1.12,1.12,1.12,1.12,1.12,1700
2011-06-13,0.98,0.98,0.98,0.98,0.98,100
2011-06-14,0.98,0.98,0.98,0.98,0.98,0
2011-06-15,0.98,0.98,0.98,0.98,0.98,0
2011-06-16,0.84,0.84,0.84,0.84,0.84,0
2011-06-17,1.12,1.12,1.12,1.12,1.12,0
2011-06-20,1.12,1.12,1.12,1.12,1.12,0
2011-06-21,1.12,1.12,1.12,1.12,1.12,0
2011-06-22,1.12,1.12,1.12,1.12,1.12,1100
2011-06-23,1.12,1.12,1.12,1.12,1.12,300
2011-06-24,1.12,1.12,1.12,1.12,1.12,1200
2011-06-27,1.12,1.12,1.12,1.12,1.12,0
2011-06-28,1.12,1.12,1.12,1.12,1.12,0
2011-06-29,1.26,1.26,1.12,1.12,1.12,700
2011-06-30,1.12,1.12,1.12,1.12,1.12,0
2011-07-01,1.26,1.26,1.12,1.12,1.12,900
2011-07-05,1.12,1.12,1.12,1.12,1.12,0
2011-07-06,1.12,1.12,1.12,1.12,1.12,0
2011-07-07,1.12,1.12,1.12,1.12,1.12,0
2011-07-08,1.26,1.4,1.26,1.26,1.26,2400
2011-07-11,1.12,1.12,0.98,0.98,0.98,2200
2011-07-12,0.98,0.98,0.98,0.98,0.98,0
2011-07-13,1.12,1.12,0.98,0.98,0.98,800
2011-07-14,0.98,1.12,0.98,1.12,1.12,1800
2011-07-15,0.98,1.12,0.98,1.12,1.12,100
2011-07-18,0.98,1.12,0.98,1.12,1.12,700
2011-07-19,1.12,1.12,1.12,1.12,1.12,500
2011-07-20,0.98,0.98,0.98,0.98,0.98,0
2011-07-21,0.98,0.98,0.98,0.98,0.98,0
2011-07-22,1.26,1.26,0.98,0.98,0.98,300
2011-07-25,0.98,0.98,0.98,0.98,0.98,1800
2011-07-26,0.98,0.98,0.98,0.98,0.98,0
2011-07-27,0.98,0.98,0.98,0.98,0.98,200
2011-07-28,0.98,0.98,0.98,0.98,0.98,300
2011-07-29,1.26,1.26,1.26,1.26,1.26,100
2011-08-01,0.98,0.98,0.84,0.84,0.84,700
2011-08-02,0.84,0.84,0.84,0.84,0.84,0
2011-08-03,0.84,1.12,0.84,1.12,1.12,400
2011-08-04,1.12,1.12,1.12,1.12,1.12,0
2011-08-05,0.84,0.84,0.84,0.84,0.84,0
2011-08-08,0.84,0.84,0.84,0.84,0.84,100
2011-08-09,0.84,0.84,0.84,0.84,0.84,0
2011-08-10,0.84,0.98,0.84,0.98,0.98,200
2011-08-11,0.98,0.98,0.98,0.98,0.98,0
2011-08-12,0.56,0.56,0.56,0.56,0.56,0
2011-08-15,0.84,0.84,0.84,0.84,0.84,0
2011-08-16,0.84,0.84,0.84,0.84,0.84,0
2011-08-17,0.84,0.84,0.84,0.84,0.84,0
2011-08-18,0.84,0.84,0.84,0.84,0.84,0
2011-08-19,0.84,0.84,0.84,0.84,0.84,0
2011-08-22,0.98,0.98,0.98,0.98,0.98,0
2011-08-23,0.98,0.98,0.98,0.98,0.98,0
2011-08-24,0.84,0.84,0.84,0.84,0.84,100
2011-08-25,0.84,0.84,0.84,0.84,0.84,0
2011-08-26,0.84,0.84,0.84,0.84,0.84,0
2011-08-29,0.84,0.84,0.84,0.84,0.84,0
2011-08-30,0.84,0.84,0.84,0.84,0.84,0
2011-08-31,0.98,0.98,0.98,0.98,0.98,100
2011-09-01,0.98,0.98,0.98,0.98,0.98,0
2011-09-02,0.56,1.26,0.56,1.26,1.26,0
2011-09-06,0.84,0.84,0.84,0.84,0.84,100
2011-09-07,0.84,0.84,0.84,0.84,0.84,500
2011-09-08,1.12,1.12,1.12,1.12,1.12,900
2011-09-09,0.84,0.84,0.84,0.84,0.84,0
2011-09-12,0.84,0.84,0.84,0.84,0.84,100
2011-09-13,0.28,0.28,0.28,0.28,0.28,0
2011-09-14,0.84,0.84,0.84,0.84,0.84,0
2011-09-15,0.84,0.98,0.84,0.98,0.98,700
2011-09-16,0.84,0.84,0.84,0.84,0.84,0
2011-09-19,0.98,1.12,0.98,1.12,1.12,600
2011-09-20,1.12,1.12,1.12,1.12,1.12,0
2011-09-21,1.12,1.12,1.12,1.12,1.12,0
2011-09-22,1.12,1.12,1.12,1.12,1.12,0
2011-09-23,0.84,0.84,0.84,0.84,0.84,0
2011-09-26,0.84,0.84,0.84,0.84,0.84,0
2011-09-27,0.84,0.84,0.84,0.84,0.84,0
2011-09-28,0.98,0.98,0.98,0.98,0.98,100
2011-09-29,0.98,0.98,0.98,0.98,0.98,0
2011-09-30,1.12,1.12,1.12,1.12,1.12,0
2011-10-03,1.12,1.12,0.98,0.98,0.98,900
2011-10-04,0.98,0.98,0.98,0.98,0.98,300
2011-10-05,0.98,0.98,0.98,0.98,0.98,0
2011-10-06,0.98,0.98,0.98,0.98,0.98,0
2011-10-07,0.98,0.98,0.98,0.98,0.98,200
2011-10-10,0.98,0.98,0.98,0.98,0.98,0
2011-10-11,0.98,0.98,0.98,0.98,0.98,0
2011-10-12,0.28,0.28,0.28,0.28,0.28,2100
2011-10-13,0.98,0.98,0.56,0.56,0.56,600
2011-10-14,0.56,0.56,0.56,0.56,0.56,0
2011-10-17,0.7,0.7,0.7,0.7,0.7,0
2011-10-18,0.7,0.7,0.7,0.7,0.7,0
2011-10-19,0.56,0.84,0.56,0.84,0.84,400
2011-10-20,0.84,0.84,0.84,0.84,0.84,0
2011-10-21,0.84,0.84,0.84,0.84,0.84,0
2011-10-24,0.84,0.84,0.84,0.84,0.84,0
2011-10-25,0.84,0.84,0.84,0.84,0.84,0
2011-10-26,0.84,0.84,0.84,0.84,0.84,0
2011-10-27,0.98,0.98,0.98,0.98,0.98,500
2011-10-28,0.7,1.26,0.7,1.26,1.26,200
2011-10-31,1.26,1.26,1.26,1.26,1.26,0
2011-11-01,0.7,0.7,0.7,0.7,0.7,0
2011-11-02,0.7,0.7,0.7,0.7,0.7,0
2011-11-03,0.7,0.7,0.7,0.7,0.7,0
2011-11-04,0.7,0.7,0.7,0.7,0.7,0
2011-11-07,0.7,0.7,0.7,0.7,0.7,0
2011-11-08,0.7,0.7,0.7,0.7,0.7,0
2011-11-09,0.7,0.7,0.7,0.7,0.7,0
2011-11-10,0.7,0.7,0.7,0.7,0.7,0
2011-11-11,0.7,0.7,0.7,0.7,0.7,0
2011-11-14,0.7,0.7,0.7,0.7,0.7,0
2011-11-15,0.7,0.7,0.7,0.7,0.7,0
2011-11-16,0.7,0.7,0.7,0.7,0.7,0
2011-11-17,0.7,0.7,0.7,0.7,0.7,0
2011-11-18,0.7,1.12,0.7,1.12,1.12,700
2011-11-21,1.12,1.12,1.12,1.12,1.12,0
2011-11-22,0.7,0.98,0.7,0.98,0.98,300
2011-11-23,0.98,0.98,0.98,0.98,0.98,0
2011-11-25,0.98,0.98,0.98,0.98,0.98,0
2011-11-28,0.98,0.98,0.56,0.56,0.56,900
2011-11-29,0.56,0.56,0.56,0.56,0.56,0
2011-11-30,0.56,0.56,0.56,0.56,0.56,0
2011-12-01,0.84,0.84,0.42,0.42,0.42,700
2011-12-02,0.42,0.42,0.42,0.42,0.42,0
2011-12-05,0.56,0.84,0.56,0.84,0.84,500
2011-12-06,1.12,1.12,0.56,0.56,0.56,0
2011-12-07,1.12,1.26,1.12,1.26,1.26,1000
2011-12-08,0.84,1.26,0.84,1.26,1.26,1400
2011-12-09,1.26,1.26,1.26,1.26,1.26,1100
2011-12-12,1.26,1.4,0.7,0.7,0.7,800
2011-12-13,1.4,1.4,1.4,1.4,1.4,100
2011-12-14,0.56,1.12,0.56,0.7,0.7,2500
2011-12-15,0.7,1.12,0.7,1.12,1.12,600
2011-12-16,1.12,1.12,1.12,1.12,1.12,0
2011-12-19,0.7,0.98,0.7,0.98,0.98,100
2011-12-20,1.12,1.26,1.12,1.26,1.26,1000
2011-12-21,0.7,0.7,0.7,0.7,0.7,0
2011-12-22,0.7,0.7,0.7,0.7,0.7,0
2011-12-23,0.7,0.7,0.7,0.7,0.7,0
2011-12-27,0.84,0.84,0.84,0.84,0.84,0
2011-12-28,0.84,0.84,0.7,0.7,0.7,1400
2011-12-29,0.7,0.7,0.7,0.7,0.7,0
2011-12-30,1.4,1.4,0.7,0.7,0.7,0
2012-01-03,0.7,0.7,0.7,0.7,0.7,0
2012-01-04,0.7,0.7,0.7,0.7,0.7,0
2012-01-05,1.12,1.4,0.98,0.98,0.98,1900
2012-01-06,1.12,1.26,1.12,1.26,1.26,1000
2012-01-09,1.26,1.26,1.26,1.26,1.26,0
2012-01-10,1.4,1.4,1.4,1.4,1.4,0
2012-01-11,1.4,1.4,1.4,1.4,1.4,0
2012-01-12,0.7,0.7,0.7,0.7,0.7,0
2012-01-13,0.7,0.98,0.7,0.98,0.98,0
2012-01-17,0.7,1.4,0.7,1.4,1.4,100
2012-01-18,1.4,1.4,1.4,1.4,1.4,0
2012-01-19,1.4,1.4,1.4,1.4,1.4,0
2012-01-20,1.26,1.26,1.26,1.26,1.26,700
2012-01-23,0.56,1.26,0.56,0.56,0.56,700
2012-01-24,1.12,1.12,0.84,0.84,0.84,300
2012-01-25,0.84,0.84,0.84,0.84,0.84,0
2012-01-26,0.98,0.98,0.98,0.98,0.98,0
2012-01-27,0.98,0.98,0.98,0.98,0.98,0
2012-01-30,0.98,0.98,0.98,0.98,0.98,0
2012-01-31,0.98,0.98,0.98,0.98,0.98,0
2012-02-01,0.98,0.98,0.98,0.98,0.98,700
2012-02-02,1.26,1.26,0.98,1.12,1.12,3000
2012-02-03,0.84,0.84,0.84,0.84,0.84,100
2012-02-06,0.84,0.84,0.84,0.84,0.84,500
2012-02-07,1.12,1.12,0.84,0.84,0.84,1300
2012-02-08,0.84,0.84,0.84,0.84,0.84,200
2012-02-09,0.84,0.84,0.84,0.84,0.84,0
2012-02-10,0.84,0.84,0.84,0.84,0.84,0
2012-02-13,0.84,0.84,0.84,0.84,0.84,0
2012-02-14,0.84,0.84,0.84,0.84,0.84,100
2012-02-15,1.12,1.54,1.12,1.4,1.4,7400
2012-02-16,1.4,1.4,1.4,1.4,1.4,1700
2012-02-17,1.4,3.08,1.4,1.54,1.54,5500
2012-02-21,1.54,1.68,1.54,1.54,1.54,2900
2012-02-22,1.54,1.68,1.54,1.68,1.68,1200
2012-02-23,1.54,1.54,1.12,1.12,1.12,3700
2012-02-24,1.12,1.12,1.12,1.12,1.12,0
2012-02-27,1.12,1.12,1.12,1.12,1.12,0
2012-02-28,1.12,1.12,1.12,1.12,1.12,100
2012-02-29,1.12,1.12,1.12,1.12,1.12,0
2012-03-01,1.12,1.4,1.12,1.12,1.12,900
2012-03-02,1.12,1.12,1.12,1.12,1.12,400
2012-03-05,1.26,1.26,1.26,1.26,1.26,200
2012-03-06,1.12,1.26,0.84,0.84,0.84,4000
2012-03-07,0.84,0.84,0.84,0.84,0.84,0
2012-03-08,1.12,1.12,1.12,1.12,1.12,0
2012-03-09,1.26,1.26,1.26,1.26,1.26,0
2012-03-12,1.26,1.26,1.12,1.26,1.26,2200
2012-03-13,1.26,1.26,1.26,1.26,1.26,0
2012-03-14,1.26,1.26,1.26,1.26,1.26,0
2012-03-15,1.26,1.26,1.26,1.26,1.26,200
2012-03-16,1.4,1.54,1.4,1.4,1.4,2400
2012-03-19,1.54,1.54,1.26,1.54,1.54,700
2012-03-20,1.4,1.4,1.26,1.26,1.26,500
2012-03-21,1.4,1.4,1.4,1.4,1.4,1700
2012-03-22,1.4,1.4,1.4,1.4,1.4,0
2012-03-23,1.4,1.4,1.4,1.4,1.4,0
2012-03-26,1.4,1.4,1.26,1.4,1.4,1400
2012-03-27,1.4,1.4,1.4,1.4,1.4,0
2012-03-28,1.26,1.4,1.26,1.4,1.4,1500
2012-03-29,1.4,1.4,1.4,1.4,1.4,0
2012-03-30,1.4,1.4,1.4,1.4,1.4,0
2012-04-02,1.26,1.4,1.26,1.4,1.4,1700
2012-04-03,1.26,1.26,1.26,1.26,1.26,2100
2012-04-04,1.26,1.4,1.26,1.26,1.26,700
2012-04-05,1.26,1.26,1.26,1.26,1.26,0
2012-04-09,1.26,1.4,0.98,0.98,0.98,1700
2012-04-10,0.98,0.98,0.98,0.98,0.98,0
2012-04-11,0.98,0.98,0.98,0.98,0.98,0
2012-04-12,0.98,0.98,0.98,0.98,0.98,0
2012-04-13,0.98,0.98,0.98,0.98,0.98,0
2012-04-16,0.98,0.98,0.98,0.98,0.98,0
2012-04-17,0.98,0.98,0.98,0.98,0.98,300
2012-04-18,0.98,0.98,0.98,0.98,0.98,0
2012-04-19,0.98,1.68,0.98,1.68,1.68,3900
2012-04-20,0.98,1.12,0.98,1.12,1.12,0
2012-04-23,1.12,1.12,1.12,1.12,1.12,0
2012-04-24,1.12,1.4,1.12,1.4,1.4,800
2012-04-25,1.12,1.12,1.12,1.12,1.12,300
2012-04-26,1.12,1.12,1.12,1.12,1.12,1200
2012-04-27,1.12,1.12,1.12,1.12,1.12,0
2012-04-30,1.12,1.12,1.12,1.12,1.12,0
2012-05-01,1.12,1.12,1.12,1.12,1.12,0
2012-05-02,1.4,1.4,1.4,1.4,1.4,300
2012-05-03,0.98,1.54,0.98,1.54,1.54,600
2012-05-04,1.12,1.12,1.12,1.12,1.12,1000
2012-05-07,1.12,1.12,1.12,1.12,1.12,0
2012-05-08,1.12,1.12,1.12,1.12,1.12,0
2012-05-09,1.12,1.12,1.12,1.12,1.12,0
2012-05-10,1.12,1.12,1.12,1.12,1.12,800
2012-05-11,1.12,1.12,0.98,0.98,0.98,1400
2012-05-14,0.98,0.98,0.98,0.98,0.98,0
2012-05-15,1.68,1.68,0.98,0.98,0.98,0
2012-05-16,0.98,0.98,0.98,0.98,0.98,0
2012-05-17,0.98,0.98,0.98,0.98,0.98,0
2012-05-18,0.98,0.98,0.98,0.98,0.98,0
2012-05-21,1.54,1.68,1.12,1.12,1.12,1700
2012-05-22,1.12,1.12,1.12,1.12,1.12,0
2012-05-23,1.12,1.12,1.12,1.12,1.12,0
2012-05-24,1.68,1.68,1.12,1.12,1.12,0
2012-05-25,1.12,1.12,1.12,1.12,1.12,0
2012-05-29,1.12,1.12,1.12,1.12,1.12,0
2012-05-30,1.12,1.12,1.12,1.12,1.12,0
2012-05-31,1.12,1.12,1.12,1.12,1.12,0
2012-06-01,1.26,1.26,1.26,1.26,1.26,200
2012-06-04,1.4,1.4,0.98,0.98,0.98,12300
2012-06-05,1.12,1.12,0.98,0.98,0.98,5700
2012-06-06,0.98,1.12,0.98,1.12,1.12,5900
2012-06-07,1.12,1.12,1.12,1.12,1.12,0
2012-06-08,0.98,1.12,0.98,1.12,1.12,800
2012-06-11,0.98,0.98,0.98,0.98,0.98,1400
2012-06-12,0.98,0.98,0.98,0.98,0.98,0
2012-06-13,0.98,0.98,0.98,0.98,0.98,0
2012-06-14,0.98,0.98,0.98,0.98,0.98,200
2012-06-15,1.12,1.54,1.12,1.54,1.54,1100
2012-06-18,1.4,1.54,1.4,1.54,1.54,1100
2012-06-19,1.12,1.12,1.12,1.12,1.12,400
2012-06-20,1.54,1.54,1.26,1.26,1.26,400
2012-06-21,1.54,1.54,1.54,1.54,1.54,500
2012-06-22,1.12,1.12,1.12,1.12,1.12,0
2012-06-25,1.12,1.12,1.12,1.12,1.12,0
2012-06-26,1.12,1.12,1.12,1.12,1.12,0
2012-06-27,1.54,1.54,1.12,1.54,1.54,900
2012-06-28,1.12,1.12,1.12,1.12,1.12,1000
2012-06-29,1.26,1.26,1.26,1.26,1.26,800
2012-07-02,1.12,1.12,1.12,1.12,1.12,6300
2012-07-03,0.98,0.98,0.98,0.98,0.98,1400
2012-07-05,1.4,1.4,1.4,1.4,1.4,400
2012-07-06,1.4,1.4,1.12,1.12,1.12,2800
2012-07-09,1.4,1.4,1.4,1.4,1.4,2500
2012-07-10,1.4,1.54,1.4,1.54,1.54,2900
2012-07-11,1.54,1.68,1.4,1.4,1.4,1600
2012-07-12,1.68,1.68,1.4,1.54,1.54,1100
2012-07-13,1.54,1.68,1.54,1.68,1.68,3400
2012-07-16,2.1,2.1,1.68,1.68,1.68,2000
2012-07-17,1.68,2.38,1.68,2.38,2.38,300
2012-07-18,2.38,2.38,1.82,2.1,2.1,6700
2012-07-19,2.1,2.1,1.82,1.96,1.96,2000
2012-07-20,1.96,1.96,1.82,1.82,1.82,700
2012-07-23,1.68,1.96,1.54,1.96,1.96,2200
2012-07-24,1.68,1.68,1.54,1.54,1.54,3500
2012-07-25,1.54,1.54,1.4,1.4,1.4,3800
2012-07-26,1.26,1.26,1.26,1.26,1.26,1100
2012-07-27,1.26,1.26,1.26,1.26,1.26,700
2012-07-30,1.26,1.26,1.26,1.26,1.26,0
2012-07-31,1.96,1.96,1.96,1.96,1.96,600
2012-08-01,1.96,1.96,1.4,1.4,1.4,1300
2012-08-02,1.4,1.4,1.4,1.4,1.4,0
2012-08-03,1.4,1.4,1.4,1.4,1.4,0
2012-08-06,1.4,1.82,1.4,1.82,1.82,200
2012-08-07,1.96,1.96,1.96,1.96,1.96,500
2012-08-08,1.96,1.96,1.4,1.4,1.4,100
2012-08-09,1.4,1.96,1.4,1.96,1.96,100
2012-08-10,1.4,1.82,1.4,1.82,1.82,1800
2012-08-13,1.82,1.82,1.82,1.82,1.82,700
2012-08-14,1.4,1.4,1.4,1.4,1.4,0
2012-08-15,1.68,1.68,1.68,1.68,1.68,100
2012-08-16,1.68,1.96,1.68,1.96,1.96,100
2012-08-17,1.4,1.4,1.4,1.4,1.4,0
2012-08-20,1.4,1.4,1.4,1.4,1.4,0
2012-08-21,1.4,1.4,1.4,1.4,1.4,0
2012-08-22,1.4,1.4,1.4,1.4,1.4,0
2012-08-23,1.4,1.4,1.4,1.4,1.4,0
2012-08-24,1.4,1.4,1.4,1.4,1.4,0
2012-08-27,1.4,1.4,1.4,1.4,1.4,0
2012-08-28,1.4,1.4,1.4,1.4,1.4,0
2012-08-29,1.96,1.96,1.96,1.96,1.96,400
2012-08-30,1.96,1.96,1.96,1.96,1.96,0
2012-08-31,1.96,1.96,1.96,1.96,1.96,0
2012-09-04,1.96,1.96,1.96,1.96,1.96,300
2012-09-05,1.82,1.96,1.82,1.82,1.82,400
2012-09-06,1.96,1.96,1.96,1.96,1.96,300
2012-09-07,1.82,1.96,1.82,1.96,1.96,600
2012-09-10,1.82,1.96,1.82,1.96,1.96,1100
2012-09-11,1.96,1.96,1.96,1.96,1.96,0
2012-09-12,1.96,1.96,1.82,1.96,1.96,1200
2012-09-13,1.96,1.96,1.96,1.96,1.96,0
2012-09-14,1.96,1.96,1.96,1.96,1.96,700
2012-09-17,1.96,1.96,1.96,1.96,1.96,0
2012-09-18,1.82,1.82,1.82,1.82,1.82,1100
2012-09-19,1.82,1.82,1.82,1.82,1.82,0
2012-09-20,1.82,1.82,1.82,1.82,1.82,0
2012-09-21,1.96,1.96,1.82,1.96,1.96,100
2012-09-24,1.82,1.96,1.82,1.96,1.96,2400
2012-09-25,1.82,1.82,1.54,1.54,1.54,2000
2012-09-26,1.54,1.54,1.54,1.54,1.54,400
2012-09-27,2.38,2.38,1.82,1.82,1.82,400
2012-09-28,1.82,1.82,1.82,1.82,1.82,100
2012-10-01,2.38,2.38,2.38,2.38,2.38,200
2012-10-02,1.96,2.38,1.96,2.38,2.38,700
2012-10-03,2.1,2.1,2.1,2.1,2.1,700
2012-10-04,1.82,1.96,1.82,1.96,1.96,4400
2012-10-05,1.82,1.96,1.82,1.96,1.96,200
2012-10-08,1.96,1.96,1.96,1.96,1.96,0
2012-10-09,1.96,1.96,1.96,1.96,1.96,700
2012-10-10,1.96,1.96,1.96,1.96,1.96,200
2012-10-11,2.52,2.52,2.52,2.52,2.52,700
2012-10-12,1.96,4.2,1.96,3.64,3.64,4800
2012-10-15,4.2,4.2,2.8,2.8,2.8,5300
2012-10-16,2.94,3.5,2.94,3.5,3.5,2100
2012-10-17,3.5,3.78,3.5,3.78,3.78,300
2012-10-18,3.5,4.2,3.5,3.5,3.5,2300
2012-10-19,3.5,3.5,3.5,3.5,3.5,900
2012-10-22,3.92,4.2,3.5,3.92,3.92,1800
2012-10-23,3.64,3.64,3.64,3.64,3.64,1200
2012-10-24,3.64,4.2,3.64,4.2,4.2,1800
2012-10-25,4.2,4.48,3.64,3.64,3.64,2000
2012-10-26,4.62,4.62,3.64,3.78,3.78,900
2012-10-31,4.62,4.9,3.64,4.76,4.76,2300
2012-11-01,4.62,4.62,4.2,4.62,4.62,900
2012-11-02,4.48,4.48,4.2,4.48,4.48,600
2012-11-05,4.2,5.18,4.2,4.2,4.2,3800
2012-11-06,3.92,5.6,3.92,4.34,4.34,500
2012-11-07,4.62,4.62,4.34,4.34,4.34,300
2012-11-08,4.06,5.18,4.06,4.76,4.76,1200
2012-11-09,5.04,5.04,4.2,4.2,4.2,5100
2012-11-12,4.2,4.2,4.2,4.2,4.2,100
2012-11-13,4.9,4.9,4.2,4.34,4.34,9800
2012-11-14,4.76,4.76,4.34,4.62,4.62,2300
2012-11-15,4.48,4.48,4.34,4.48,4.48,1000
2012-11-16,4.48,4.62,4.34,4.62,4.62,2800
2012-11-19,4.9,4.9,4.76,4.76,4.76,700
2012-11-20,4.9,5.04,4.76,5.04,5.04,7200
2012-11-21,5.6,5.6,5.32,5.6,5.6,1700
2012-11-23,5.6,6.3,5.6,6.3,6.3,2100
2012-11-26,6.58,6.58,6.02,6.16,6.16,8700
2012-11-27,6.16,6.16,5.32,5.46,5.46,800
2012-11-28,6.16,6.16,5.32,6.16,6.16,300
2012-11-29,6.16,6.16,5.04,6.16,6.16,200
2012-11-30,6.16,6.16,6.16,6.16,6.16,0
2012-12-03,6.16,6.16,4.9,5.32,5.32,4500
2012-12-04,5.32,5.32,4.9,5.04,5.04,900
2012-12-05,5.04,5.18,5.04,5.18,5.18,500
2012-12-06,4.2,4.9,4.2,4.9,4.9,4800
2012-12-07,2.8,4.2,2.8,4.2,4.2,1500
2012-12-10,4.2,6.02,4.2,4.48,4.48,300
2012-12-11,4.2,4.2,4.2,4.2,4.2,0
2012-12-12,4.2,4.2,4.2,4.2,4.2,500
2012-12-13,4.2,4.2,3.5,4.2,4.2,3300
2012-12-14,3.64,3.64,3.64,3.64,3.64,300
2012-12-17,3.64,3.92,3.64,3.64,3.64,700
2012-12-18,3.64,3.92,3.64,3.92,3.92,700
2012-12-19,3.64,4.2,3.64,3.78,3.78,1400
2012-12-20,3.92,4.06,3.92,4.06,4.06,800
2012-12-21,4.34,4.34,3.64,3.78,3.78,1300
2012-12-24,4.06,4.06,4.06,4.06,4.06,0
2012-12-26,4.06,4.06,3.5,3.5,3.5,400
2012-12-27,3.5,3.5,3.5,3.5,3.5,0
2012-12-28,4.06,4.76,4.06,4.76,4.76,2300
2012-12-31,3.5,4.76,3.5,4.76,4.76,300
2013-01-02,4.62,4.76,4.62,4.76,4.76,300
2013-01-03,4.76,4.76,4.76,4.76,4.76,0
2013-01-04,4.62,4.62,4.62,4.62,4.62,0
2013-01-07,4.76,4.9,4.76,4.9,4.9,5700
2013-01-08,4.9,5.88,4.9,5.04,5.04,500
2013-01-09,5.6,5.6,5.04,5.32,5.32,1400
2013-01-10,4.48,4.48,4.48,4.48,4.48,0
2013-01-11,5.88,5.88,5.04,5.88,5.88,800
2013-01-14,5.6,5.6,4.9,4.9,4.9,400
2013-01-15,5.18,5.18,5.18,5.18,5.18,300
2013-01-16,5.18,5.88,5.18,5.6,5.6,3000
2013-01-17,5.18,5.88,5.18,5.88,5.88,700
2013-01-18,5.88,5.88,5.18,5.18,5.18,300
2013-01-22,5.18,5.18,3.78,3.78,3.78,14100
2013-01-23,3.92,5.18,3.92,4.2,4.2,1400
2013-01-24,4.2,4.2,3.92,3.92,3.92,2500
2013-01-25,4.2,4.2,3.92,3.92,3.92,1800
2013-01-28,4.2,4.2,3.92,3.92,3.92,1000
2013-01-29,4.2,4.62,3.92,3.92,3.92,2400
2013-01-30,3.92,3.92,3.5,3.5,3.5,2800
2013-01-31,3.5,4.62,3.5,3.92,3.92,1700
2013-02-01,4.48,5.18,4.48,4.48,4.48,1000
2013-02-04,4.62,5.18,3.5,3.5,3.5,3800
2013-02-05,5.18,5.18,3.78,3.78,3.78,500
2013-02-06,4.9,4.9,4.9,4.9,4.9,0
2013-02-07,4.9,4.9,3.92,3.92,3.92,500
2013-02-08,4.2,4.2,4.06,4.2,4.2,400
2013-02-11,4.2,4.9,4.2,4.9,4.9,1700
2013-02-12,4.9,5.18,4.06,5.18,5.18,500
2013-02-13,5.18,5.18,4.06,4.06,4.06,1400
2013-02-14,3.92,4.2,3.92,4.2,4.2,2300
2013-02-15,4.2,5.04,4.2,4.34,4.34,400
2013-02-19,4.2,5.04,4.2,5.04,5.04,1700
2013-02-20,5.04,5.04,4.2,4.2,4.2,15800
2013-02-21,4.48,4.48,4.48,4.48,4.48,0
2013-02-22,4.48,4.48,4.2,4.2,4.2,400
2013-02-25,4.2,4.2,3.92,4.06,4.06,200
2013-02-26,4.06,4.06,4.06,4.06,4.06,2100
2013-02-27,4.06,4.06,3.92,3.92,3.92,6500
2013-02-28,4.2,4.2,3.78,3.78,3.78,1500
2013-03-01,3.92,3.92,3.78,3.78,3.78,700
2013-03-04,3.78,3.78,3.64,3.78,3.78,1900
2013-03-05,3.64,3.64,3.5,3.5,3.5,5000
2013-03-06,3.64,4.2,3.64,4.06,4.06,8600
2013-03-07,4.2,4.2,4.2,4.2,4.2,300
2013-03-08,4.06,4.2,3.78,4.2,4.2,1200
2013-03-11,4.2,4.34,3.92,3.92,3.92,12700
2013-03-12,3.92,4.2,3.92,4.2,4.2,7800
2013-03-13,4.2,4.2,4.2,4.2,4.2,0
2013-03-14,3.64,3.64,3.64,3.64,3.64,0
2013-03-15,4.34,4.76,3.5,4.2,4.2,11100
2013-03-18,3.78,3.92,3.78,3.92,3.92,600
2013-03-19,4.06,4.34,4.06,4.34,4.34,700
2013-03-20,4.34,4.34,4.06,4.06,4.06,100
2013-03-21,4.06,4.06,4.06,4.06,4.06,900
2013-03-22,4.2,4.2,4.06,4.06,4.06,600
2013-03-25,4.06,4.06,4.06,4.06,4.06,0
2013-03-26,4.06,4.2,4.06,4.2,4.2,300
2013-03-27,4.06,4.06,4.06,4.06,4.06,1300
2013-03-28,4.2,4.2,4.06,4.06,4.06,2300
2013-04-01,4.2,4.2,4.06,4.06,4.06,1500
2013-04-02,4.06,4.2,4.06,4.2,4.2,1200
2013-04-03,4.2,4.34,4.06,4.34,4.34,16100
2013-04-04,4.48,4.48,4.34,4.34,4.34,1200
2013-04-05,4.48,4.48,4.48,4.48,4.48,0
2013-04-08,4.34,4.34,4.2,4.2,4.2,6400
2013-04-09,4.2,4.76,4.2,4.76,4.76,400
2013-04-10,4.2,4.2,4.2,4.2,4.2,0
2013-04-11,4.48,4.76,4.48,4.76,4.76,1000
2013-04-12,4.76,4.76,4.62,4.76,4.76,100
2013-04-15,4.76,4.76,4.2,4.2,4.2,2300
2013-04-16,4.2,4.2,4.2,4.2,4.2,0
2013-04-17,4.34,4.34,4.2,4.2,4.2,2100
2013-04-18,4.2,4.2,4.2,4.2,4.2,0
2013-04-19,4.48,4.48,4.2,4.2,4.2,1700
2013-04-22,4.06,4.06,4.06,4.06,4.06,0
2013-04-23,4.62,4.62,4.2,4.2,4.2,100
2013-04-24,4.62,4.62,4.62,4.62,4.62,100
2013-04-25,4.2,4.62,4.2,4.62,4.62,400
2013-04-26,4.2,4.2,4.06,4.06,4.06,100
2013-04-29,4.06,4.06,3.92,4.06,4.06,600
2013-04-30,4.2,4.2,4.2,4.2,4.2,1200
2013-05-01,5.04,5.04,4.2,4.76,4.76,100
2013-05-02,4.76,4.76,4.2,4.76,4.76,900
2013-05-03,4.76,4.76,4.06,4.2,4.2,0
2013-05-06,4.76,4.76,4.62,4.62,4.62,700
2013-05-07,4.9,4.9,4.76,4.76,4.76,1900
2013-05-08,4.48,4.48,4.2,4.2,4.2,2800
2013-05-09,4.2,4.48,4.2,4.48,4.48,300
2013-05-10,4.2,4.2,4.2,4.2,4.2,400
2013-05-13,4.2,4.62,4.2,4.34,4.34,1300
2013-05-14,4.48,4.62,4.48,4.62,4.62,600
2013-05-15,4.62,4.62,4.62,4.62,4.62,0
2013-05-16,4.34,4.34,4.2,4.2,4.2,600
2013-05-17,4.34,4.34,4.34,4.34,4.34,100
2013-05-20,6.3,6.3,4.48,5.74,5.74,14100
2013-05-21,5.6,5.88,4.34,5.32,5.32,6400
2013-05-22,5.32,5.32,4.48,5.18,5.18,200
2013-05-23,4.48,4.9,4.48,4.76,4.76,700
2013-05-24,4.48,4.9,4.48,4.9,4.9,0
2013-05-28,4.48,5.04,4.48,5.04,5.04,300
2013-05-29,5.46,5.88,4.9,5.46,5.46,400
2013-05-30,5.46,5.46,5.46,5.46,5.46,0
2013-05-31,4.9,5.04,4.9,5.04,5.04,500
2013-06-03,5.04,5.88,5.04,5.04,5.04,600
2013-06-04,5.04,5.04,5.04,5.04,5.04,0
2013-06-05,5.04,5.04,5.04,5.04,5.04,400
2013-06-06,5.46,5.46,5.04,5.04,5.04,700
2013-06-07,5.04,5.04,5.04,5.04,5.04,100
2013-06-10,4.9,5.6,4.9,5.04,5.04,1900
2013-06-11,5.04,5.04,4.9,4.9,4.9,0
2013-06-12,4.9,5.04,4.9,5.04,5.04,700
2013-06-13,5.04,5.04,5.04,5.04,5.04,400
2013-06-14,5.04,5.32,5.04,5.32,5.32,100
2013-06-17,5.32,5.32,5.32,5.32,5.32,0
2013-06-18,5.32,5.32,5.32,5.32,5.32,0
2013-06-19,5.04,5.04,5.04,5.04,5.04,500
2013-06-20,5.04,5.04,4.9,4.9,4.9,1200
2013-06-21,5.32,5.32,5.04,5.04,5.04,1300
2013-06-24,5.04,5.04,5.04,5.04,5.04,1500
2013-06-25,5.18,5.18,5.04,5.04,5.04,900
2013-06-26,5.04,5.04,5.04,5.04,5.04,100
2013-06-27,5.04,5.04,5.04,5.04,5.04,100
2013-06-28,5.04,5.04,5.04,5.04,5.04,0
2013-07-01,5.04,5.04,5.04,5.04,5.04,400
2013-07-02,4.2,5.32,4.2,5.18,5.18,100
2013-07-03,5.04,5.18,5.04,5.18,5.18,500
2013-07-05,5.04,5.32,5.04,5.18,5.18,500
2013-07-08,5.18,5.18,5.18,5.18,5.18,100
2013-07-09,5.18,5.18,5.18,5.18,5.18,200
2013-07-10,5.04,5.04,5.04,5.04,5.04,200
2013-07-11,5.04,5.04,5.04,5.04,5.04,400
2013-07-12,5.04,5.32,5.04,5.32,5.32,800
2013-07-15,5.32,5.32,5.32,5.32,5.32,0
2013-07-16,5.46,5.46,5.32,5.46,5.46,1400
2013-07-17,5.46,5.46,5.46,5.46,5.46,100
2013-07-18,5.6,5.6,5.6,5.6,5.6,1600
2013-07-19,5.32,5.6,5.32,5.6,5.6,1500
2013-07-22,5.88,5.88,5.46,5.46,5.46,2800
2013-07-23,5.6,5.88,5.46,5.88,5.88,2700
2013-07-24,5.88,5.88,5.32,5.32,5.32,200
2013-07-25,5.6,5.88,5.32,5.88,5.88,1200
2013-07-26,5.32,5.88,5.32,5.74,5.74,4900
2013-07-29,5.74,5.74,5.74,5.74,5.74,0
2013-07-30,5.88,5.88,5.32,5.88,5.88,1900
2013-07-31,5.88,5.88,5.88,5.88,5.88,0
2013-08-01,5.88,5.88,5.32,5.88,5.88,1000
2013-08-02,6.02,6.02,5.32,5.74,5.74,900
2013-08-05,5.74,5.74,5.74,5.74,5.74,100
2013-08-06,6.02,6.02,5.32,6.02,6.02,5400
2013-08-07,6.02,6.02,6.02,6.02,6.02,0
2013-08-08,6.02,6.02,5.46,6.02,6.02,5200
2013-08-09,6.16,6.58,6.16,6.58,6.58,1700
2013-08-12,7.28,7.28,6.86,6.86,6.86,3600
2013-08-13,7.14,9.1,5.6,6.58,6.58,19300
2013-08-14,7.28,7.7,6.3,7.7,7.7,13700
2013-08-15,7.7,7.98,7.56,7.98,7.98,2000
2013-08-16,8.4,8.4,7.42,7.98,7.98,6000
2013-08-19,8.96,9.1,7.98,8.82,8.82,1900
2013-08-20,9.1,10.5,9.1,10.22,10.22,6000
2013-08-21,10.22,12.18,10.22,12.18,12.18,16800
2013-08-22,12.18,12.32,9.1,9.66,9.66,18400
2013-08-23,9.24,9.66,9.24,9.66,9.66,400
2013-08-26,9.66,9.66,9.52,9.52,9.52,300
2013-08-27,9.66,9.8,9.66,9.66,9.66,700
2013-08-28,9.66,10.92,9.66,10.78,10.78,1600
2013-08-29,10.92,10.92,10.08,10.08,10.08,3200
2013-08-30,10.5,10.78,10.5,10.78,10.78,1700
2013-09-03,10.78,10.78,10.5,10.5,10.5,1200
2013-09-04,10.5,10.78,10.22,10.22,10.22,1100
2013-09-05,10.22,10.78,10.22,10.5,10.5,1200
2013-09-06,10.36,10.78,10.36,10.78,10.78,1100
2013-09-09,10.78,10.78,10.78,10.78,10.78,0
2013-09-10,11.2,11.2,10.5,10.5,10.5,400
2013-09-11,10.5,10.78,10.5,10.78,10.78,800
2013-09-12,10.5,10.78,10.5,10.78,10.78,1600
2013-09-13,11.2,11.2,10.64,10.64,10.64,100
2013-09-16,11.2,11.2,10.64,11.06,11.06,400
2013-09-17,11.2,11.2,10.64,10.92,10.92,2000
2013-09-18,10.92,11.48,10.92,11.34,11.34,800
2013-09-19,11.34,11.48,10.92,10.92,10.92,300
2013-09-20,11.62,11.62,10.92,10.92,10.92,300
2013-09-23,11.06,11.06,10.92,10.92,10.92,1100
2013-09-24,10.92,11.2,10.92,11.2,11.2,400
2013-09-25,10.92,11.2,10.92,10.92,10.92,500
2013-09-26,11.2,11.2,11.2,11.2,11.2,200
2013-09-27,11.06,11.2,10.92,11.2,11.2,1000
2013-09-30,11.2,11.2,11.2,11.2,11.2,300
2013-10-01,11.2,11.62,11.2,11.2,11.2,1800
2013-10-02,11.48,11.62,11.48,11.62,11.62,500
2013-10-03,11.62,11.9,10.92,11.2,11.2,2300
2013-10-04,11.2,11.62,11.2,11.62,11.62,1700
2013-10-07,11.62,11.62,11.2,11.62,11.62,1000
2013-10-08,11.62,11.62,11.2,11.2,11.2,500
2013-10-09,11.62,11.62,11.34,11.34,11.34,700
2013-10-10,11.9,12.04,11.34,11.34,11.34,3600
2013-10-11,11.9,11.9,11.9,11.9,11.9,1000
2013-10-14,12.04,12.04,11.34,11.9,11.9,100
2013-10-15,12.04,12.18,11.9,12.18,12.18,1500
2013-10-16,12.18,12.18,12.04,12.04,12.04,200
2013-10-17,12.04,12.04,11.62,11.62,11.62,2400
2013-10-18,11.62,12.04,11.62,11.9,11.9,1100
2013-10-21,12.32,12.6,11.9,12.6,12.6,1200
2013-10-22,12.6,13.72,12.6,13.3,13.3,2600
2013-10-23,13.72,16.799999,13.3,15.82,15.82,6500
2013-10-24,15.26,20.440001,15.26,19.32,19.32,14400
2013-10-25,20.16,23.940001,14.0,14.98,14.98,30300
2013-10-28,15.68,19.879999,15.12,18.200001,18.200001,4800
2013-10-29,18.9,20.02,18.48,19.6,19.6,1700
2013-10-30,20.860001,20.860001,16.799999,18.200001,18.200001,4100
2013-10-31,18.620001,20.299999,16.799999,17.08,17.08,3100
2013-11-01,16.799999,18.200001,16.799999,17.5,17.5,5800
2013-11-04,17.5,17.5,13.44,17.5,17.5,9900
2013-11-05,16.799999,16.799999,14.28,15.82,15.82,4100
2013-11-06,15.68,15.68,14.0,14.0,14.0,2900
2013-11-07,13.86,14.0,13.58,13.72,13.72,1300
2013-11-08,12.74,13.58,9.8,12.46,12.46,20400
2013-11-11,12.46,12.6,12.04,12.32,12.32,4000
2013-11-12,12.32,12.32,10.64,11.76,11.76,1400
2013-11-13,11.76,11.76,11.2,11.2,11.2,4100
2013-11-14,10.64,11.06,10.36,10.64,10.64,1500
2013-11-15,10.5,10.5,8.68,9.8,9.8,7200
2013-11-18,10.78,10.78,9.52,9.8,9.8,2300
2013-11-19,9.8,11.76,9.8,10.64,10.64,9100
2013-11-20,10.64,11.9,10.64,10.92,10.92,10400
2013-11-21,11.34,11.9,10.5,11.06,11.06,7000
2013-11-22,11.06,11.06,10.5,11.06,11.06,2500
2013-11-25,11.06,11.2,11.06,11.2,11.2,1400
2013-11-26,11.2,11.2,11.06,11.2,11.2,3100
2013-11-27,11.2,11.62,11.2,11.48,11.48,2000
2013-11-29,10.64,11.62,10.64,10.78,10.78,3700
2013-12-02,10.92,11.06,10.78,10.92,10.92,1300
2013-12-03,10.92,11.06,10.5,10.78,10.78,3900
2013-12-04,10.5,10.5,8.96,9.8,9.8,1900
2013-12-05,9.66,9.66,7.84,8.68,8.68,13900
2013-12-06,8.68,8.82,8.12,8.12,8.12,7000
2013-12-09,8.12,8.96,8.12,8.4,8.4,6900
2013-12-10,8.4,8.68,8.4,8.54,8.54,2100
2013-12-11,8.12,8.4,7.98,8.4,8.4,2300
2013-12-12,8.12,8.4,6.44,8.4,8.4,4400
2013-12-13,8.4,8.54,7.98,8.26,8.26,3400
2013-12-16,8.26,8.26,7.84,7.84,7.84,4200
2013-12-17,8.4,8.82,7.7,8.54,8.54,14800
2013-12-18,8.4,8.54,7.84,8.4,8.4,1600
2013-12-19,8.4,8.4,8.26,8.4,8.4,1300
2013-12-20,8.4,8.82,7.98,8.4,8.4,3600
2013-12-23,8.4,8.54,8.12,8.26,8.26,5400
2013-12-24,8.4,8.54,8.26,8.4,8.4,5000
2013-12-26,8.4,8.4,8.26,8.4,8.4,2000
2013-12-27,8.26,8.4,8.26,8.4,8.4,1500
2013-12-30,8.12,8.4,8.12,8.4,8.4,800
2013-12-31,8.4,8.4,8.4,8.4,8.4,1600
2014-01-02,8.4,8.68,8.12,8.4,8.4,6600
2014-01-03,8.4,8.54,8.4,8.4,8.4,7700
2014-01-06,8.54,8.54,8.26,8.4,8.4,15200
2014-01-07,8.54,8.54,8.4,8.4,8.4,35300
2014-01-08,8.4,8.54,8.4,8.4,8.4,14200
2014-01-09,8.4,8.4,8.26,8.26,8.26,15500
2014-01-10,8.26,8.82,8.26,8.4,8.4,12900
2014-01-13,8.54,8.54,8.4,8.4,8.4,13600
2014-01-14,8.54,8.54,8.26,8.4,8.4,11200
2014-01-15,8.54,8.54,8.26,8.4,8.4,6300
2014-01-16,8.4,8.4,8.4,8.4,8.4,3700
2014-01-17,8.54,9.1,8.4,8.4,8.4,48900
2014-01-21,8.96,8.96,8.4,8.4,8.4,38600
2014-01-22,8.82,8.82,8.26,8.4,8.4,37600
2014-01-23,8.54,8.54,8.26,8.4,8.4,5900
2014-01-24,8.4,8.4,8.12,8.4,8.4,8300
2014-01-27,8.4,8.4,8.26,8.26,8.26,8200
2014-01-28,8.12,8.4,7.7,8.12,8.12,4800
2014-01-29,8.12,8.12,8.12,8.12,8.12,0
2014-01-30,8.0,8.0,7.75,7.88,7.88,2500
2014-01-31,7.75,7.75,6.0,7.2,7.2,3800
2014-02-03,7.0,7.25,6.1,7.25,7.25,6400
2014-02-04,6.86,7.15,6.85,7.0,7.0,8700
2014-02-05,6.86,6.86,5.05,6.5,6.5,6400
2014-02-06,6.26,6.7,6.0,6.7,6.7,4100
2014-02-07,6.7,6.7,6.7,6.7,6.7,2900
2014-02-10,6.68,7.0,6.68,7.0,7.0,2800
2014-02-11,6.75,6.75,6.7,6.7,6.7,2200
2014-02-12,6.68,6.68,6.45,6.68,6.68,800
2014-02-13,6.68,6.68,6.25,6.45,6.45,4200
2014-02-14,6.45,7.0,6.35,7.0,7.0,9600
2014-02-18,7.0,7.0,6.95,6.95,6.95,3700
2014-02-19,6.95,7.02,6.95,7.0,7.0,12300
2014-02-20,7.0,7.0,6.95,7.0,7.0,1600
2014-02-21,6.95,7.0,6.95,7.0,7.0,500
2014-02-24,6.96,7.0,6.65,6.75,6.75,6300
2014-02-25,6.87,6.93,6.75,6.93,6.93,1300
2014-02-26,6.99,7.0,6.97,6.97,6.97,2000
2014-02-27,6.96,7.0,6.93,6.96,6.96,1900
2014-02-28,6.96,7.0,6.93,6.96,6.96,2300
2014-03-03,6.94,6.94,6.5,6.55,6.55,3700
2014-03-04,6.51,6.51,6.5,6.5,6.5,1400
2014-03-05,6.55,6.55,6.25,6.25,6.25,3800
2014-03-06,6.25,6.48,6.05,6.32,6.32,7400
2014-03-07,6.1,6.29,5.9,6.25,6.25,13000
2014-03-10,6.04,6.27,6.03,6.04,6.04,5700
2014-03-11,6.0,6.1,5.0,5.75,5.75,6100
2014-03-12,5.7,6.0,5.7,6.0,6.0,600
2014-03-13,6.0,6.0,5.6,5.6,5.6,3200
2014-03-14,5.6,5.6,4.9,5.0,5.0,22600
2014-03-17,5.06,5.1,4.79,4.79,4.79,56900
2014-03-18,4.55,6.0,4.3,5.5,5.5,4200
2014-03-19,5.25,5.55,5.24,5.24,5.24,3200
2014-03-20,4.01,4.27,3.99,4.0,4.0,156300
2014-03-21,4.01,4.02,3.84,3.9,3.9,55400
2014-03-24,4.0,4.0,3.76,3.85,3.85,10800
2014-03-25,3.95,4.0,3.85,3.85,3.85,16900
2014-03-26,3.85,3.85,3.85,3.85,3.85,0
2014-03-27,4.27,4.27,3.91,3.94,3.94,21400
2014-03-28,3.95,3.95,3.66,3.71,3.71,16500
2014-03-31,3.7,3.71,3.69,3.69,3.69,22800
2014-04-01,3.9,3.9,3.65,3.68,3.68,42200
2014-04-02,3.75,3.85,3.72,3.74,3.74,77000
2014-04-03,3.9,3.9,3.73,3.82,3.82,68500
2014-04-04,3.9,3.9,3.39,3.55,3.55,61300
2014-04-07,3.6,3.6,3.3,3.32,3.32,18400
2014-04-08,3.3,3.52,3.3,3.41,3.41,8300
2014-04-09,3.49,3.49,3.27,3.35,3.35,65000
2014-04-10,3.5,3.5,3.3,3.31,3.31,37300
2014-04-11,3.4,3.8,3.3,3.64,3.64,394700
2014-04-14,4.35,4.35,3.46,3.77,3.77,307300
2014-04-15,3.97,3.97,3.74,3.9,3.9,152900
2014-04-16,4.05,4.05,3.66,3.66,3.66,155400
2014-04-17,3.7,3.7,3.5,3.52,3.52,33300
2014-04-21,3.6,3.76,3.6,3.7,3.7,55200
2014-04-22,3.89,3.89,3.66,3.66,3.66,49400
2014-04-23,3.7,3.7,3.42,3.55,3.55,52200
2014-04-24,3.8,3.8,3.32,3.39,3.39,42200
2014-04-25,3.61,3.61,3.2,3.31,3.31,48900
2014-04-28,3.3,3.35,3.09,3.12,3.12,51900
2014-04-29,3.12,3.12,2.98,3.02,3.02,70400
2014-04-30,3.0,3.03,2.82,2.89,2.89,54100
2014-05-01,2.79,2.83,2.71,2.73,2.73,93300
2014-05-02,2.75,2.82,2.75,2.75,2.75,63800
2014-05-05,2.76,2.94,2.64,2.66,2.66,54400
2014-05-06,2.65,2.74,2.38,2.41,2.41,102700
2014-05-07,2.47,2.47,1.9,2.07,2.07,196700
2014-05-08,2.39,2.39,1.91,2.0,2.0,128400
2014-05-09,1.85,2.0,1.85,1.99,1.99,95500
2014-05-12,2.0,2.2,1.86,2.1,2.1,50200
2014-05-13,2.15,2.35,2.1,2.35,2.35,88800
2014-05-14,2.56,2.56,2.29,2.42,2.42,134100
2014-05-15,2.45,2.55,2.38,2.48,2.48,115600
2014-05-16,2.6,2.6,2.4,2.49,2.49,44800
2014-05-19,2.49,2.52,2.44,2.5,2.5,34500
2014-05-20,2.5,2.51,2.22,2.27,2.27,103600
2014-05-21,2.22,2.3,2.22,2.29,2.29,22600
2014-05-22,2.36,2.37,2.25,2.32,2.32,19000
2014-05-23,2.35,2.4,2.3,2.3,2.3,35500
2014-05-27,2.45,2.45,2.35,2.41,2.41,56300
2014-05-28,2.55,2.55,2.45,2.5,2.5,41900
2014-05-29,2.53,2.53,2.41,2.44,2.44,27800
2014-05-30,2.53,2.53,2.32,2.32,2.32,46000
2014-06-02,2.35,2.36,2.27,2.34,2.34,21400
2014-06-03,2.44,2.44,2.17,2.23,2.23,152200
2014-06-04,2.23,2.35,2.17,2.19,2.19,124800
2014-06-05,2.17,2.37,2.1,2.13,2.13,119900
2014-06-06,2.3,2.3,2.2,2.24,2.24,24500
2014-06-09,2.47,2.49,2.3,2.32,2.32,35400
2014-06-10,2.35,2.35,2.24,2.27,2.27,34200
2014-06-11,2.27,2.34,2.2,2.33,2.33,65200
2014-06-12,2.3,2.35,2.3,2.34,2.34,43900
2014-06-13,2.34,2.45,2.3,2.37,2.37,25400
2014-06-16,2.48,2.49,2.35,2.48,2.48,76500
2014-06-17,2.5,2.5,2.37,2.46,2.46,47600
2014-06-18,2.43,2.47,2.38,2.4,2.4,19300
2014-06-19,2.37,2.49,2.36,2.42,2.42,37400
2014-06-20,2.4,2.47,2.0,2.0,2.0,202100
2014-06-23,2.1,2.2,2.02,2.1,2.1,135100
2014-06-24,2.13,2.13,2.02,2.02,2.02,38600
2014-06-25,2.08,2.08,1.93,1.97,1.97,92300
2014-06-26,1.97,2.04,1.75,1.89,1.89,120000
2014-06-27,1.9,2.15,1.9,2.09,2.09,62200
2014-06-30,2.2,2.32,2.07,2.28,2.28,122000
2014-07-01,2.38,2.38,2.25,2.26,2.26,52300
2014-07-02,2.29,2.3,2.15,2.28,2.28,24300
2014-07-03,2.26,2.34,2.25,2.34,2.34,23000
2014-07-07,2.36,2.49,2.36,2.45,2.45,97800
2014-07-08,2.47,2.47,2.35,2.37,2.37,128300
2014-07-09,2.4,2.4,2.16,2.35,2.35,42400
2014-07-10,2.27,2.35,2.22,2.3,2.3,12700
2014-07-11,2.35,2.38,2.28,2.34,2.34,3700
2014-07-14,2.3,2.45,2.3,2.38,2.38,70700
2014-07-15,2.38,2.4,2.33,2.36,2.36,6100
2014-07-16,2.38,2.42,2.38,2.38,2.38,18000
2014-07-17,2.42,3.6,2.28,2.64,2.64,2389900
2014-07-18,2.7,2.7,2.43,2.5,2.5,285100
2014-07-21,2.41,2.48,2.28,2.44,2.44,125400
2014-07-22,2.41,2.52,2.41,2.43,2.43,36700
2014-07-23,2.46,2.63,2.43,2.57,2.57,61500
2014-07-24,2.58,2.95,2.58,2.85,2.85,108000
2014-07-25,2.85,2.85,2.58,2.58,2.58,58500
2014-07-28,2.54,2.59,2.43,2.57,2.57,30700
2014-07-29,2.54,2.78,2.52,2.73,2.73,23600
2014-07-30,2.68,2.81,2.65,2.71,2.71,8400
2014-07-31,2.67,2.74,2.62,2.65,2.65,24500
2014-08-01,2.7,2.74,2.65,2.65,2.65,28700
2014-08-04,2.8,2.8,2.69,2.79,2.79,28700
2014-08-05,2.8,2.98,2.73,2.83,2.83,68300
2014-08-06,2.86,2.86,2.61,2.64,2.64,80000
2014-08-07,2.61,2.73,2.6,2.62,2.62,32500
2014-08-08,2.6,2.62,2.31,2.47,2.47,120100
2014-08-11,2.5,2.6,2.4,2.48,2.48,69100
2014-08-12,2.49,2.52,2.4,2.41,2.41,22600
2014-08-13,2.45,2.45,2.31,2.38,2.38,34400
2014-08-14,2.38,2.41,2.12,2.31,2.31,151900
2014-08-15,2.41,2.41,2.16,2.22,2.22,54800
2014-08-18,2.28,2.33,2.18,2.18,2.18,20900
2014-08-19,2.27,2.27,2.04,2.06,2.06,103600
2014-08-20,2.15,2.15,2.09,2.11,2.11,11300
2014-08-21,2.18,2.24,2.12,2.22,2.22,18200
2014-08-22,2.25,2.25,2.1,2.13,2.13,39900
2014-08-25,2.16,2.24,2.11,2.23,2.23,55800
2014-08-26,2.25,2.25,2.2,2.24,2.24,21000
2014-08-27,2.21,2.29,2.21,2.27,2.27,24900
2014-08-28,2.29,2.49,2.23,2.34,2.34,63000
2014-08-29,2.38,2.41,2.33,2.37,2.37,22700
2014-09-02,2.41,2.6,2.38,2.57,2.57,51000
2014-09-03,2.64,2.68,2.43,2.47,2.47,70900
2014-09-04,2.47,2.47,2.3,2.34,2.34,10500
2014-09-05,2.39,2.43,2.26,2.31,2.31,27500
2014-09-08,2.37,2.46,2.32,2.45,2.45,22300
2014-09-09,2.45,2.49,2.44,2.48,2.48,44600
2014-09-10,2.51,2.51,2.44,2.47,2.47,14100
2014-09-11,2.38,2.51,2.38,2.46,2.46,30300
2014-09-12,2.41,2.49,2.41,2.43,2.43,54500
2014-09-15,2.4,2.44,2.35,2.36,2.36,10100
2014-09-16,2.38,2.38,2.22,2.24,2.24,33000
2014-09-17,2.18,2.22,2.11,2.17,2.17,43100
2014-09-18,2.17,2.25,2.15,2.15,2.15,39100
2014-09-19,2.19,2.19,2.15,2.18,2.18,29400
2014-09-22,2.13,2.16,2.13,2.14,2.14,15700
2014-09-23,2.16,2.19,2.15,2.18,2.18,4600
2014-09-24,2.2,2.24,2.17,2.19,2.19,14400
2014-09-25,2.2,2.2,2.19,2.2,2.2,3600
2014-09-26,2.2,2.2,2.15,2.16,2.16,7900
2014-09-29,2.15,2.18,2.07,2.08,2.08,14700
2014-09-30,2.1,2.18,2.09,2.1,2.1,34100
2014-10-01,2.13,2.17,2.08,2.12,2.12,6400
2014-10-02,2.15,2.19,2.11,2.19,2.19,15900
2014-10-03,2.2,2.25,2.16,2.2,2.2,35600
2014-10-06,2.22,2.25,2.17,2.21,2.21,28100
2014-10-07,2.25,2.25,2.18,2.19,2.19,46400
2014-10-08,2.19,2.2,2.11,2.19,2.19,19400
2014-10-09,2.15,2.19,2.12,2.13,2.13,18400
2014-10-10,2.11,2.12,2.07,2.07,2.07,16700
2014-10-13,2.05,2.24,2.05,2.16,2.16,4000
2014-10-14,2.13,2.13,2.03,2.08,2.08,25700
2014-10-15,2.1,2.14,2.04,2.06,2.06,5200
2014-10-16,2.07,2.18,2.04,2.07,2.07,27900
2014-10-17,2.1,2.15,2.05,2.08,2.08,14000
2014-10-20,2.05,2.11,2.05,2.08,2.08,5200
2014-10-21,2.1,2.19,2.1,2.16,2.16,9500
2014-10-22,2.13,2.16,2.11,2.15,2.15,8300
2014-10-23,2.15,2.19,2.11,2.16,2.16,15700
2014-10-24,2.18,2.2,2.11,2.11,2.11,11600
2014-10-27,2.09,2.21,2.09,2.15,2.15,19000
2014-10-28,2.2,2.2,2.11,2.19,2.19,8500
2014-10-29,2.2,2.2,2.16,2.18,2.18,3000
2014-10-30,2.2,2.21,2.18,2.2,2.2,10900
2014-10-31,2.2,2.22,2.19,2.2,2.2,5900
2014-11-03,2.23,2.24,2.21,2.22,2.22,13800
2014-11-04,2.24,2.24,2.16,2.21,2.21,18200
2014-11-05,2.21,2.3,2.2,2.2,2.2,6600
2014-11-06,2.2,2.2,2.15,2.2,2.2,5800
2014-11-07,2.01,2.2,2.01,2.15,2.15,24100
2014-11-10,2.15,2.2,2.15,2.2,2.2,10800
2014-11-11,2.2,2.2,2.17,2.2,2.2,4900
2014-11-12,2.2,2.2,2.15,2.18,2.18,8100
2014-11-13,2.17,2.47,2.17,2.28,2.28,22200
2014-11-14,2.26,2.29,2.17,2.2,2.2,12400
2014-11-17,2.21,2.24,2.21,2.24,2.24,16500
2014-11-18,2.24,2.25,2.11,2.25,2.25,12700
2014-11-19,2.21,2.24,2.21,2.23,2.23,5600
2014-11-20,2.23,2.24,2.19,2.21,2.21,32100
2014-11-21,2.22,2.25,2.19,2.19,2.19,27200
2014-11-24,2.24,2.3,2.22,2.3,2.3,39600
2014-11-25,2.29,2.3,2.21,2.24,2.24,36100
2014-11-26,2.21,2.24,2.21,2.23,2.23,6400
2014-11-28,2.22,2.22,2.2,2.2,2.2,6000
2014-12-01,2.17,2.23,2.1,2.1,2.1,12000
2014-12-02,2.12,2.15,2.12,2.15,2.15,12200
2014-12-03,2.13,2.13,1.75,1.84,1.84,138200
2014-12-04,1.81,1.89,1.8,1.8,1.8,85600
2014-12-05,1.82,1.86,1.7,1.71,1.71,43200
2014-12-08,1.76,1.84,1.74,1.82,1.82,31900
2014-12-09,1.82,1.82,1.8,1.8,1.8,20200
2014-12-10,1.8,1.84,1.8,1.8,1.8,30200
2014-12-11,1.8,1.84,1.8,1.82,1.82,29700
2014-12-12,1.82,1.84,1.8,1.82,1.82,47200
2014-12-15,1.8,1.85,1.8,1.82,1.82,36700
2014-12-16,1.85,1.85,1.8,1.81,1.81,24000
2014-12-17,1.82,1.89,1.82,1.87,1.87,23100
2014-12-18,1.86,1.87,1.85,1.85,1.85,10500
2014-12-19,1.88,1.88,1.82,1.82,1.82,34900
2014-12-22,1.85,1.85,1.81,1.84,1.84,27600
2014-12-23,1.85,1.92,1.81,1.81,1.81,30200
2014-12-24,1.8,1.8,1.78,1.79,1.79,31300
2014-12-26,1.76,1.78,1.73,1.74,1.74,12300
2014-12-29,1.73,1.73,1.58,1.73,1.73,36400
2014-12-30,1.66,1.73,1.65,1.7,1.7,58800
2014-12-31,1.63,1.71,1.59,1.64,1.64,53100
2015-01-02,1.72,1.72,1.6,1.64,1.64,12100
2015-01-05,1.81,1.81,1.62,1.73,1.73,34600
2015-01-06,1.7,1.75,1.7,1.71,1.71,42900
2015-01-07,1.74,1.8,1.71,1.75,1.75,7100
2015-01-08,1.85,2.38,1.81,2.34,2.34,117000
2015-01-09,2.47,2.8,2.09,2.27,2.27,383800
2015-01-12,2.27,2.39,1.9,2.1,2.1,103600
2015-01-13,2.02,2.06,1.91,2.05,2.05,57800
2015-01-14,2.01,2.05,1.81,1.98,1.98,20300
2015-01-15,1.97,1.97,1.86,1.92,1.92,13700
2015-01-16,1.9,1.92,1.86,1.88,1.88,9100
2015-01-20,1.86,1.9,1.83,1.83,1.83,13000
2015-01-21,1.82,1.89,1.8,1.84,1.84,35500
2015-01-22,1.8,1.85,1.71,1.81,1.81,40400
2015-01-23,1.72,1.84,1.72,1.75,1.75,31300
2015-01-26,1.75,1.78,1.71,1.77,1.77,26500
2015-01-27,1.83,1.83,1.74,1.78,1.78,19900
2015-01-28,1.83,1.83,1.76,1.8,1.8,15800
2015-01-29,1.8,1.82,1.67,1.82,1.82,59200
2015-01-30,1.83,1.83,1.71,1.77,1.77,31000
2015-02-02,1.84,1.84,1.75,1.78,1.78,10900
2015-02-03,1.74,1.82,1.74,1.8,1.8,9100
2015-02-04,1.84,1.84,1.81,1.81,1.81,33000
2015-02-05,1.81,1.84,1.81,1.84,1.84,17600
2015-02-06,1.84,1.95,1.77,1.77,1.77,23500
2015-02-09,1.83,1.93,1.8,1.83,1.83,18100
2015-02-10,1.9,1.9,1.8,1.87,1.87,11100
2015-02-11,1.94,1.94,1.85,1.9,1.9,56000
2015-02-12,1.95,2.21,1.92,2.08,2.08,25700
2015-02-13,2.18,2.2,2.05,2.14,2.14,43600
2015-02-17,2.2,2.2,1.97,2.1,2.1,29200
2015-02-18,2.11,2.11,2.0,2.0,2.0,3800
2015-02-19,2.05,2.16,2.05,2.09,2.09,6300
2015-02-20,2.18,2.2,2.15,2.15,2.15,14800
2015-02-23,2.26,2.29,2.14,2.15,2.15,34700
2015-02-24,2.22,2.25,2.15,2.16,2.16,10800
2015-02-25,2.18,2.22,2.1,2.16,2.16,6500
2015-02-26,2.16,2.16,2.06,2.06,2.06,41400
2015-02-27,2.06,2.09,1.91,1.93,1.93,44200
2015-03-02,1.98,2.1,1.97,2.01,2.01,56900
2015-03-03,2.04,2.09,1.98,2.0,2.0,13100
2015-03-04,2.03,2.05,1.98,1.98,1.98,17700
2015-03-05,1.98,2.0,1.93,1.95,1.95,16300
2015-03-06,1.95,1.95,1.88,1.9,1.9,27000
2015-03-09,1.87,1.9,1.84,1.85,1.85,32000
2015-03-10,1.89,1.89,1.82,1.85,1.85,13300
2015-03-11,1.83,1.85,1.81,1.82,1.82,19200
2015-03-12,1.83,1.86,1.81,1.81,1.81,69200
2015-03-13,1.83,1.84,1.62,1.71,1.71,66000
2015-03-16,1.75,1.75,1.58,1.61,1.61,79700
2015-03-17,1.68,1.68,1.61,1.64,1.64,18000
2015-03-18,1.69,1.75,1.64,1.69,1.69,31900
2015-03-19,1.71,1.73,1.66,1.7,1.7,7400
2015-03-20,1.75,1.88,1.7,1.71,1.71,60500
2015-03-23,1.74,1.74,1.65,1.69,1.69,9400
2015-03-24,1.65,1.75,1.65,1.72,1.72,10700
2015-03-25,1.68,1.71,1.65,1.7,1.7,71000
2015-03-26,1.7,1.71,1.65,1.67,1.67,50500
2015-03-27,1.7,1.73,1.66,1.66,1.66,1700
2015-03-30,1.7,1.7,1.62,1.63,1.63,21800
2015-03-31,1.64,1.65,1.58,1.61,1.61,61100
2015-04-01,1.59,1.59,1.5,1.5,1.5,79700
2015-04-02,1.56,1.58,1.51,1.57,1.57,34700
2015-04-06,1.53,1.62,1.51,1.51,1.51,24100
2015-04-07,1.72,1.72,1.56,1.64,1.64,25500
2015-04-08,1.63,1.64,1.6,1.62,1.62,17700
2015-04-09,1.67,1.7,1.62,1.64,1.64,23400
2015-04-10,1.61,1.67,1.58,1.67,1.67,18400
2015-04-13,1.7,1.91,1.6,1.91,1.91,143200
2015-04-14,1.91,2.69,1.85,2.32,2.32,3112900
2015-04-15,2.43,2.63,2.15,2.22,2.22,883200
2015-04-16,2.25,2.25,2.03,2.13,2.13,235000
2015-04-17,2.14,2.19,2.03,2.04,2.04,135600
2015-04-20,2.03,2.19,1.95,2.07,2.07,90500
2015-04-21,2.09,2.13,1.97,2.02,2.02,81400
2015-04-22,2.0,2.11,2.0,2.01,2.01,61900
2015-04-23,2.02,2.12,1.94,1.94,1.94,69000
2015-04-24,2.0,2.02,1.94,2.02,2.02,51300
2015-04-27,2.08,2.17,1.95,1.96,1.96,74400
2015-04-28,1.98,1.99,1.87,1.88,1.88,51300
2015-04-29,1.88,2.03,1.86,1.91,1.91,52300
2015-04-30,1.87,1.93,1.86,1.86,1.86,44200
2015-05-01,1.86,1.98,1.86,1.96,1.96,58600
2015-05-04,1.98,2.06,1.95,2.06,2.06,66600
2015-05-05,2.03,2.09,1.92,1.98,1.98,42800
2015-05-06,1.94,2.1,1.94,2.06,2.06,136200
2015-05-07,2.09,2.14,1.95,2.09,2.09,39600
2015-05-08,2.05,2.09,1.86,2.06,2.06,96000
2015-05-11,2.02,2.02,1.91,1.93,1.93,14900
2015-05-12,1.93,1.95,1.79,1.82,1.82,48600
2015-05-13,1.83,1.93,1.73,1.8,1.8,147000
2015-05-14,1.8,1.82,1.77,1.78,1.78,11600
2015-05-15,1.77,1.83,1.77,1.83,1.83,14200
2015-05-18,1.8,1.83,1.77,1.8,1.8,10700
2015-05-19,1.93,1.93,1.8,1.9,1.9,19000
2015-05-20,1.88,1.95,1.85,1.92,1.92,39700
2015-05-21,1.94,1.94,1.86,1.94,1.94,12900
2015-05-22,1.94,1.98,1.89,1.95,1.95,31600
2015-05-26,1.98,2.03,1.77,1.98,1.98,57900
2015-05-27,1.95,2.12,1.9,1.92,1.92,90300
2015-05-28,1.91,2.09,1.9,1.95,1.95,3800
2015-05-29,1.95,1.96,1.88,1.93,1.93,5800
2015-06-01,1.89,2.04,1.85,1.93,1.93,78900
2015-06-02,1.93,2.1,1.87,1.98,1.98,180500
2015-06-03,2.49,4.44,2.34,2.79,2.79,14640300
2015-06-04,2.78,2.82,2.25,2.44,2.44,1113200
2015-06-05,2.44,2.56,2.35,2.5,2.5,404000
2015-06-08,2.45,2.52,2.27,2.28,2.28,219600
2015-06-09,2.25,2.26,2.15,2.16,2.16,216300
2015-06-10,2.25,2.33,2.17,2.22,2.22,199000
2015-06-11,2.2,2.27,2.17,2.17,2.17,131300
2015-06-12,2.18,2.33,2.17,2.31,2.31,98600
2015-06-15,2.43,2.78,2.35,2.35,2.35,1673300
2015-06-16,2.35,2.45,2.17,2.23,2.23,212500
2015-06-17,2.4,2.4,2.2,2.21,2.21,89500
2015-06-18,2.23,2.26,2.16,2.17,2.17,86700
2015-06-19,2.18,2.21,2.12,2.21,2.21,124200
2015-06-22,2.12,2.18,2.05,2.05,2.05,156100
2015-06-23,2.01,2.07,2.0,2.01,2.01,112000
2015-06-24,2.01,2.08,2.01,2.04,2.04,52900
2015-06-25,2.07,2.07,2.02,2.03,2.03,28100
2015-06-26,2.03,2.04,2.01,2.01,2.01,60600
2015-06-29,2.02,2.03,1.96,1.96,1.96,81800
2015-06-30,1.97,1.97,1.95,1.95,1.95,66000
2015-07-01,1.96,1.99,1.96,1.96,1.96,13300
2015-07-02,1.99,2.03,1.97,2.01,2.01,5900
2015-07-06,1.99,2.06,1.99,2.03,2.03,10900
2015-07-07,2.04,2.08,1.96,2.02,2.02,19000
2015-07-08,1.99,2.01,1.97,1.99,1.99,24700
2015-07-09,2.0,2.05,1.98,2.03,2.03,9800
2015-07-10,2.04,2.06,1.99,2.0,2.0,30300
2015-07-13,2.07,2.31,2.04,2.05,2.05,313500
2015-07-14,2.09,2.09,2.02,2.02,2.02,42100
2015-07-15,2.09,2.18,2.06,2.12,2.12,81700
2015-07-16,2.19,2.2,2.11,2.13,2.13,29400
2015-07-17,2.15,2.47,2.15,2.35,2.35,300700
2015-07-20,2.5,2.57,2.39,2.44,2.44,113500
2015-07-21,2.49,2.56,2.33,2.37,2.37,72200
2015-07-22,2.34,2.45,2.25,2.35,2.35,60100
2015-07-23,2.38,2.41,2.35,2.39,2.39,31200
2015-07-24,2.41,2.42,2.27,2.28,2.28,29900
2015-07-27,2.27,2.32,2.15,2.16,2.16,48500
2015-07-28,2.14,2.29,2.14,2.14,2.14,66300
2015-07-29,2.22,2.24,2.15,2.24,2.24,34000
2015-07-30,2.28,2.34,2.19,2.29,2.29,50500
2015-07-31,2.26,2.28,2.26,2.27,2.27,30000
2015-08-03,2.26,2.26,2.21,2.24,2.24,12800
2015-08-04,2.24,2.36,2.24,2.27,2.27,49800
2015-08-05,2.28,2.34,2.17,2.3,2.3,198600
2015-08-06,2.28,2.33,2.18,2.28,2.28,51500
2015-08-07,2.22,2.23,2.14,2.15,2.15,55300
2015-08-10,2.17,2.18,2.04,2.05,2.05,62200
2015-08-11,2.09,2.09,2.01,2.01,2.01,38100
2015-08-12,2.02,2.16,2.01,2.06,2.06,26900
2015-08-13,2.07,2.1,2.04,2.05,2.05,16400
2015-08-14,2.07,2.44,2.02,2.16,2.16,366500
2015-08-17,2.13,2.29,2.11,2.18,2.18,9700
2015-08-18,2.18,2.19,2.05,2.14,2.14,100300
2015-08-19,2.16,2.3,2.06,2.1,2.1,72500
2015-08-20,2.05,2.15,2.05,2.06,2.06,26100
2015-08-21,2.05,2.1,2.01,2.03,2.03,129800
2015-08-24,1.99,2.22,1.7,2.13,2.13,92100
2015-08-25,2.15,2.15,2.0,2.01,2.01,56100
2015-08-26,2.03,2.03,1.97,2.0,2.0,11400
2015-08-27,2.0,2.04,1.99,2.0,2.0,25000
2015-08-28,1.98,2.12,1.98,2.03,2.03,24200
2015-08-31,3.0,4.18,2.65,2.75,2.75,12823700
2015-09-01,2.64,2.93,2.37,2.4,2.4,751500
2015-09-02,2.51,2.51,2.25,2.36,2.36,322000
2015-09-03,2.35,2.37,2.16,2.29,2.29,244200
2015-09-04,2.23,2.47,2.23,2.47,2.47,188000
2015-09-08,2.47,2.53,2.35,2.37,2.37,97600
2015-09-09,2.37,2.43,2.23,2.23,2.23,151200
2015-09-10,2.27,2.32,2.21,2.25,2.25,44300
2015-09-11,2.21,2.71,2.21,2.38,2.38,344900
2015-09-14,2.43,2.49,2.15,2.17,2.17,308300
2015-09-15,2.18,2.31,2.17,2.19,2.19,41300
2015-09-16,2.25,2.25,2.15,2.15,2.15,62900
2015-09-17,2.18,2.2,2.14,2.14,2.14,60700
2015-09-18,2.14,2.22,2.13,2.22,2.22,60000
2015-09-21,2.2,2.25,2.14,2.16,2.16,109800
2015-09-22,2.16,2.18,2.13,2.17,2.17,69100
2015-09-23,2.13,2.18,2.13,2.15,2.15,48000
2015-09-24,2.15,2.21,2.14,2.18,2.18,24300
2015-09-25,2.18,2.2,2.12,2.14,2.14,28500
2015-09-28,2.12,2.15,2.11,2.12,2.12,56100
2015-09-29,2.13,2.16,2.11,2.13,2.13,21000
2015-09-30,2.16,2.16,2.11,2.11,2.11,46600
2015-10-01,2.11,2.12,2.03,2.07,2.07,42800
2015-10-02,2.08,2.08,2.02,2.04,2.04,24400
2015-10-05,2.08,2.2,2.06,2.19,2.19,84900
2015-10-06,2.17,2.27,2.17,2.23,2.23,33000
2015-10-07,2.25,2.25,2.14,2.18,2.18,30300
2015-10-08,2.19,2.25,2.13,2.18,2.18,24900
2015-10-09,2.15,2.25,2.11,2.22,2.22,65800
2015-10-12,2.19,2.19,2.13,2.18,2.18,1500
2015-10-13,2.12,2.16,2.12,2.14,2.14,7300
2015-10-14,2.16,2.19,2.11,2.19,2.19,8600
2015-10-15,2.16,2.2,2.13,2.19,2.19,21300
2015-10-16,2.21,2.25,2.18,2.24,2.24,34700
2015-10-19,2.25,2.38,2.24,2.28,2.28,52200
2015-10-20,2.36,2.37,2.29,2.34,2.34,18100
2015-10-21,2.29,2.35,2.29,2.33,2.33,11800
2015-10-22,2.35,2.35,2.28,2.29,2.29,8300
2015-10-23,2.34,2.34,2.2,2.2,2.2,55800
2015-10-26,2.22,2.32,2.22,2.23,2.23,5200
2015-10-27,2.27,2.28,2.23,2.26,2.26,4600
2015-10-28,2.25,2.32,2.25,2.3,2.3,16000
2015-10-29,2.3,2.38,2.3,2.31,2.31,14200
2015-10-30,2.38,2.38,2.22,2.22,2.22,14000
2015-11-02,2.24,2.38,2.24,2.28,2.28,7400
2015-11-03,2.28,2.31,2.25,2.25,2.25,26600
2015-11-04,2.25,2.28,2.25,2.25,2.25,18600
2015-11-05,2.33,2.34,2.26,2.29,2.29,35100
2015-11-06,2.3,2.5,2.29,2.31,2.31,81500
2015-11-09,2.34,2.44,2.32,2.32,2.32,9500
2015-11-10,2.38,2.54,2.36,2.48,2.48,63500
2015-11-11,2.5,2.55,2.45,2.47,2.47,46700
2015-11-12,2.45,2.54,2.36,2.36,2.36,21800
2015-11-13,2.52,2.52,2.22,2.27,2.27,47100
2015-11-16,2.25,2.32,2.25,2.31,2.31,14000
2015-11-17,2.26,2.31,2.22,2.22,2.22,17700
2015-11-18,2.23,2.3,2.23,2.24,2.24,9300
2015-11-19,2.27,2.27,2.11,2.17,2.17,32100
2015-11-20,2.21,2.34,2.17,2.23,2.23,43800
2015-11-23,2.22,2.26,2.15,2.19,2.19,30600
2015-11-24,2.21,2.29,2.15,2.23,2.23,34100
2015-11-25,2.22,2.28,2.16,2.19,2.19,14400
2015-11-27,2.22,2.3,2.22,2.3,2.3,1300
2015-11-30,2.25,2.28,2.21,2.25,2.25,32500
2015-12-01,2.29,2.37,2.22,2.23,2.23,3600
2015-12-02,2.27,2.33,2.23,2.23,2.23,9400
2015-12-03,2.24,2.24,2.17,2.21,2.21,11700
2015-12-04,2.19,2.33,2.19,2.24,2.24,22200
2015-12-07,2.24,2.25,2.2,2.2,2.2,2900
2015-12-08,2.2,2.25,2.15,2.24,2.24,12100
2015-12-09,2.2,2.22,2.17,2.19,2.19,43800
2015-12-10,2.2,2.24,2.18,2.21,2.21,12600
2015-12-11,2.2,2.24,2.2,2.23,2.23,7900
2015-12-14,2.23,2.23,2.17,2.17,2.17,15400
2015-12-15,2.16,2.28,2.16,2.21,2.21,9400
2015-12-16,2.25,2.27,2.16,2.21,2.21,20500
2015-12-17,2.24,2.24,2.18,2.2,2.2,9000
2015-12-18,2.22,2.24,2.19,2.24,2.24,5300
2015-12-21,2.27,2.34,2.18,2.31,2.31,37900
2015-12-22,2.35,2.39,2.29,2.29,2.29,36600
2015-12-23,2.39,2.4,2.26,2.3,2.3,26100
2015-12-24,2.32,2.32,2.29,2.29,2.29,8500
2015-12-28,2.33,2.39,2.22,2.27,2.27,32300
2015-12-29,2.38,2.4,2.22,2.24,2.24,34700
2015-12-30,2.29,2.31,2.22,2.25,2.25,32200
2015-12-31,2.28,2.29,2.03,2.17,2.17,47400
2016-01-04,2.17,2.23,2.03,2.05,2.05,62600
2016-01-05,2.07,2.15,2.05,2.1,2.1,14400
2016-01-06,2.07,2.16,2.06,2.09,2.09,11500
2016-01-07,2.09,2.2,2.09,2.1,2.1,35600
2016-01-08,2.2,2.22,2.06,2.09,2.09,35800
2016-01-11,2.06,2.16,1.95,1.98,1.98,60900
2016-01-12,2.0,2.03,1.76,1.76,1.76,83700
2016-01-13,1.76,1.99,1.67,1.71,1.71,89200
2016-01-14,1.81,1.81,1.55,1.59,1.59,61600
2016-01-15,1.6,1.73,1.51,1.57,1.57,61600
2016-01-19,1.6,1.7,1.54,1.63,1.63,26500
2016-01-20,1.64,1.68,1.55,1.63,1.63,15700
2016-01-21,1.62,1.72,1.57,1.72,1.72,16200
2016-01-22,1.74,1.99,1.65,1.99,1.99,30700
2016-01-25,2.01,2.07,1.86,1.98,1.98,18200
2016-01-26,1.97,2.01,1.97,2.01,2.01,4400
2016-01-27,2.05,2.08,1.85,1.85,1.85,18600
2016-01-28,1.87,2.0,1.86,1.9,1.9,16600
2016-01-29,1.86,2.0,1.86,1.99,1.99,7000
2016-02-01,1.94,2.0,1.93,1.96,1.96,3700
2016-02-02,1.9,1.94,1.9,1.9,1.9,7400
2016-02-03,1.93,1.95,1.91,1.95,1.95,2800
2016-02-04,1.91,1.91,1.86,1.88,1.88,5100
2016-02-05,1.85,1.86,1.85,1.85,1.85,12200
2016-02-08,1.85,1.85,1.8,1.8,1.8,18500
2016-02-09,1.81,1.81,1.75,1.75,1.75,6200
2016-02-10,1.8,1.81,1.73,1.73,1.73,7800
2016-02-11,1.68,1.71,1.65,1.7,1.7,19200
2016-02-12,1.7,1.84,1.7,1.78,1.78,2500
2016-02-16,1.83,1.83,1.8,1.8,1.8,4900
2016-02-17,1.8,1.85,1.75,1.85,1.85,10900
2016-02-18,1.82,1.95,1.72,1.79,1.79,46700
2016-02-19,1.84,1.84,1.71,1.82,1.82,9100
2016-02-22,1.86,1.9,1.81,1.85,1.85,19900
2016-02-23,1.81,1.92,1.77,1.8,1.8,39100
2016-02-24,1.75,1.78,1.73,1.78,1.78,5900
2016-02-25,1.86,1.86,1.71,1.75,1.75,6200
2016-02-26,1.71,1.87,1.7,1.75,1.75,25000
2016-02-29,1.82,1.98,1.73,1.73,1.73,10200
2016-03-01,1.79,1.93,1.79,1.84,1.84,9800
2016-03-02,1.82,1.82,1.79,1.8,1.8,5000
2016-03-03,1.79,1.98,1.79,1.82,1.82,8400
2016-03-04,1.8,1.8,1.76,1.76,1.76,8100
2016-03-07,1.77,1.88,1.77,1.77,1.77,5800
2016-03-08,1.73,1.89,1.73,1.81,1.81,4900
2016-03-09,1.84,1.94,1.81,1.89,1.89,12000
2016-03-10,1.9,1.94,1.82,1.86,1.86,8800
2016-03-11,1.89,1.94,1.85,1.92,1.92,20300
2016-03-14,1.98,2.06,1.88,1.99,1.99,32300
2016-03-15,1.95,1.99,1.86,1.9,1.9,8700
2016-03-16,1.89,1.91,1.88,1.91,1.91,1600
2016-03-17,1.85,1.91,1.85,1.91,1.91,13500
2016-03-18,1.91,1.91,1.82,1.82,1.82,4400
2016-03-21,1.82,1.91,1.73,1.79,1.79,15200
2016-03-22,1.75,1.78,1.73,1.76,1.76,13300
2016-03-23,1.76,1.76,1.75,1.75,1.75,1400
2016-03-24,1.75,1.76,1.74,1.76,1.76,9000
2016-03-28,1.74,1.9,1.74,1.77,1.77,17600
2016-03-29,1.83,1.88,1.76,1.77,1.77,9700
2016-03-30,1.78,1.86,1.78,1.83,1.83,14400
2016-03-31,1.84,1.87,1.82,1.83,1.83,23200
2016-04-01,1.8,1.9,1.8,1.83,1.83,3900
2016-04-04,1.8,1.89,1.8,1.89,1.89,36800
2016-04-05,1.88,2.0,1.88,1.93,1.93,15100
2016-04-06,1.9,1.92,1.9,1.9,1.9,7800
2016-04-07,1.85,1.9,1.85,1.89,1.89,13600
2016-04-08,1.87,1.9,1.81,1.85,1.85,4700
2016-04-11,1.85,2.0,1.82,1.84,1.84,27800
2016-04-12,1.85,1.89,1.81,1.81,1.81,12800
2016-04-13,1.8,1.9,1.8,1.9,1.9,15700
2016-04-14,1.97,1.99,1.8,1.8,1.8,8300
2016-04-15,1.87,1.87,1.87,1.87,1.87,600
2016-04-18,1.81,1.92,1.8,1.9,1.9,9100
2016-04-19,1.9,1.91,1.85,1.9,1.9,16000
2016-04-20,1.9,1.96,1.86,1.96,1.96,7400
2016-04-21,1.94,1.96,1.85,1.85,1.85,17700
2016-04-22,1.85,1.96,1.85,1.86,1.86,5000
2016-04-25,1.86,1.86,1.85,1.85,1.85,2900
2016-04-26,1.86,1.86,1.81,1.83,1.83,16600
2016-04-27,1.85,1.86,1.84,1.84,1.84,2500
2016-04-28,1.85,1.86,1.83,1.84,1.84,14500
2016-04-29,1.85,1.85,1.83,1.83,1.83,4300
2016-05-02,1.83,1.83,1.77,1.8,1.8,20800
2016-05-03,1.84,1.84,1.81,1.81,1.81,4100
2016-05-04,1.8,1.81,1.78,1.79,1.79,4900
2016-05-05,1.78,1.84,1.78,1.79,1.79,4700
2016-05-06,1.79,1.79,1.74,1.75,1.75,11800
2016-05-09,1.77,1.77,1.73,1.75,1.75,21400
2016-05-10,1.77,1.77,1.71,1.75,1.75,8600
2016-05-11,1.75,1.75,1.74,1.75,1.75,1600
2016-05-12,1.71,1.71,1.65,1.68,1.68,33000
2016-05-13,1.65,1.7,1.6,1.68,1.68,18000
2016-05-16,1.65,1.66,1.62,1.63,1.63,41400
2016-05-17,1.6,1.67,1.6,1.61,1.61,23100
2016-05-18,1.61,1.63,1.6,1.61,1.61,13300
2016-05-19,1.6,1.6,1.51,1.54,1.54,22400
2016-05-20,1.55,1.55,1.47,1.47,1.47,39600
2016-05-23,1.46,1.59,1.46,1.54,1.54,28700
2016-05-24,1.51,1.54,1.48,1.5,1.5,11100
2016-05-25,1.56,1.65,1.47,1.62,1.62,21000
2016-05-26,1.57,1.62,1.57,1.62,1.62,2000
2016-05-27,1.63,1.69,1.63,1.63,1.63,13200
2016-05-31,1.61,1.61,1.57,1.58,1.58,4400
2016-06-01,1.56,1.62,1.54,1.6,1.6,11700
2016-06-02,1.61,1.61,1.5,1.51,1.51,2800
2016-06-03,1.5,1.62,1.5,1.59,1.59,16400
2016-06-06,1.51,1.61,1.5,1.6,1.6,2500
2016-06-07,1.61,1.61,1.57,1.57,1.57,2700
2016-06-08,1.6,1.6,1.6,1.6,1.6,3100
2016-06-09,1.56,1.58,1.5,1.58,1.58,4800
2016-06-10,1.59,1.59,1.59,1.59,1.59,500
2016-06-13,1.55,1.59,1.49,1.58,1.58,10400
2016-06-14,1.54,1.59,1.54,1.59,1.59,1600
2016-06-15,1.58,1.66,1.58,1.66,1.66,9100
2016-06-16,1.63,1.65,1.6,1.6,1.6,5100
2016-06-17,1.6,1.67,1.6,1.6,1.6,9000
2016-06-20,1.62,1.66,1.6,1.65,1.65,7400
2016-06-21,1.63,1.63,1.62,1.62,1.62,400
2016-06-22,1.64,1.64,1.64,1.64,1.64,200
2016-06-23,1.66,1.66,1.62,1.62,1.62,1300
2016-06-24,1.61,1.62,1.61,1.61,1.61,3100
2016-06-27,1.6,1.66,1.6,1.66,1.66,4700
2016-06-28,1.63,1.64,1.63,1.64,1.64,4200
2016-06-29,1.6,1.61,1.6,1.61,1.61,12000
2016-06-30,1.64,1.64,1.6,1.6,1.6,8500
2016-07-01,1.61,1.64,1.61,1.64,1.64,2800
2016-07-05,1.63,1.63,1.63,1.63,1.63,2700
2016-07-06,1.63,1.63,1.63,1.63,1.63,0
2016-07-07,1.63,1.64,1.63,1.63,1.63,4800
2016-07-08,1.6,1.6,1.52,1.57,1.57,17200
2016-07-11,3.05,3.58,2.34,2.37,2.37,17866600
2016-07-12,2.38,2.4,2.0,2.07,2.07,2178800
2016-07-13,2.07,2.34,2.07,2.25,2.25,1092900
2016-07-14,2.23,2.23,2.05,2.11,2.11,424400
2016-07-15,2.09,2.11,1.92,1.98,1.98,395900
2016-07-18,2.15,2.18,2.02,2.06,2.06,283100
2016-07-19,2.08,2.09,1.95,1.96,1.96,126300
2016-07-20,1.95,2.03,1.95,1.95,1.95,90800
2016-07-21,1.97,2.18,1.93,2.1,2.1,415000
2016-07-22,2.12,2.18,1.99,2.14,2.14,133300
2016-07-25,2.12,2.27,2.06,2.13,2.13,382100
2016-07-26,2.15,2.17,2.03,2.1,2.1,109800
2016-07-27,2.1,2.15,2.01,2.09,2.09,84300
2016-07-28,2.1,2.14,2.07,2.1,2.1,57900
2016-07-29,2.12,2.15,2.04,2.06,2.06,40600
2016-08-01,2.07,2.1,1.9,1.95,1.95,163100
2016-08-02,1.89,1.93,1.77,1.81,1.81,300100
2016-08-03,1.81,1.88,1.8,1.81,1.81,31700
2016-08-04,1.81,1.93,1.81,1.85,1.85,34700
2016-08-05,1.87,1.94,1.85,1.91,1.91,43600
2016-08-08,1.92,2.0,1.88,1.9,1.9,172700
2016-08-09,1.9,2.07,1.87,2.07,2.07,74100
2016-08-10,2.17,2.26,2.07,2.08,2.08,201500
2016-08-11,2.11,2.15,2.01,2.03,2.03,84500
2016-08-12,2.06,2.14,2.03,2.08,2.08,32100
2016-08-15,2.09,2.09,2.0,2.03,2.03,24100
2016-08-16,2.05,2.05,1.92,1.92,1.92,86100
2016-08-17,1.93,1.93,1.88,1.88,1.88,22500
2016-08-18,1.9,1.91,1.85,1.85,1.85,44400
2016-08-19,1.88,1.93,1.85,1.9,1.9,16200
2016-08-22,1.91,1.92,1.85,1.86,1.86,9100
2016-08-23,1.85,1.92,1.81,1.82,1.82,70600
2016-08-24,1.9,1.97,1.85,1.92,1.92,54700
2016-08-25,1.92,1.92,1.85,1.86,1.86,42200
2016-08-26,1.89,1.9,1.86,1.87,1.87,23600
2016-08-29,1.87,1.91,1.83,1.88,1.88,31400
2016-08-30,1.88,1.91,1.77,1.77,1.77,56800
2016-08-31,1.84,1.87,1.75,1.75,1.75,50200
2016-09-01,1.8,1.81,1.59,1.62,1.62,234400
2016-09-02,1.6,1.73,1.6,1.72,1.72,84400
2016-09-06,1.74,1.84,1.74,1.79,1.79,49800
2016-09-07,1.86,1.9,1.73,1.73,1.73,69200
2016-09-08,1.77,1.85,1.76,1.83,1.83,46100
2016-09-09,1.8,1.87,1.74,1.75,1.75,68100
2016-09-12,1.8,1.85,1.71,1.8,1.8,85800
2016-09-13,1.8,1.83,1.71,1.83,1.83,14400
2016-09-14,1.96,2.07,1.71,1.78,1.78,995600
2016-09-15,1.77,1.81,1.77,1.8,1.8,76000
2016-09-16,1.79,1.83,1.75,1.83,1.83,140300
2016-09-19,1.82,1.82,1.75,1.78,1.78,15400
2016-09-20,1.85,1.85,1.78,1.83,1.83,45700
2016-09-21,1.81,1.83,1.81,1.83,1.83,24900
2016-09-22,1.84,1.85,1.81,1.81,1.81,27800
2016-09-23,1.81,1.85,1.81,1.85,1.85,20200
2016-09-26,1.86,1.86,1.8,1.8,1.8,19200
2016-09-27,1.87,1.97,1.86,1.87,1.87,111900
2016-09-28,1.86,1.86,1.82,1.83,1.83,9900
2016-09-29,1.84,1.85,1.81,1.81,1.81,24300
2016-09-30,1.8,1.84,1.8,1.84,1.84,19000
2016-10-03,1.82,1.84,1.8,1.83,1.83,36700
2016-10-04,1.8,1.82,1.74,1.74,1.74,57800
2016-10-05,1.75,1.76,1.74,1.75,1.75,12400
2016-10-06,1.78,1.8,1.75,1.8,1.8,20000
2016-10-07,1.8,1.8,1.77,1.78,1.78,14700
2016-10-10,1.77,1.77,1.74,1.75,1.75,4000
2016-10-11,1.75,1.75,1.73,1.73,1.73,10400
2016-10-12,1.74,1.85,1.71,1.76,1.76,89200
2016-10-13,1.76,1.94,1.74,1.75,1.75,344900
2016-10-14,1.74,1.87,1.74,1.74,1.74,27600
2016-10-17,1.74,1.75,1.66,1.66,1.66,50400
2016-10-18,1.69,1.69,1.65,1.65,1.65,29700
2016-10-19,1.65,1.68,1.65,1.67,1.67,24000
2016-10-20,1.67,1.71,1.67,1.67,1.67,26700
2016-10-21,1.67,1.71,1.67,1.7,1.7,11100
2016-10-24,1.72,1.74,1.67,1.68,1.68,25300
2016-10-25,1.69,1.69,1.68,1.68,1.68,16500
2016-10-26,1.71,1.71,1.67,1.68,1.68,30200
2016-10-27,1.68,1.69,1.62,1.66,1.66,109100
2016-10-28,1.66,1.67,1.63,1.63,1.63,23400
2016-10-31,1.65,1.66,1.6,1.6,1.6,41400
2016-11-01,1.6,1.7,1.5,1.51,1.51,106300
2016-11-02,1.5,1.64,1.5,1.51,1.51,105700
2016-11-03,1.5,1.52,1.48,1.48,1.48,55700
2016-11-04,1.5,1.5,1.43,1.47,1.47,25000
2016-11-07,1.5,1.62,1.49,1.49,1.49,12900
2016-11-08,1.5,1.5,1.44,1.45,1.45,19800
2016-11-09,1.45,1.51,1.45,1.49,1.49,24000
2016-11-10,1.51,1.66,1.51,1.59,1.59,54100
2016-11-11,1.61,1.63,1.5,1.5,1.5,35700
2016-11-14,1.51,1.54,1.5,1.54,1.54,36300
2016-11-15,1.54,1.54,1.51,1.53,1.53,6600
2016-11-16,1.54,1.55,1.5,1.54,1.54,23900
2016-11-17,1.55,1.55,1.54,1.55,1.55,4000
2016-11-18,1.55,1.55,1.5,1.55,1.55,36400
2016-11-21,1.55,1.55,1.52,1.54,1.54,21200
2016-11-22,1.55,1.66,1.52,1.6,1.6,77900
2016-11-23,1.61,1.61,1.53,1.57,1.57,57600
2016-11-25,1.6,1.66,1.59,1.65,1.65,21100
2016-11-28,1.66,1.66,1.6,1.6,1.6,3700
2016-11-29,1.58,1.63,1.58,1.59,1.59,11900
2016-11-30,1.56,1.66,1.55,1.57,1.57,10100
2016-12-01,1.6,1.66,1.57,1.62,1.62,41800
2016-12-02,1.58,1.61,1.57,1.59,1.59,4600
2016-12-05,1.57,1.69,1.57,1.65,1.65,32100
2016-12-06,1.65,1.66,1.65,1.65,1.65,9300
2016-12-07,1.67,1.67,1.55,1.55,1.55,16600
2016-12-08,1.59,1.6,1.56,1.56,1.56,15200
2016-12-09,1.56,1.59,1.56,1.57,1.57,9800
2016-12-12,1.57,1.61,1.53,1.61,1.61,16900
2016-12-13,1.64,1.65,1.57,1.58,1.58,22400
2016-12-14,1.65,1.65,1.56,1.57,1.57,8900
2016-12-15,1.58,1.59,1.56,1.57,1.57,9000
2016-12-16,1.56,1.56,1.52,1.53,1.53,18800
2016-12-19,1.52,1.54,1.51,1.52,1.52,21100
2016-12-20,1.7,1.78,1.6,1.64,1.64,146700
2016-12-21,1.61,1.66,1.56,1.59,1.59,31400
2016-12-22,1.58,1.63,1.58,1.62,1.62,21400
2016-12-23,1.61,1.64,1.55,1.64,1.64,54900
2016-12-27,1.68,1.68,1.6,1.63,1.63,12900
2016-12-28,1.62,1.66,1.62,1.63,1.63,24600
2016-12-29,1.61,1.64,1.61,1.62,1.62,12400
2016-12-30,1.65,1.65,1.61,1.61,1.61,58200
2017-01-03,1.62,1.64,1.62,1.62,1.62,8200
2017-01-04,1.65,1.67,1.62,1.63,1.63,22400
2017-01-05,1.62,1.74,1.62,1.65,1.65,41300
2017-01-06,1.66,1.7,1.66,1.66,1.66,15000
2017-01-09,1.66,1.7,1.66,1.69,1.69,8000
2017-01-10,1.7,1.86,1.7,1.86,1.86,72700
2017-01-11,1.8,1.81,1.7,1.79,1.79,32000
2017-01-12,1.91,1.98,1.75,1.75,1.75,100000
2017-01-13,1.79,1.8,1.75,1.77,1.77,13500
2017-01-17,1.77,1.78,1.72,1.75,1.75,17600
2017-01-18,1.76,1.76,1.69,1.71,1.71,26000
2017-01-19,1.72,1.85,1.71,1.72,1.72,39800
2017-01-20,1.75,1.79,1.71,1.79,1.79,3800
2017-01-23,1.77,1.9,1.75,1.78,1.78,127600
2017-01-24,1.77,1.89,1.75,1.89,1.89,33200
2017-01-25,1.84,1.88,1.76,1.85,1.85,13500
2017-01-26,1.87,1.9,1.8,1.8,1.8,26500
2017-01-27,1.8,1.85,1.75,1.76,1.76,33100
2017-01-30,1.78,1.8,1.75,1.8,1.8,11000
2017-01-31,1.88,1.88,1.85,1.85,1.85,1300
2017-02-01,1.82,1.83,1.81,1.83,1.83,1900
2017-02-02,1.8,1.85,1.75,1.84,1.84,10100
2017-02-03,1.85,1.85,1.75,1.76,1.76,12000
2017-02-06,1.75,1.82,1.75,1.79,1.79,4800
2017-02-07,1.76,1.84,1.76,1.78,1.78,4400
2017-02-08,1.82,1.85,1.77,1.81,1.81,24400
2017-02-09,1.81,1.85,1.81,1.84,1.84,4800
2017-02-10,1.85,2.46,1.83,2.07,2.07,893200
2017-02-13,2.23,2.32,2.05,2.1,2.1,373400
2017-02-14,2.1,2.12,1.91,1.96,1.96,130900
2017-02-15,1.94,2.04,1.91,2.04,2.04,51100
2017-02-16,2.03,2.04,1.94,2.0,2.0,40000
2017-02-17,2.0,2.01,1.91,1.99,1.99,34200
2017-02-21,1.98,1.99,1.92,1.98,1.98,10700
2017-02-22,2.0,2.11,1.97,2.02,2.02,28400
2017-02-23,2.05,2.05,1.93,1.97,1.97,31500
2017-02-24,2.01,2.04,1.96,1.97,1.97,13100
2017-02-27,1.93,2.02,1.93,2.02,2.02,25100
2017-02-28,2.02,2.02,1.94,1.94,1.94,36200
2017-03-01,1.95,2.08,1.95,1.98,1.98,39400
2017-03-02,2.0,2.07,2.0,2.01,2.01,26200
2017-03-03,2.07,2.18,2.05,2.12,2.12,107000
2017-03-06,2.15,2.39,2.13,2.25,2.25,227300
2017-03-07,2.33,2.33,2.17,2.18,2.18,98900
2017-03-08,2.16,2.28,2.16,2.21,2.21,53200
2017-03-09,2.23,2.27,2.19,2.27,2.27,59600
2017-03-10,2.41,2.41,2.09,2.1,2.1,193500
2017-03-13,2.17,2.17,1.99,2.0,2.0,75900
2017-03-14,2.08,2.08,1.95,2.0,2.0,51400
2017-03-15,2.03,2.09,2.01,2.05,2.05,22800
2017-03-16,2.06,2.24,2.04,2.24,2.24,55000
2017-03-17,2.22,2.28,2.05,2.22,2.22,117500
2017-03-20,2.25,2.25,2.08,2.11,2.11,27100
2017-03-21,2.08,2.09,2.05,2.05,2.05,3600
2017-03-22,2.04,2.07,2.02,2.04,2.04,36100
2017-03-23,2.03,2.06,1.99,1.99,1.99,32900
2017-03-24,2.04,2.05,1.99,2.04,2.04,25200
2017-03-27,2.05,2.1,2.01,2.09,2.09,2800
2017-03-28,2.02,2.11,2.01,2.04,2.04,7900
2017-03-29,2.11,2.11,2.07,2.09,2.09,8400
2017-03-30,2.07,2.13,2.07,2.13,2.13,18200
2017-03-31,2.13,2.13,2.08,2.09,2.09,11700
2017-04-03,2.06,2.15,2.06,2.1,2.1,16600
2017-04-04,2.09,2.1,2.03,2.04,2.04,7400
2017-04-05,2.05,2.1,2.03,2.03,2.03,5300
2017-04-06,2.03,2.06,2.02,2.02,2.02,6900
2017-04-07,2.03,2.1,2.03,2.04,2.04,44000
2017-04-10,2.05,2.07,2.02,2.04,2.04,22600
2017-04-11,2.06,2.13,2.02,2.03,2.03,24600
2017-04-12,2.02,2.08,2.02,2.03,2.03,20800
2017-04-13,2.04,2.1,2.04,2.04,2.04,6100
2017-04-17,2.05,2.09,2.02,2.03,2.03,18000
2017-04-18,2.05,2.05,2.02,2.02,2.02,1400
2017-04-19,2.02,2.2,2.02,2.05,2.05,98400
2017-04-20,2.09,2.1,2.06,2.07,2.07,29000
2017-04-21,2.09,2.11,2.05,2.05,2.05,19900
2017-04-24,2.06,2.12,2.04,2.04,2.04,18300
2017-04-25,2.05,2.08,2.03,2.04,2.04,21500
2017-04-26,2.04,2.06,2.02,2.04,2.04,8800
2017-04-27,2.02,2.03,2.02,2.02,2.02,45900
2017-04-28,2.02,2.05,2.02,2.02,2.02,10400
2017-05-01,2.02,2.04,2.02,2.02,2.02,13700
2017-05-02,2.02,2.03,2.02,2.02,2.02,13300
2017-05-03,2.01,2.17,2.01,2.07,2.07,55100
2017-05-04,2.16,2.16,2.02,2.05,2.05,8600
2017-05-05,2.07,2.1,2.05,2.1,2.1,18500
2017-05-08,2.1,2.18,2.1,2.11,2.11,66500
2017-05-09,2.09,2.2,2.09,2.16,2.16,18800
2017-05-10,2.21,2.24,2.17,2.18,2.18,32900
2017-05-11,2.24,2.24,2.15,2.23,2.23,8800
2017-05-12,2.25,2.34,2.11,2.26,2.26,133300
2017-05-15,2.3,2.3,2.16,2.18,2.18,21700
2017-05-16,2.18,2.18,2.12,2.15,2.15,17700
2017-05-17,2.12,2.18,2.12,2.13,2.13,24700
2017-05-18,2.15,2.19,2.15,2.18,2.18,7000
2017-05-19,2.2,2.21,2.18,2.21,2.21,21700
2017-05-22,2.25,2.26,2.17,2.2,2.2,10500
2017-05-23,2.24,2.25,2.22,2.23,2.23,4300
2017-05-24,2.2,2.29,2.2,2.27,2.27,30000
2017-05-25,2.3,2.32,2.26,2.3,2.3,20500
2017-05-26,2.26,2.3,2.25,2.3,2.3,5100
2017-05-30,2.27,2.3,2.15,2.2,2.2,15900
2017-05-31,2.18,2.2,2.13,2.15,2.15,19600
2017-06-01,2.15,2.2,2.15,2.15,2.15,20100
2017-06-02,2.13,2.19,2.13,2.16,2.16,8500
2017-06-05,2.16,2.17,2.15,2.16,2.16,8800
2017-06-06,2.15,2.24,2.15,2.21,2.21,26200
2017-06-07,2.29,2.29,2.21,2.24,2.24,10200
2017-06-08,2.25,2.38,2.23,2.38,2.38,59900
2017-06-09,2.43,2.43,2.35,2.35,2.35,62700
2017-06-12,2.35,2.35,2.27,2.28,2.28,8600
2017-06-13,2.28,2.31,2.25,2.27,2.27,13400
2017-06-14,2.19,2.29,2.13,2.24,2.24,16000
2017-06-15,2.22,2.25,2.16,2.23,2.23,16900
2017-06-16,2.24,2.35,2.24,2.28,2.28,19300
2017-06-19,2.3,2.34,2.3,2.32,2.32,9500
2017-06-20,2.33,2.4,2.33,2.39,2.39,77500
2017-06-21,2.39,2.4,2.36,2.38,2.38,24000
2017-06-22,2.35,2.38,2.35,2.35,2.35,13900
2017-06-23,2.37,2.4,2.37,2.39,2.39,33800
2017-06-26,2.38,2.38,2.32,2.35,2.35,18500
2017-06-27,2.37,2.4,2.36,2.4,2.4,3900
2017-06-28,2.4,2.4,2.35,2.36,2.36,15800
2017-06-29,2.38,2.38,2.36,2.36,2.36,4100
2017-06-30,2.38,2.4,2.38,2.39,2.39,13500
2017-07-03,2.4,2.64,2.4,2.62,2.62,199100
2017-07-05,2.69,2.98,2.65,2.9,2.9,478700
2017-07-06,2.9,2.91,2.8,2.85,2.85,107900
2017-07-07,2.9,2.9,2.8,2.89,2.89,62000
2017-07-10,2.9,2.93,2.85,2.91,2.91,38300
2017-07-11,2.92,2.94,2.88,2.89,2.89,71400
2017-07-12,2.9,3.15,2.9,3.11,3.11,254900
2017-07-13,3.2,3.39,3.13,3.38,3.38,307300
2017-07-14,3.7,3.74,3.32,3.4,3.4,671800
2017-07-17,3.44,3.59,3.3,3.53,3.53,226500
2017-07-18,3.53,3.53,3.36,3.46,3.46,50900
2017-07-19,3.45,3.45,3.31,3.34,3.34,83800
2017-07-20,3.3,3.3,2.95,3.11,3.11,168900
2017-07-21,3.11,3.31,3.1,3.22,3.22,32300
2017-07-24,3.26,3.31,3.12,3.22,3.22,28100
2017-07-25,3.25,3.35,3.25,3.28,3.28,35900
2017-07-26,3.31,3.42,3.31,3.4,3.4,73500
2017-07-27,3.41,3.48,3.28,3.42,3.42,63400
2017-07-28,3.35,3.5,3.35,3.5,3.5,77400
2017-07-31,3.5,3.59,3.3,3.45,3.45,45100
2017-08-01,3.5,3.51,3.4,3.48,3.48,25100
2017-08-02,3.5,3.78,3.5,3.71,3.71,133000
2017-08-03,3.73,3.95,3.55,3.88,3.88,211800
2017-08-04,3.87,3.87,3.66,3.74,3.74,193400
2017-08-07,3.73,3.8,3.55,3.75,3.75,46200
2017-08-08,3.77,3.8,3.59,3.7,3.7,32800
2017-08-09,3.7,3.75,3.65,3.66,3.66,50200
2017-08-10,3.75,3.8,3.51,3.6,3.6,98900
2017-08-11,3.6,3.8,3.6,3.8,3.8,199200
2017-08-14,3.8,3.8,3.76,3.8,3.8,45200
2017-08-15,3.77,4.09,3.68,3.96,3.96,464800
2017-08-16,4.01,4.2,3.93,4.17,4.17,293600
2017-08-17,4.2,4.6,4.12,4.59,4.59,259800
2017-08-18,4.62,4.7,4.3,4.35,4.35,168000
2017-08-21,4.35,4.48,4.3,4.48,4.48,70600
2017-08-22,4.49,4.82,4.49,4.68,4.68,195600
2017-08-23,4.74,5.1,4.73,4.87,4.87,351600
2017-08-24,4.95,5.02,4.38,4.4,4.4,363900
2017-08-25,4.33,4.64,4.33,4.43,4.43,107300
2017-08-28,4.47,4.64,4.4,4.51,4.51,193800
2017-08-29,4.5,4.8,4.5,4.71,4.71,143500
2017-08-30,4.77,4.99,4.64,4.99,4.99,202100
2017-08-31,4.99,5.01,4.71,4.74,4.74,288200
2017-09-01,4.79,5.03,4.73,4.86,4.86,333100
2017-09-05,4.99,4.99,4.76,4.87,4.87,210700
2017-09-06,4.8,4.95,4.64,4.73,4.73,189600
2017-09-07,4.75,4.81,4.62,4.72,4.72,116400
2017-09-08,4.75,4.9,4.75,4.78,4.78,194600
2017-09-11,4.83,4.83,4.53,4.72,4.72,112300
2017-09-12,4.75,4.8,4.64,4.74,4.74,47100
2017-09-13,4.7,4.8,4.65,4.73,4.73,74900
2017-09-14,4.75,4.75,4.56,4.74,4.74,45500
2017-09-15,4.67,4.85,4.65,4.85,4.85,129900
2017-09-18,4.76,5.29,4.76,5.29,5.29,947800
2017-09-19,5.37,5.91,5.03,5.15,5.15,898900
2017-09-20,5.12,5.49,5.0,5.02,5.02,183000
2017-09-21,5.04,5.18,5.03,5.08,5.08,81400
2017-09-22,5.1,5.45,5.1,5.39,5.39,132200
2017-09-25,5.45,5.46,5.19,5.28,5.28,196100
2017-09-26,5.34,5.57,5.34,5.56,5.56,168600
2017-09-27,5.6,5.6,5.4,5.5,5.5,171000
2017-09-28,5.59,5.74,5.51,5.68,5.68,130000
2017-09-29,5.7,5.8,5.65,5.71,5.71,76000
2017-10-02,5.86,5.86,5.52,5.64,5.64,112200
2017-10-03,5.56,5.63,5.06,5.4,5.4,266600
2017-10-04,5.37,5.63,5.37,5.62,5.62,106100
2017-10-05,5.6,5.8,5.5,5.76,5.76,215500
2017-10-06,5.78,5.81,5.66,5.75,5.75,69700
2017-10-09,5.72,5.77,5.67,5.72,5.72,47200
2017-10-10,5.75,5.89,5.48,5.6,5.6,148400
2017-10-11,5.53,5.63,5.49,5.57,5.57,76900
2017-10-12,5.6,5.64,5.51,5.54,5.54,44200
2017-10-13,5.6,5.64,5.35,5.54,5.54,200200
2017-10-16,5.49,5.55,5.36,5.49,5.49,80900
2017-10-17,5.46,5.78,5.42,5.77,5.77,118900
2017-10-18,5.8,6.21,5.8,6.1,6.1,472600
2017-10-19,7.0,7.53,6.15,6.36,6.36,1620200
2017-10-20,6.36,6.58,6.1,6.43,6.43,173600
2017-10-23,6.56,6.91,6.24,6.62,6.62,288400
2017-10-24,6.65,6.91,6.55,6.9,6.9,212100
2017-10-25,6.87,6.87,5.96,5.98,5.98,414900
2017-10-26,5.86,5.9,5.38,5.7,5.7,257400
2017-10-27,5.63,5.89,5.61,5.81,5.81,107800
2017-10-30,5.81,5.94,5.34,5.55,5.55,210100
2017-10-31,5.5,5.86,5.5,5.75,5.75,89900
2017-11-01,5.79,5.79,5.47,5.6,5.6,75800
2017-11-02,5.59,5.59,5.38,5.42,5.42,74500
2017-11-03,5.4,5.46,5.35,5.36,5.36,54100
2017-11-06,5.48,5.48,5.11,5.18,5.18,149400
2017-11-07,5.18,5.25,4.91,4.98,4.98,191800
2017-11-08,4.96,5.05,4.88,5.01,5.01,110300
2017-11-09,5.0,5.16,4.9,5.15,5.15,81200
2017-11-10,5.86,6.01,5.25,5.91,5.91,412600
2017-11-13,5.96,6.25,5.74,6.21,6.21,173700
2017-11-14,6.21,6.27,6.05,6.09,6.09,139800
2017-11-15,6.04,6.16,5.83,6.16,6.16,54300
2017-11-16,6.25,6.3,5.68,5.69,5.69,186800
2017-11-17,5.7,6.02,5.7,5.92,5.92,98600
2017-11-20,5.97,6.18,5.9,6.11,6.11,84800
2017-11-21,6.11,6.18,5.82,6.15,6.15,127300
2017-11-22,6.12,6.12,5.65,5.72,5.72,172400
2017-11-24,5.72,5.93,5.61,5.83,5.83,32600
2017-11-27,5.73,5.95,5.7,5.71,5.71,80300
2017-11-28,5.69,5.77,5.51,5.54,5.54,114500
2017-11-29,5.7,5.88,5.53,5.61,5.61,62000
2017-11-30,5.67,5.81,5.59,5.69,5.69,48900
2017-12-01,5.73,5.73,5.35,5.42,5.42,87500
2017-12-04,5.5,5.86,5.27,5.29,5.29,75200
2017-12-05,5.26,5.38,5.09,5.25,5.25,103100
2017-12-06,5.34,5.35,5.17,5.22,5.22,37000
2017-12-07,5.22,5.68,5.22,5.37,5.37,76300
2017-12-08,5.38,5.54,5.35,5.42,5.42,33100
2017-12-11,5.46,5.6,5.32,5.57,5.57,43600
2017-12-12,5.6,5.63,5.33,5.44,5.44,30300
2017-12-13,5.44,5.65,5.44,5.64,5.64,21700
2017-12-14,5.65,5.87,5.6,5.85,5.85,60600
2017-12-15,5.88,5.89,5.75,5.79,5.79,35400
2017-12-18,5.84,6.1,5.78,5.99,5.99,145700
2017-12-19,6.02,6.06,5.79,5.86,5.86,44700
2017-12-20,5.9,5.97,5.77,5.88,5.88,24700
2017-12-21,5.9,6.25,5.84,6.15,6.15,132600
2017-12-22,6.18,6.39,6.16,6.38,6.38,114700
2017-12-26,6.38,6.42,6.16,6.36,6.36,70900
2017-12-27,6.38,6.4,6.06,6.34,6.34,43400
2017-12-28,6.36,6.36,6.15,6.17,6.17,53100
2017-12-29,6.2,6.2,5.9,6.0,6.0,75900
2018-01-02,6.0,6.06,5.85,5.96,5.96,40300
2018-01-03,5.94,5.98,5.65,5.85,5.85,103100
2018-01-04,6.02,6.21,5.66,5.89,5.89,103400
2018-01-05,5.92,6.09,5.92,6.03,6.03,38100
2018-01-08,6.06,6.09,5.78,5.79,5.79,42000
2018-01-09,5.82,6.07,5.65,5.72,5.72,56800
2018-01-10,5.7,5.76,5.61,5.71,5.71,58200
2018-01-11,5.66,5.82,5.56,5.81,5.81,73200
2018-01-12,5.83,5.89,5.71,5.71,5.71,31800
2018-01-16,5.62,5.74,5.52,5.6,5.6,104700
2018-01-17,5.6,5.66,5.55,5.63,5.63,26100
2018-01-18,5.62,5.81,5.61,5.74,5.74,30800
2018-01-19,5.7,5.73,5.55,5.62,5.62,47500
2018-01-22,5.66,5.7,5.52,5.6,5.6,29800
2018-01-23,5.51,5.8,5.4,5.73,5.73,166500
2018-01-24,5.95,5.95,5.62,5.79,5.79,51900
2018-01-25,5.79,5.9,5.79,5.9,5.9,30200
2018-01-26,5.9,5.9,5.8,5.85,5.85,38000
2018-01-29,5.87,5.87,5.55,5.55,5.55,66400
2018-01-30,5.52,5.54,5.4,5.43,5.43,62400
2018-01-31,5.52,5.54,5.39,5.42,5.42,34100
2018-02-01,5.39,5.45,5.3,5.33,5.33,50200
2018-02-02,5.27,5.37,5.25,5.27,5.27,41200
2018-02-05,5.19,5.2,4.69,4.73,4.73,194900
2018-02-06,4.63,5.05,4.63,4.86,4.86,160100
2018-02-07,4.78,5.22,4.78,4.9,4.9,25400
2018-02-08,4.9,4.97,4.69,4.79,4.79,50500
2018-02-09,4.91,5.08,4.72,4.85,4.85,95800
2018-02-12,4.9,5.04,4.9,4.99,4.99,30200
2018-02-13,5.1,5.31,4.98,5.23,5.23,72200
2018-02-14,5.33,5.5,5.31,5.37,5.37,46900
2018-02-15,5.45,5.45,5.23,5.28,5.28,48500
2018-02-16,5.33,5.39,5.27,5.33,5.33,22300
2018-02-20,5.27,5.42,5.25,5.29,5.29,15500
2018-02-21,5.27,5.39,5.27,5.31,5.31,8300
2018-02-22,5.3,5.38,5.25,5.26,5.26,30200
2018-02-23,5.26,5.34,5.25,5.28,5.28,10700
2018-02-26,5.36,5.42,5.25,5.25,5.25,21100
2018-02-27,5.25,5.26,5.16,5.21,5.21,16700
2018-02-28,5.2,5.4,5.15,5.17,5.17,13300
2018-03-01,5.21,5.21,5.04,5.07,5.07,20000
2018-03-02,5.02,5.26,5.0,5.16,5.16,16000
2018-03-05,5.19,5.35,5.17,5.3,5.3,20600
2018-03-06,5.34,5.58,5.34,5.55,5.55,38700
2018-03-07,5.55,5.91,5.55,5.86,5.86,66900
2018-03-08,5.97,6.2,5.76,5.99,5.99,169100
2018-03-09,6.1,6.1,5.3,5.6,5.6,196000
2018-03-12,5.73,5.73,5.14,5.14,5.14,147200
2018-03-13,5.22,5.38,5.19,5.26,5.26,62800
2018-03-14,5.29,5.46,5.2,5.37,5.37,34300
2018-03-15,5.39,5.39,5.25,5.26,5.26,48400
2018-03-16,5.25,5.27,5.15,5.25,5.25,47100
2018-03-19,5.28,5.5,5.25,5.38,5.38,23800
2018-03-20,5.27,5.48,5.27,5.48,5.48,55100
2018-03-21,5.45,5.68,5.34,5.39,5.39,27700
2018-03-22,5.34,5.41,5.21,5.32,5.32,34900
2018-03-23,5.33,5.33,5.21,5.29,5.29,28400
2018-03-26,5.37,5.41,5.22,5.23,5.23,18500
2018-03-27,5.25,5.25,5.08,5.09,5.09,37400
2018-03-28,5.09,5.13,4.85,5.07,5.07,104300
2018-03-29,5.07,5.32,4.98,5.13,5.13,30600
2018-04-02,5.5,6.22,5.49,6.18,6.18,490900
2018-04-03,6.22,6.58,5.88,6.55,6.55,331800
2018-04-04,6.49,7.1,6.28,6.96,6.96,451200
2018-04-05,7.1,7.1,6.59,6.89,6.89,126900
2018-04-06,6.78,7.5,6.71,7.17,7.17,212700
2018-04-09,7.2,7.83,7.19,7.44,7.44,500300
2018-04-10,7.43,7.49,6.72,7.05,7.05,267600
2018-04-11,7.02,7.19,6.93,7.02,7.02,98900
2018-04-12,7.03,7.37,6.9,7.17,7.17,157700
2018-04-13,7.25,7.35,7.15,7.23,7.23,91900
2018-04-16,7.34,7.5,7.0,7.12,7.12,305700
2018-04-17,7.04,7.57,7.02,7.52,7.52,231700
2018-04-18,7.55,7.55,7.31,7.38,7.38,81300
2018-04-19,7.4,7.4,7.15,7.33,7.33,53100
2018-04-20,7.34,7.36,7.25,7.33,7.33,24000
2018-04-23,7.28,7.34,7.19,7.21,7.21,42000
2018-04-24,7.21,7.3,7.05,7.07,7.07,43700
2018-04-25,7.05,7.25,6.92,7.21,7.21,35800
2018-04-26,7.24,7.24,7.06,7.13,7.13,42700
2018-04-27,7.11,7.25,7.05,7.22,7.22,30100
2018-04-30,7.24,7.3,7.07,7.23,7.23,43400
2018-05-01,7.17,7.18,7.02,7.16,7.16,51400
2018-05-02,7.1,7.28,7.1,7.21,7.21,24400
2018-05-03,7.19,7.3,7.13,7.25,7.25,40100
2018-05-04,7.25,7.75,7.2,7.49,7.49,120000
2018-05-07,7.57,8.23,7.57,7.82,7.82,260000
2018-05-08,7.99,8.24,7.62,8.03,8.03,66300
2018-05-09,8.24,8.45,8.03,8.27,8.27,143900
2018-05-10,8.33,8.4,7.94,8.25,8.25,89300
2018-05-11,8.5,8.5,7.69,7.96,7.96,124800
2018-05-14,7.96,8.84,7.95,8.62,8.62,256400
2018-05-15,8.69,8.9,8.48,8.9,8.9,162000
2018-05-16,8.9,9.0,8.45,8.66,8.66,172400
2018-05-17,8.66,9.15,8.62,9.05,9.05,122500
2018-05-18,9.05,9.21,8.83,8.91,8.91,93800
2018-05-21,8.92,9.2,8.5,8.92,8.92,163200
2018-05-22,8.9,9.25,8.82,9.17,9.17,89400
2018-05-23,9.24,9.3,8.5,9.05,9.05,176300
2018-05-24,9.01,9.62,9.01,9.51,9.51,199800
2018-05-25,9.57,9.68,9.27,9.51,9.51,116600
2018-05-29,9.51,10.13,9.36,10.03,10.03,220100
2018-05-30,10.0,10.51,9.94,10.46,10.46,201800
2018-05-31,10.6,10.9,10.34,10.71,10.71,407200
2018-06-01,10.7,10.8,9.34,10.28,10.28,261500
2018-06-04,10.36,10.4,10.12,10.37,10.37,108500
2018-06-05,10.41,10.5,10.21,10.39,10.39,71600
2018-06-06,10.38,10.39,9.93,10.36,10.36,119600
2018-06-07,10.38,11.05,10.17,10.34,10.34,223100
2018-06-08,10.51,10.53,10.05,10.21,10.21,90700
2018-06-11,10.14,10.8,10.14,10.72,10.72,177100
2018-06-12,10.8,11.0,10.76,10.95,10.95,108700
2018-06-13,10.99,11.49,10.91,11.27,11.27,219800
2018-06-14,11.36,12.0,11.35,11.87,11.87,331800
2018-06-15,12.0,12.93,11.99,12.87,12.87,406300
2018-06-18,12.99,13.99,11.56,13.49,13.49,973400
2018-06-19,13.57,13.8,13.03,13.45,13.45,191900
2018-06-20,13.55,13.72,12.59,12.99,12.99,224000
2018-06-21,12.92,13.13,11.5,11.52,11.52,370500
2018-06-22,11.85,12.7,11.54,12.61,12.61,255200
2018-06-25,12.47,12.47,11.88,12.02,12.02,128700
2018-06-26,11.88,12.67,11.75,12.17,12.17,133600
2018-06-27,12.0,12.3,11.53,11.58,11.58,102300
2018-06-28,11.06,11.58,10.5,11.41,11.41,292500
2018-06-29,11.41,11.96,11.09,11.41,11.41,106600
2018-07-02,13.27,15.49,12.77,14.99,14.99,1290800
2018-07-03,15.0,17.75,14.5,16.700001,16.700001,763000
2018-07-05,16.700001,17.48,15.4,16.67,16.67,502700
2018-07-06,16.620001,17.23,16.41,17.02,17.02,248300
2018-07-09,17.18,18.120001,15.7,16.93,16.93,624900
2018-07-10,16.809999,17.5,16.5,17.25,17.25,325100
2018-07-11,17.059999,17.33,16.299999,17.200001,17.200001,245400
2018-07-12,17.559999,19.639999,17.32,19.0,19.0,574900
2018-07-13,18.959999,20.799999,18.93,19.790001,19.790001,841000
2018-07-16,20.1,21.16,19.76,20.959999,20.959999,614100
2018-07-17,21.0,22.860001,19.51,20.41,20.41,760900
2018-07-18,20.290001,20.4,19.07,20.16,20.16,430300
2018-07-19,20.16,21.34,20.049999,21.120001,21.120001,204200
2018-07-20,21.120001,22.059999,21.0,21.99,21.99,266400
2018-07-23,21.99,22.389999,21.040001,21.360001,21.360001,274900
2018-07-24,21.5,21.540001,18.85,19.82,19.82,488800
2018-07-25,19.5,20.309999,19.110001,20.09,20.09,209100
2018-07-26,20.0,20.700001,19.75,20.629999,20.629999,171400
2018-07-27,20.459999,21.139999,19.26,19.6,19.6,186300
2018-07-30,19.389999,19.43,16.879999,17.74,17.74,629400
2018-07-31,17.469999,19.299999,16.9,19.059999,19.059999,351000
2018-08-01,20.65,20.65,18.68,19.27,19.27,139900
2018-08-02,19.24,19.27,18.51,19.0,19.0,141300
2018-08-03,19.0,19.110001,18.08,18.67,18.67,117100
2018-08-06,18.459999,19.450001,18.209999,18.85,18.85,143300
2018-08-07,19.0,19.450001,18.879999,19.299999,19.299999,194500
2018-08-08,19.299999,20.879999,19.07,20.709999,20.709999,247500
2018-08-09,22.0,22.200001,18.219999,19.860001,19.860001,591000
2018-08-10,19.07,20.459999,19.07,19.719999,19.719999,304500
2018-08-13,19.700001,21.540001,19.700001,20.540001,20.540001,519800
2018-08-14,21.299999,21.379999,19.9,20.5,20.5,157000
2018-08-15,20.030001,20.25,18.700001,19.66,19.66,258100
2018-08-16,19.620001,19.620001,18.879999,19.290001,19.290001,159300
2018-08-17,19.190001,19.860001,19.0,19.75,19.75,121100
2018-08-20,19.85,20.82,19.85,20.809999,20.809999,267100
2018-08-21,20.75,24.73,20.700001,24.139999,24.139999,948000
2018-08-22,24.35,24.98,22.57,23.49,23.49,582500
2018-08-23,23.35,26.35,23.35,24.93,24.93,582200
2018-08-24,25.780001,26.299999,25.01,25.48,25.48,445000
2018-08-27,25.549999,25.950001,23.870001,24.200001,24.200001,360800
2018-08-28,24.209999,24.940001,22.65,24.27,24.27,401300
2018-08-29,24.24,24.639999,23.66,23.940001,23.940001,194200
2018-08-30,23.639999,25.4,23.5,24.200001,24.200001,447700
2018-08-31,24.24,24.469999,23.639999,23.959999,23.959999,190600
2018-09-04,23.959999,24.4,23.299999,23.450001,23.450001,228200
2018-09-05,23.32,23.32,19.280001,20.139999,20.139999,970600
2018-09-06,20.52,20.65,18.200001,18.65,18.65,536100
2018-09-07,18.790001,21.469999,18.790001,21.190001,21.190001,637800
2018-09-10,21.5,22.0,19.76,20.02,20.02,389300
2018-09-11,19.530001,20.42,19.049999,19.58,19.58,430600
2018-09-12,19.5,20.18,18.99,19.08,19.08,259100
2018-09-13,19.139999,19.6,17.59,18.15,18.15,575000
2018-09-14,17.9,18.809999,17.9,18.52,18.52,348500
2018-09-17,18.43,18.6,18.01,18.110001,18.110001,311600
2018-09-18,18.1,18.48,17.5,17.9,17.9,224800
2018-09-19,17.93,17.93,16.809999,17.370001,17.370001,333800
2018-09-20,17.4,17.959999,17.07,17.639999,17.639999,250700
2018-09-21,17.68,18.09,17.200001,17.35,17.35,215900
2018-09-24,17.309999,17.76,17.0,17.1,17.1,109600
2018-09-25,17.1,17.799999,16.92,17.530001,17.530001,155000
2018-09-26,17.559999,17.559999,16.4,16.700001,16.700001,286700
2018-09-27,16.6,17.299999,15.9,17.23,17.23,254100
2018-09-28,17.15,17.700001,16.84,17.5,17.5,104600
2018-10-01,17.530001,18.200001,16.42,17.17,17.17,389300
2018-10-02,17.16,17.16,15.77,16.51,16.51,313100
2018-10-03,16.469999,16.809999,13.26,13.89,13.89,865000
2018-10-04,13.94,13.97,12.32,13.41,13.41,483400
2018-10-05,13.31,13.88,13.03,13.63,13.63,304500
2018-10-08,13.41,13.73,12.6,12.96,12.96,305200
2018-10-09,12.78,13.8,12.76,13.22,13.22,190600
2018-10-10,13.12,13.2,12.7,12.7,12.7,153700
2018-10-11,12.56,12.99,12.14,12.32,12.32,184400
2018-10-12,12.39,13.04,12.32,12.89,12.89,209300
2018-10-15,12.85,12.93,12.25,12.29,12.29,190700
2018-10-16,12.37,13.5,12.2,13.17,13.17,116300
2018-10-17,13.2,13.42,12.7,13.26,13.26,126500
2018-10-18,13.16,13.47,12.6,12.73,12.73,83200
2018-10-19,12.77,12.85,12.37,12.41,12.41,78600
2018-10-22,12.45,12.98,12.34,12.68,12.68,103300
2018-10-23,12.32,12.58,11.61,12.48,12.48,196800
2018-10-24,12.39,13.54,12.39,12.91,12.91,182400
2018-10-25,13.03,14.03,12.76,13.52,13.52,135000
2018-10-26,13.27,13.52,12.52,12.62,12.62,127500
2018-10-29,12.79,12.98,12.02,12.26,12.26,80100
2018-10-30,12.04,12.67,12.01,12.38,12.38,85000
2018-10-31,12.44,12.88,12.44,12.72,12.72,107800
2018-11-01,12.75,12.93,11.85,12.53,12.53,187400
2018-11-02,12.55,12.92,12.02,12.29,12.29,71400
2018-11-05,12.31,12.81,12.14,12.36,12.36,117100
2018-11-06,12.31,12.31,11.69,11.8,11.8,198800
2018-11-07,11.79,12.17,11.5,12.12,12.12,181400
2018-11-08,12.15,12.32,11.6,12.28,12.28,135100
2018-11-09,11.95,14.7,11.95,13.94,13.94,427300
2018-11-12,13.9,14.44,11.4,11.59,11.59,516100
2018-11-13,11.61,12.22,11.14,11.15,11.15,155100
2018-11-14,11.21,11.21,10.14,10.63,10.63,186300
2018-11-15,10.58,10.94,10.26,10.44,10.44,206300
2018-11-16,10.45,11.19,10.35,11.0,11.0,121900
2018-11-19,11.0,11.0,9.86,10.03,10.03,234700
2018-11-20,9.76,10.57,9.67,10.45,10.45,110600
2018-11-21,10.41,10.91,9.77,10.75,10.75,181300
2018-11-23,10.64,10.97,10.5,10.64,10.64,99800
2018-11-26,10.59,10.91,10.14,10.25,10.25,157200
2018-11-27,10.22,10.43,9.92,10.33,10.33,63200
2018-11-28,10.29,10.74,9.91,10.72,10.72,100600
2018-11-29,10.7,11.67,10.5,11.33,11.33,154600
2018-11-30,11.3,12.03,11.04,11.97,11.97,199300
2018-12-03,12.38,12.57,12.05,12.29,12.29,209700
2018-12-04,12.25,12.41,11.31,11.46,11.46,146600
2018-12-06,11.21,12.04,10.91,12.02,12.02,114100
2018-12-07,11.95,12.21,11.04,11.17,11.17,156000
2018-12-10,11.1,11.41,10.8,11.27,11.27,130300
2018-12-11,11.34,11.84,11.15,11.54,11.54,110600
2018-12-12,11.6,12.35,11.6,12.01,12.01,144400
2018-12-13,12.15,12.15,11.0,11.07,11.07,162100
2018-12-14,10.88,11.26,10.76,11.09,11.09,82100
2018-12-17,10.93,11.27,10.47,10.6,10.6,97300
2018-12-18,10.65,10.9,10.46,10.78,10.78,184500
2018-12-19,10.84,10.94,10.41,10.6,10.6,177100
2018-12-20,10.53,10.62,9.49,9.81,9.81,281100
2018-12-21,9.98,9.99,9.15,9.5,9.5,212700
2018-12-24,9.33,9.74,9.29,9.59,9.59,68300
2018-12-26,9.63,9.94,9.46,9.89,9.89,162600
2018-12-27,10.0,10.85,9.9,10.79,10.79,174900
2018-12-28,10.78,12.19,10.5,12.18,12.18,248300
2018-12-31,12.21,12.39,10.87,12.03,12.03,220000
2019-01-02,11.77,12.34,11.58,12.0,12.0,138300
2019-01-03,11.95,12.19,10.9,10.9,10.9,152200
2019-01-04,11.05,12.08,11.05,11.78,11.78,158800
2019-01-07,11.7,13.52,11.7,13.14,13.14,244300
2019-01-08,13.32,13.44,12.07,12.26,12.26,151800
2019-01-09,12.38,12.66,12.06,12.16,12.16,71800
2019-01-10,12.07,12.54,12.0,12.51,12.51,82500
2019-01-11,12.43,13.1,12.4,12.74,12.74,114800
2019-01-14,12.69,12.8,12.15,12.31,12.31,76000
2019-01-15,12.15,12.87,12.09,12.75,12.75,143700
2019-01-16,12.83,13.29,12.66,12.76,12.76,138400
2019-01-17,12.79,12.81,12.37,12.64,12.64,133100
2019-01-18,12.75,12.75,12.13,12.2,12.2,162200
2019-01-22,12.15,12.51,11.6,12.4,12.4,74000
2019-01-23,12.49,12.82,12.04,12.6,12.6,119300
2019-01-24,12.69,13.18,12.47,13.07,13.07,113600
2019-01-25,13.08,14.05,13.04,13.43,13.43,240300
2019-01-28,13.37,13.44,12.92,13.05,13.05,119400
2019-01-29,13.07,13.4,12.72,12.81,12.81,122800
2019-01-30,12.85,13.2,12.85,13.13,13.13,73900
2019-01-31,13.16,14.71,13.16,14.67,14.67,202500
2019-02-01,14.82,16.940001,14.82,16.370001,16.370001,493400
2019-02-04,16.860001,17.0,15.7,16.110001,16.110001,277000
2019-02-05,16.129999,17.450001,15.98,16.91,16.91,247400
2019-02-06,17.120001,17.34,16.280001,16.700001,16.700001,162200
2019-02-07,16.459999,16.780001,15.75,15.89,15.89,153400
2019-02-08,15.5,16.139999,15.5,16.059999,16.059999,65000
2019-02-11,16.120001,16.59,15.7,16.0,16.0,111600
2019-02-12,16.16,16.48,15.94,16.42,16.42,81700
2019-02-13,16.5,16.52,15.88,16.360001,16.360001,111500
2019-02-14,16.290001,16.290001,15.26,15.4,15.4,124900
2019-02-15,15.43,16.16,15.43,16.16,16.16,94100
2019-02-19,16.27,17.41,16.209999,17.41,17.41,175400
2019-02-20,17.48,17.879999,17.01,17.799999,17.799999,219700
2019-02-21,17.76,18.799999,17.59,18.24,18.24,228100
2019-02-22,18.540001,18.799999,17.66,18.049999,18.049999,168000
2019-02-25,18.049999,18.25,17.33,17.84,17.84,122500
2019-02-26,17.719999,17.99,17.129999,17.860001,17.860001,115300
2019-02-27,17.719999,18.389999,17.32,18.030001,18.030001,73600
2019-02-28,18.139999,19.42,18.040001,19.059999,19.059999,236900
2019-03-01,19.389999,19.48,18.68,19.42,19.42,180900
2019-03-04,19.49,19.5,17.1,17.43,17.43,281200
2019-03-05,17.43,17.610001,16.809999,17.07,17.07,146400
2019-03-06,17.209999,17.32,16.129999,16.450001,16.450001,163800
2019-03-07,16.1,16.799999,15.81,16.66,16.66,205400
2019-03-08,16.68,16.790001,16.049999,16.34,16.34,109500
2019-03-11,16.42,16.889999,16.280001,16.74,16.74,94400
2019-03-12,16.82,17.610001,16.74,17.309999,17.309999,115700
2019-03-13,17.540001,17.74,16.799999,16.889999,16.889999,153100
2019-03-14,16.889999,18.209999,16.610001,17.690001,17.690001,229800
2019-03-15,18.0,19.360001,17.01,18.700001,18.700001,412500
2019-03-18,18.809999,20.66,18.790001,20.51,20.51,398200
2019-03-19,20.67,20.9,19.809999,20.17,20.17,189400
2019-03-20,19.99,20.549999,18.799999,20.139999,20.139999,251300
2019-03-21,20.15,21.65,20.15,21.26,21.26,317600
2019-03-22,21.24,22.440001,19.450001,19.530001,19.530001,322700
2019-03-25,19.360001,20.01,17.5,18.780001,18.780001,288200
2019-03-26,18.809999,19.15,17.799999,17.91,17.91,175600
2019-03-27,17.91,18.25,16.889999,17.469999,17.469999,159900
2019-03-28,17.5,18.15,17.450001,17.92,17.92,108300
2019-03-29,18.049999,18.110001,17.440001,17.889999,17.889999,229400
2019-04-01,18.120001,18.58,17.370001,17.610001,17.610001,136500
2019-04-02,17.59,17.99,17.41,17.879999,17.879999,71700
2019-04-03,17.98,18.15,17.309999,18.1,18.1,168100
2019-04-04,18.059999,18.48,17.360001,17.66,17.66,121600
2019-04-05,17.66,17.950001,17.49,17.559999,17.559999,89200
2019-04-08,17.5,17.940001,17.0,17.9,17.9,131300
2019-04-09,17.799999,18.440001,17.77,17.99,17.99,85900
2019-04-10,17.99,18.77,17.860001,18.77,18.77,110800
2019-04-11,18.799999,18.799999,18.24,18.58,18.58,94700
2019-04-12,18.709999,18.75,17.67,17.82,17.82,103100
2019-04-15,17.82,17.82,16.9,17.540001,17.540001,266900
2019-04-16,17.469999,17.74,16.860001,17.110001,17.110001,196700
2019-04-17,17.219999,17.219999,15.66,16.5,16.5,253400
2019-04-18,16.440001,16.48,15.81,16.360001,16.360001,174900
2019-04-22,16.35,16.85,16.02,16.26,16.26,101100
2019-04-23,16.200001,17.08,16.08,16.200001,16.200001,198900
2019-04-24,16.280001,16.950001,16.02,16.52,16.52,145000
2019-04-25,16.450001,16.77,16.15,16.52,16.52,97700
2019-04-26,16.5,17.040001,16.32,16.84,16.84,76900
2019-04-29,16.9,17.58,16.469999,17.290001,17.290001,92900
2019-04-30,17.190001,17.26,16.530001,16.74,16.74,179500
2019-05-01,16.77,17.24,16.42,17.18,17.18,61800
2019-05-02,17.110001,17.610001,16.91,17.23,17.23,66000
2019-05-03,17.469999,17.639999,17.040001,17.459999,17.459999,58500
2019-05-06,17.110001,18.09,17.02,17.860001,17.860001,111300
2019-05-07,17.700001,17.99,16.870001,16.99,16.99,135800
2019-05-08,17.08,17.15,16.65,16.969999,16.969999,66800
2019-05-09,16.77,17.1,16.01,16.76,16.76,174200
2019-05-10,16.9,17.4,16.01,16.57,16.57,176100
2019-05-13,16.059999,16.91,16.030001,16.73,16.73,156700
2019-05-14,16.799999,17.77,16.6,17.73,17.73,127600
2019-05-15,17.52,18.16,16.870001,17.57,17.57,164100
2019-05-16,17.530001,18.139999,16.5,17.74,17.74,155300
2019-05-17,17.68,18.700001,17.57,18.219999,18.219999,129500
2019-05-20,18.07,18.709999,17.860001,18.690001,18.690001,95700
2019-05-21,18.790001,20.0,18.35,18.389999,18.389999,267500
2019-05-22,18.34,18.719999,17.950001,18.540001,18.540001,131100
2019-05-23,18.4,18.5,17.42,17.629999,17.629999,191000
2019-05-24,17.82,17.82,17.280001,17.530001,17.530001,79100
2019-05-28,17.549999,18.139999,16.75,16.76,16.76,179800
2019-05-29,16.73,17.549999,16.370001,17.540001,17.540001,233000
2019-05-30,17.5,18.370001,17.299999,17.690001,17.690001,180100
2019-05-31,17.440001,17.940001,17.120001,17.73,17.73,115100
2019-06-03,17.549999,18.35,17.309999,18.18,18.18,196200
2019-06-04,18.4,18.74,17.940001,18.74,18.74,183300
2019-06-05,18.879999,19.65,18.52,19.42,19.42,191900
2019-06-06,19.370001,19.969999,18.33,18.51,18.51,151300
2019-06-07,18.59,19.120001,18.32,18.459999,18.459999,158900
2019-06-10,18.790001,18.959999,17.9,18.15,18.15,156500
2019-06-11,18.290001,18.290001,17.129999,17.57,17.57,190400
2019-06-12,17.4,17.719999,17.290001,17.379999,17.379999,73600
2019-06-13,17.370001,17.950001,17.030001,17.76,17.76,153800
2019-06-14,17.809999,18.190001,17.629999,17.690001,17.690001,99900
2019-06-17,17.610001,17.99,17.309999,17.67,17.67,93300
2019-06-18,17.879999,18.209999,17.6,17.799999,17.799999,138000
2019-06-19,17.6,17.940001,17.379999,17.6,17.6,137300
2019-06-20,17.76,17.92,17.07,17.15,17.15,106200
2019-06-21,17.08,17.15,16.24,16.559999,16.559999,276300
2019-06-24,16.52,16.629999,16.049999,16.360001,16.360001,181700
2019-06-25,16.440001,16.66,15.06,15.2,15.2,335200
2019-06-26,15.16,16.24,15.06,15.85,15.85,300000
2019-06-27,15.97,16.48,15.97,16.25,16.25,191300
2019-06-28,16.299999,17.040001,16.09,16.950001,16.950001,1044900
2019-07-01,17.200001,17.799999,17.01,17.389999,17.389999,202000
2019-07-02,17.4,17.4,16.360001,16.709999,16.709999,186400
2019-07-03,16.67,16.700001,15.57,15.7,15.7,162000
2019-07-05,15.76,16.030001,15.52,15.71,15.71,146500
2019-07-08,15.96,18.33,15.72,18.209999,18.209999,653600
2019-07-09,17.940001,18.299999,17.09,18.15,18.15,300400
2019-07-10,18.27,18.309999,16.870001,17.27,17.27,219300
2019-07-11,17.15,17.35,16.879999,17.24,17.24,140100
2019-07-12,17.110001,17.15,16.74,16.93,16.93,139900
2019-07-15,16.93,16.93,16.040001,16.190001,16.190001,214600
2019-07-16,16.200001,16.610001,16.1,16.549999,16.549999,138900
2019-07-17,16.549999,16.73,16.49,16.639999,16.639999,97800
2019-07-18,16.5,16.99,16.16,16.969999,16.969999,155000
2019-07-19,16.950001,17.639999,16.84,17.530001,17.530001,155500
2019-07-22,17.82,19.27,17.75,18.82,18.82,347800
2019-07-23,18.92,19.379999,18.35,19.290001,19.290001,144400
2019-07-24,19.18,19.940001,18.610001,19.889999,19.889999,203400
2019-07-25,19.799999,19.799999,18.959999,19.48,19.48,138800
2019-07-26,19.110001,19.65,17.9,19.26,19.26,143100
2019-07-29,19.280001,19.34,18.440001,18.49,18.49,88700
2019-07-30,18.389999,19.27,18.26,19.17,19.17,99600
2019-07-31,19.23,19.450001,18.809999,19.07,19.07,174900
2019-08-01,19.129999,19.74,19.129999,19.389999,19.389999,198700
2019-08-02,19.24,19.24,18.049999,18.4,18.4,161600
2019-08-05,17.91,18.059999,17.41,17.99,17.99,209300
2019-08-06,18.1,18.360001,17.6,18.26,18.26,116900
2019-08-07,18.1,18.24,17.809999,18.120001,18.120001,105100
2019-08-08,18.23,18.76,17.950001,18.549999,18.549999,164600
2019-08-09,19.209999,19.209999,16.799999,17.0,17.0,486400
2019-08-12,16.93,17.32,16.5,17.309999,17.309999,169100
2019-08-13,17.139999,18.4,17.040001,18.32,18.32,174300
2019-08-14,18.1,18.110001,17.66,17.809999,17.809999,159100
2019-08-15,17.91,19.1,17.9,18.99,18.99,325600
2019-08-16,18.98,20.32,18.639999,19.780001,19.780001,260000
2019-08-19,20.139999,20.969999,19.870001,20.200001,20.200001,187100
2019-08-20,20.030001,20.74,19.969999,20.549999,20.549999,81000
2019-08-21,20.780001,21.0,20.26,20.780001,20.780001,91500
2019-08-22,20.780001,20.98,20.51,20.74,20.74,133300
2019-08-23,20.75,20.92,19.08,19.309999,19.309999,173800
2019-08-26,19.49,19.65,18.74,19.559999,19.559999,106200
2019-08-27,19.860001,19.98,18.99,19.540001,19.540001,157600
2019-08-28,19.549999,20.68,19.309999,19.940001,19.940001,82100
2019-08-29,20.120001,20.43,19.709999,20.35,20.35,108500
2019-08-30,20.07,20.85,20.040001,20.690001,20.690001,88600
2019-09-03,20.540001,20.549999,19.879999,20.33,20.33,162100
2019-09-04,20.84,20.84,18.82,19.93,19.93,268200
2019-09-05,20.18,20.299999,19.85,20.030001,20.030001,119600
2019-09-06,20.18,20.25,19.440001,19.51,19.51,192800
2019-09-09,19.450001,20.0,19.33,19.559999,19.559999,173700
2019-09-10,19.48,19.85,19.15,19.610001,19.610001,132900
2019-09-11,19.48,19.629999,19.0,19.09,19.09,150200
2019-09-12,19.129999,19.690001,18.5,19.549999,19.549999,215100
2019-09-13,19.700001,20.32,19.49,20.27,20.27,63500
2019-09-16,19.99,20.719999,19.99,20.610001,20.610001,189100
2019-09-17,20.58,21.030001,20.17,20.98,20.98,137300
2019-09-18,21.0,21.08,20.379999,20.98,20.98,150700
2019-09-19,20.98,21.18,20.610001,20.82,20.82,117000
2019-09-20,20.77,21.01,20.58,20.74,20.74,135000
2019-09-23,20.83,21.17,20.5,20.82,20.82,142000
2019-09-24,20.66,20.799999,18.360001,18.469999,18.469999,424000
2019-09-25,18.35,19.190001,16.84,17.889999,17.889999,447000
2019-09-26,18.0,18.0,16.190001,16.950001,16.950001,354000
2019-09-27,16.91,17.01,15.78,16.059999,16.059999,217100
2019-09-30,16.01,16.709999,15.59,16.629999,16.629999,293700
2019-10-01,16.629999,16.93,16.200001,16.309999,16.309999,314500
2019-10-02,16.25,16.35,15.65,16.23,16.23,211600
2019-10-03,16.16,16.42,15.54,16.17,16.17,138900
2019-10-04,16.139999,16.35,15.06,15.55,15.55,190500
2019-10-07,15.55,16.860001,15.35,16.049999,16.049999,472300
2019-10-08,16.120001,16.190001,15.4,15.52,15.52,235900
2019-10-09,15.63,15.79,15.11,15.23,15.23,131900
2019-10-10,15.24,15.33,14.66,14.95,14.95,144700
2019-10-11,15.02,15.69,14.99,15.21,15.21,98400
2019-10-14,15.45,16.5,15.32,16.190001,16.190001,252600
2019-10-15,16.209999,16.59,15.83,16.17,16.17,156400
2019-10-16,16.09,16.629999,15.82,16.440001,16.440001,117700
2019-10-17,16.52,16.809999,15.88,16.67,16.67,165200
2019-10-18,16.58,16.92,16.08,16.33,16.33,94900
2019-10-21,16.33,16.98,16.33,16.889999,16.889999,137600
2019-10-22,17.0,17.23,16.48,16.540001,16.540001,92200
2019-10-23,16.540001,17.139999,16.540001,16.799999,16.799999,76300
2019-10-24,16.799999,16.799999,16.43,16.58,16.58,70800
2019-10-25,16.66,17.719999,16.559999,17.219999,17.219999,152500
2019-10-28,17.27,17.690001,17.16,17.57,17.57,78300
2019-10-29,17.559999,17.959999,17.309999,17.860001,17.860001,86300
2019-10-30,17.870001,17.870001,16.700001,16.92,16.92,156700
2019-10-31,16.940001,17.209999,16.540001,17.01,17.01,95900
2019-11-01,17.129999,17.870001,17.129999,17.690001,17.690001,103800
2019-11-04,17.870001,18.290001,17.549999,18.08,18.08,98400
2019-11-05,18.120001,19.139999,18.09,18.9,18.9,103200
2019-11-06,18.73,18.85,17.01,17.59,17.59,169000
2019-11-07,17.860001,17.860001,16.76,16.809999,16.809999,131100
2019-11-08,16.620001,17.0,15.9,16.76,16.76,242000
2019-11-11,16.530001,16.91,16.110001,16.73,16.73,125800
2019-11-12,16.719999,17.139999,16.43,16.59,16.59,171000
2019-11-13,16.0,16.379999,14.51,14.59,14.59,476900
2019-11-14,14.09,14.86,13.78,14.75,14.75,521600
2019-11-15,14.88,15.49,14.75,15.25,15.25,226600
2019-11-18,15.24,15.36,14.6,14.77,14.77,180000
2019-11-19,14.82,15.26,14.43,15.14,15.14,150600
2019-11-20,14.94,16.190001,14.94,15.55,15.55,234200
2019-11-21,15.83,16.66,15.66,16.48,16.48,220300
2019-11-22,16.610001,16.889999,16.41,16.809999,16.809999,116200
2019-11-25,16.799999,17.26,16.549999,16.65,16.65,189700
2019-11-26,16.639999,16.9,16.27,16.290001,16.290001,113300
2019-11-27,16.370001,16.799999,16.17,16.440001,16.440001,98000
2019-11-29,16.42,16.85,16.26,16.75,16.75,70800
2019-12-02,16.73,16.73,15.64,15.77,15.77,130400
2019-12-03,15.49,16.09,15.48,16.09,16.09,119400
2019-12-04,16.23,16.58,15.78,16.219999,16.219999,97100
2019-12-05,16.290001,16.41,16.0,16.07,16.07,120700
2019-12-06,16.18,16.450001,16.09,16.190001,16.190001,93000
2019-12-09,16.02,16.219999,15.36,15.66,15.66,143900
2019-12-10,15.76,15.76,15.33,15.45,15.45,110200
2019-12-11,15.5,15.55,14.82,15.09,15.09,224400
2019-12-12,15.15,15.69,14.99,15.49,15.49,174500
2019-12-13,15.46,15.96,15.36,15.67,15.67,82800
2019-12-16,16.0,16.370001,15.46,15.57,15.57,236000
2019-12-17,15.67,15.93,15.49,15.8,15.8,136600
2019-12-18,15.84,16.57,15.65,16.4,16.4,172000
2019-12-19,16.42,16.690001,15.92,16.139999,16.139999,115800
2019-12-20,16.24,16.389999,15.42,15.51,15.51,166500
2019-12-23,15.61,16.620001,15.55,16.530001,16.530001,151600
2019-12-24,16.549999,16.959999,16.389999,16.65,16.65,80300
2019-12-26,16.68,16.84,16.48,16.610001,16.610001,72400
2019-12-27,16.700001,16.719999,16.25,16.33,16.33,71500
2019-12-30,16.32,16.32,15.91,16.059999,16.059999,66300
