Date,Open,High,Low,Close,Adj Close,Volume
2010-01-04,33.200001,33.599998,32.959999,33.200001,33.200001,11300
2010-01-05,34.400002,34.799999,32.880001,34.799999,34.799999,18200
2010-01-06,34.560001,36.959999,34.560001,36.720001,36.720001,13900
2010-01-07,37.119999,41.200001,37.119999,40.32,40.32,36100
2010-01-08,42.080002,44.720001,40.32,44.16,44.16,56900
2010-01-11,45.200001,46.0,41.84,43.919998,43.919998,51500
2010-01-12,44.0,44.799999,43.360001,44.0,44.0,19900
2010-01-13,44.400002,44.400002,42.880001,44.0,44.0,13500
2010-01-14,43.919998,44.560001,42.560001,44.560001,44.560001,17800
2010-01-15,45.119999,45.119999,43.360001,43.84,43.84,13800
2010-01-19,48.0,56.959999,48.0,56.0,56.0,154500
2010-01-20,55.919998,58.880001,54.400002,56.0,56.0,62100
2010-01-21,56.48,58.0,52.080002,52.080002,52.080002,31900
2010-01-22,54.16,58.16,52.799999,55.68,55.68,47100
2010-01-25,55.68,56.48,48.32,50.240002,50.240002,42000
2010-01-26,49.599998,50.400002,48.400002,48.880001,48.880001,17700
2010-01-27,49.119999,49.360001,45.200001,45.759998,45.759998,21900
2010-01-28,46.0,46.240002,42.080002,44.720001,44.720001,22000
2010-01-29,44.560001,46.400002,42.799999,43.040001,43.040001,14000
2010-02-01,43.119999,44.720001,40.799999,43.040001,43.040001,8000
2010-02-02,44.32,45.200001,42.32,45.200001,45.200001,8000
2010-02-03,49.119999,50.400002,46.639999,50.400002,50.400002,22100
2010-02-04,49.439999,49.599998,46.560001,46.799999,46.799999,9900
2010-02-05,46.720001,50.0,45.68,50.0,50.0,8900
2010-02-08,50.32,52.799999,47.360001,47.599998,47.599998,20800
2010-02-09,49.279999,49.919998,47.599998,48.16,48.16,11100
2010-02-10,48.880001,49.119999,46.639999,47.040001,47.040001,6400
2010-02-11,47.119999,49.84,47.119999,49.599998,49.599998,5100
2010-02-12,49.599998,50.400002,48.16,50.400002,50.400002,5600
2010-02-16,50.48,50.799999,49.040001,49.599998,49.599998,5700
2010-02-17,50.880001,50.880001,47.52,48.48,48.48,9300
2010-02-18,47.599998,48.400002,47.360001,48.32,48.32,3500
2010-02-19,48.0,48.799999,46.400002,46.959999,46.959999,13900
2010-02-22,47.919998,47.919998,46.400002,46.639999,46.639999,3100
2010-02-23,46.32,46.48,43.279999,43.68,43.68,9700
2010-02-24,44.240002,44.720001,43.040001,44.400002,44.400002,4100
2010-02-25,45.919998,50.0,45.439999,49.759998,49.759998,39100
2010-02-26,50.799999,52.799999,48.16,48.880001,48.880001,32100
2010-03-01,49.360001,49.52,48.080002,48.639999,48.639999,8900
2010-03-02,49.040001,49.439999,48.080002,48.240002,48.240002,9000
2010-03-03,49.119999,51.84,48.240002,51.68,51.68,18500
2010-03-04,52.400002,54.799999,49.360001,51.279999,51.279999,33500
2010-03-05,51.200001,64.800003,50.240002,56.32,56.32,100800
2010-03-08,57.200001,57.919998,52.48,54.400002,54.400002,28900
2010-03-09,54.959999,58.48,54.080002,58.0,58.0,46200
2010-03-10,57.759998,60.799999,54.959999,55.439999,55.439999,68200
2010-03-11,54.240002,55.52,50.16,52.080002,52.080002,49600
2010-03-12,51.52,52.799999,50.0,51.439999,51.439999,29100
2010-03-15,51.200001,52.16,48.400002,49.119999,49.119999,16500
2010-03-16,50.0,50.16,48.799999,48.959999,48.959999,11600
2010-03-17,49.200001,52.080002,45.040001,47.119999,47.119999,40000
2010-03-18,49.599998,49.599998,47.119999,47.919998,47.919998,9100
2010-03-19,46.32,48.0,45.439999,46.32,46.32,10900
2010-03-22,46.400002,46.639999,44.880001,46.16,46.16,10800
2010-03-23,46.560001,49.439999,46.16,48.639999,48.639999,15500
2010-03-24,48.639999,48.880001,47.279999,47.52,47.52,8100
2010-03-25,47.84,48.0,46.080002,46.639999,46.639999,13800
2010-03-26,46.16,47.68,46.16,46.880001,46.880001,4800
2010-03-29,47.599998,48.0,46.959999,47.119999,47.119999,7000
2010-03-30,47.200001,48.0,46.639999,47.84,47.84,18900
2010-03-31,48.0,48.0,47.200001,47.919998,47.919998,45400
2010-04-01,53.200001,54.0,45.599998,46.560001,46.560001,124100
2010-04-05,47.360001,49.360001,46.639999,48.560001,48.560001,24000
2010-04-06,47.599998,49.279999,47.200001,48.16,48.16,12200
2010-04-07,48.639999,50.16,48.240002,49.439999,49.439999,13300
2010-04-08,50.240002,51.68,50.080002,51.119999,51.119999,20600
2010-04-09,51.68,51.84,50.16,50.16,50.16,12000
2010-04-12,51.040001,51.040001,50.16,50.400002,50.400002,8900
2010-04-13,50.799999,57.119999,50.48,55.599998,55.599998,62100
2010-04-14,54.959999,58.720001,54.959999,57.919998,57.919998,57900
2010-04-15,59.119999,59.119999,56.400002,56.639999,56.639999,19900
2010-04-16,56.959999,56.959999,51.439999,54.16,54.16,31500
2010-04-19,53.040001,54.16,52.0,53.919998,53.919998,16700
2010-04-20,53.200001,56.0,52.400002,52.400002,52.400002,9100
2010-04-21,51.200001,52.16,48.080002,48.799999,48.799999,47900
2010-04-22,48.080002,49.279999,46.48,48.240002,48.240002,10500
2010-04-23,49.040001,49.599998,48.080002,48.959999,48.959999,13700
2010-04-26,49.52,51.52,48.48,50.32,50.32,26700
2010-04-27,50.639999,50.639999,48.799999,49.200001,49.200001,12900
2010-04-28,49.52,50.32,48.799999,49.200001,49.200001,11700
2010-04-29,50.400002,50.400002,48.880001,49.599998,49.599998,23000
2010-04-30,50.0,50.0,48.959999,49.68,49.68,8500
2010-05-03,50.400002,50.560001,48.400002,49.279999,49.279999,10900
2010-05-04,49.68,49.919998,47.200001,47.439999,47.439999,10200
2010-05-05,47.919998,47.919998,45.599998,46.400002,46.400002,13300
2010-05-06,45.68,48.16,40.080002,43.200001,43.200001,19900
2010-05-07,44.080002,44.080002,39.279999,41.759998,41.759998,25700
2010-05-10,43.68,44.880001,43.200001,43.439999,43.439999,9300
2010-05-11,43.599998,45.68,43.200001,44.720001,44.720001,6400
2010-05-12,45.360001,48.0,44.799999,47.439999,47.439999,15600
2010-05-13,48.48,48.48,46.48,46.799999,46.799999,16200
2010-05-14,46.720001,47.200001,45.599998,46.400002,46.400002,5500
2010-05-17,46.400002,48.0,46.16,47.68,47.68,18200
2010-05-18,51.040001,51.599998,44.959999,45.040001,45.040001,25200
2010-05-19,45.759998,46.16,43.200001,44.48,44.48,13700
2010-05-20,42.880001,43.200001,40.0,40.240002,40.240002,17400
2010-05-21,38.959999,42.720001,38.720001,42.16,42.16,12100
2010-05-24,42.240002,45.919998,41.599998,43.279999,43.279999,10200
2010-05-25,42.240002,42.240002,40.0,40.959999,40.959999,15100
2010-05-26,41.599998,43.759998,41.599998,43.040001,43.040001,5100
2010-05-27,44.720001,45.439999,44.0,45.040001,45.040001,4800
2010-05-28,45.200001,45.200001,44.080002,44.400002,44.400002,4300
2010-06-01,44.0,44.560001,42.799999,42.959999,42.959999,10000
2010-06-02,43.84,44.0,42.959999,42.959999,42.959999,4400
2010-06-03,43.68,45.040001,42.959999,42.959999,42.959999,7000
2010-06-04,42.400002,43.119999,42.400002,42.880001,42.880001,7600
2010-06-07,42.880001,43.439999,42.400002,42.959999,42.959999,7300
2010-06-08,42.880001,44.880001,42.48,44.880001,44.880001,10400
2010-06-09,45.439999,46.799999,44.0,44.639999,44.639999,7600
2010-06-10,44.959999,45.919998,44.32,44.799999,44.799999,3200
2010-06-11,44.400002,47.360001,44.400002,46.32,46.32,16800
2010-06-14,47.279999,47.599998,43.200001,43.599998,43.599998,7300
2010-06-15,44.32,44.720001,43.119999,43.439999,43.439999,5400
2010-06-16,43.52,44.720001,43.119999,44.560001,44.560001,5500
2010-06-17,44.400002,45.040001,43.439999,44.720001,44.720001,5200
2010-06-18,45.279999,45.439999,43.599998,43.84,43.84,2400
2010-06-21,44.400002,47.439999,44.400002,44.959999,44.959999,5800
2010-06-22,46.32,46.32,43.119999,43.119999,43.119999,6400
2010-06-23,43.919998,43.919998,43.119999,43.200001,43.200001,2100
2010-06-24,43.040001,43.279999,41.919998,41.919998,41.919998,3200
2010-06-25,41.759998,41.84,40.0,41.279999,41.279999,5900
2010-06-28,41.040001,43.919998,41.040001,43.040001,43.040001,13500
2010-06-29,42.0,42.959999,41.200001,42.240002,42.240002,20500
2010-06-30,41.279999,41.599998,39.200001,40.400002,40.400002,17400
2010-07-01,43.360001,43.599998,40.880001,41.919998,41.919998,19300
2010-07-02,42.400002,42.560001,41.200001,42.16,42.16,3400
2010-07-06,42.639999,42.639999,41.200001,42.48,42.48,6200
2010-07-07,42.48,42.48,41.759998,41.759998,41.759998,2200
2010-07-08,42.400002,42.880001,41.68,41.84,41.84,4400
2010-07-09,41.599998,42.400002,41.52,42.400002,42.400002,3000
2010-07-12,42.16,42.799999,42.0,42.400002,42.400002,2900
2010-07-13,42.639999,43.200001,42.080002,42.639999,42.639999,10100
2010-07-14,42.639999,42.959999,42.0,42.799999,42.799999,15100
2010-07-15,42.48,43.119999,42.400002,43.119999,43.119999,1700
2010-07-16,42.799999,43.200001,42.799999,42.880001,42.880001,2900
2010-07-19,43.439999,45.360001,43.439999,44.080002,44.080002,4300
2010-07-20,43.759998,44.240002,43.52,44.16,44.16,1600
2010-07-21,44.639999,44.639999,42.799999,43.360001,43.360001,3600
2010-07-22,43.84,44.0,43.52,44.0,44.0,2300
2010-07-23,42.880001,45.68,42.880001,45.68,45.68,4400
2010-07-26,45.84,48.0,45.68,48.0,48.0,8800
2010-07-27,48.0,48.959999,46.080002,47.200001,47.200001,4300
2010-07-28,46.48,47.360001,46.0,47.119999,47.119999,6000
2010-07-29,47.759998,47.759998,47.200001,47.200001,47.200001,1100
2010-07-30,45.84,47.040001,45.84,45.919998,45.919998,2400
2010-08-02,46.48,46.959999,45.68,45.68,45.68,7500
2010-08-03,45.279999,46.720001,45.279999,46.16,46.16,2000
2010-08-04,46.400002,48.16,46.0,47.439999,47.439999,4100
2010-08-05,46.959999,51.439999,46.959999,50.32,50.32,10600
2010-08-06,50.0,50.48,49.119999,49.84,49.84,6000
2010-08-09,50.0,52.240002,48.639999,52.16,52.16,17700
2010-08-10,52.16,52.720001,48.32,49.599998,49.599998,17000
2010-08-11,48.240002,49.84,46.240002,47.759998,47.759998,16200
2010-08-12,46.959999,48.48,46.240002,47.360001,47.360001,3700
2010-08-13,47.84,50.0,47.759998,49.599998,49.599998,6700
2010-08-16,49.599998,52.0,49.599998,51.599998,51.599998,38500
2010-08-17,52.0,52.48,48.400002,49.040001,49.040001,14000
2010-08-18,49.040001,49.040001,48.080002,48.959999,48.959999,3900
2010-08-19,48.400002,49.360001,48.240002,49.040001,49.040001,2200
2010-08-20,48.799999,50.959999,48.16,50.48,50.48,5300
2010-08-23,51.040001,51.040001,42.0,45.119999,45.119999,26800
2010-08-24,43.119999,48.799999,43.040001,46.880001,46.880001,42000
2010-08-25,39.360001,39.439999,38.080002,38.32,38.32,258000
2010-08-26,38.32,38.799999,37.439999,37.52,37.52,40300
2010-08-27,38.0,39.759998,37.68,39.200001,39.200001,37200
2010-08-30,39.360001,39.360001,38.0,39.200001,39.200001,46000
2010-08-31,39.040001,39.119999,37.52,37.84,37.84,21600
2010-09-01,38.16,39.200001,37.52,38.32,38.32,43100
2010-09-02,38.0,38.32,37.52,37.599998,37.599998,15400
2010-09-03,37.84,39.040001,37.84,38.799999,38.799999,25400
2010-09-07,38.799999,38.799999,37.360001,37.360001,37.360001,17300
2010-09-08,37.759998,38.16,36.639999,36.880001,36.880001,15200
2010-09-09,37.200001,37.200001,36.080002,36.799999,36.799999,9000
2010-09-10,37.040001,37.52,35.040001,36.0,36.0,14100
2010-09-13,36.400002,37.360001,34.959999,36.080002,36.080002,19500
2010-09-14,35.439999,36.720001,34.799999,36.560001,36.560001,15400
2010-09-15,36.240002,36.400002,34.799999,36.400002,36.400002,11100
2010-09-16,36.0,36.400002,34.880001,35.040001,35.040001,7700
2010-09-17,35.200001,35.200001,33.279999,34.0,34.0,23800
2010-09-20,33.919998,35.040001,33.200001,33.68,33.68,17000
2010-09-21,34.0,34.720001,33.200001,34.400002,34.400002,17000
2010-09-22,34.560001,34.880001,33.52,33.84,33.84,4900
2010-09-23,34.16,35.439999,33.84,35.119999,35.119999,9300
2010-09-24,35.84,36.0,35.200001,35.360001,35.360001,5000
2010-09-27,35.68,36.080002,34.080002,34.880001,34.880001,8000
2010-09-28,35.52,36.48,35.52,35.919998,35.919998,6900
2010-09-29,36.16,37.200001,35.919998,37.200001,37.200001,6500
2010-09-30,37.360001,37.759998,37.040001,37.439999,37.439999,6100
2010-10-01,37.919998,38.0,37.599998,37.84,37.84,4500
2010-10-04,37.84,38.0,36.0,37.84,37.84,8300
2010-10-05,37.84,37.84,36.0,36.32,36.32,6100
2010-10-06,36.240002,37.040001,35.68,36.0,36.0,8100
2010-10-07,36.32,37.119999,36.240002,36.639999,36.639999,1400
2010-10-08,36.639999,38.0,36.400002,37.200001,37.200001,5800
2010-10-11,38.16,39.84,37.360001,39.279999,39.279999,22400
2010-10-12,39.200001,39.84,39.119999,39.439999,39.439999,9800
2010-10-13,39.68,40.240002,39.439999,39.759998,39.759998,19200
2010-10-14,40.240002,40.240002,39.200001,39.52,39.52,6300
2010-10-15,39.52,39.759998,39.119999,39.360001,39.360001,6200
2010-10-18,39.599998,47.200001,39.52,45.52,45.52,98400
2010-10-19,46.32,47.599998,44.799999,46.080002,46.080002,43300
2010-10-20,46.639999,47.040001,45.439999,47.040001,47.040001,11000
2010-10-21,47.759998,48.0,45.040001,45.759998,45.759998,20900
2010-10-22,46.240002,46.240002,45.279999,45.52,45.52,8400
2010-10-25,45.599998,46.400002,45.599998,45.759998,45.759998,18500
2010-10-26,45.599998,46.880001,45.599998,46.560001,46.560001,31700
2010-10-27,47.040001,47.040001,46.16,46.799999,46.799999,21800
2010-10-28,47.200001,47.200001,46.0,46.080002,46.080002,4400
2010-10-29,46.080002,46.48,46.080002,46.16,46.16,4700
2010-11-01,46.400002,46.48,45.279999,45.439999,45.439999,12500
2010-11-02,45.040001,45.919998,44.959999,45.52,45.52,11400
2010-11-03,45.759998,46.639999,44.799999,45.599998,45.599998,13100
2010-11-04,46.16,46.560001,45.360001,45.68,45.68,11700
2010-11-05,46.0,46.0,44.959999,45.119999,45.119999,8100
2010-11-08,45.52,45.84,45.200001,45.759998,45.759998,12300
2010-11-09,45.919998,45.919998,44.959999,45.040001,45.040001,10100
2010-11-10,44.959999,45.279999,44.799999,44.959999,44.959999,9200
2010-11-11,44.799999,45.84,44.799999,45.52,45.52,9700
2010-11-12,45.599998,46.0,44.799999,44.799999,44.799999,16500
2010-11-15,45.279999,45.84,44.880001,44.959999,44.959999,11100
2010-11-16,44.799999,45.200001,40.959999,41.919998,41.919998,39300
2010-11-17,42.0,42.48,40.0,41.52,41.52,34100
2010-11-18,41.52,42.959999,40.799999,41.040001,41.040001,15800
2010-11-19,40.959999,40.959999,39.200001,39.759998,39.759998,23000
2010-11-22,39.599998,40.32,38.16,38.240002,38.240002,18600
2010-11-23,38.400002,40.400002,37.84,40.080002,40.080002,27200
2010-11-24,40.0,40.400002,39.68,40.080002,40.080002,9900
2010-11-26,40.240002,41.360001,40.240002,41.119999,41.119999,3000
2010-11-29,41.119999,41.119999,40.080002,40.48,40.48,6300
2010-11-30,40.0,41.360001,38.959999,39.040001,39.040001,11000
2010-12-01,39.119999,40.400002,38.16,40.240002,40.240002,7500
2010-12-02,40.240002,40.720001,38.32,38.959999,38.959999,11400
2010-12-03,38.560001,39.200001,38.080002,38.32,38.32,13800
2010-12-06,38.48,38.639999,37.439999,38.400002,38.400002,15100
2010-12-07,38.560001,38.720001,38.240002,38.400002,38.400002,14900
2010-12-08,38.240002,38.400002,37.200001,37.599998,37.599998,20500
2010-12-09,37.599998,38.16,37.52,37.759998,37.759998,11200
2010-12-10,38.0,38.0,37.200001,37.360001,37.360001,9900
2010-12-13,37.200001,37.439999,36.400002,36.400002,36.400002,19300
2010-12-14,36.400002,37.119999,36.400002,36.799999,36.799999,7700
2010-12-15,37.439999,37.439999,33.599998,34.080002,34.080002,94700
2010-12-16,33.360001,33.52,32.32,32.639999,32.639999,44200
2010-12-17,32.32,33.52,32.240002,32.799999,32.799999,17100
2010-12-20,32.799999,35.040001,32.400002,35.040001,35.040001,13100
2010-12-21,35.040001,35.84,34.799999,35.599998,35.599998,14200
2010-12-22,35.84,37.439999,35.84,36.400002,36.400002,18200
2010-12-23,36.560001,37.84,36.48,36.639999,36.639999,10300
2010-12-27,36.560001,36.560001,34.400002,35.119999,35.119999,13700
2010-12-28,35.52,36.639999,35.200001,36.0,36.0,6700
2010-12-29,36.0,36.720001,36.0,36.32,36.32,5800
2010-12-30,36.400002,37.439999,36.0,36.959999,36.959999,7000
2010-12-31,37.119999,37.439999,36.720001,37.200001,37.200001,3300
2011-01-03,37.360001,38.400002,36.080002,36.240002,36.240002,17300
2011-01-04,36.639999,36.959999,34.959999,35.279999,35.279999,22200
2011-01-05,35.040001,35.279999,34.080002,34.720001,34.720001,25700
2011-01-06,34.720001,35.360001,34.080002,34.400002,34.400002,16100
2011-01-07,34.240002,34.720001,34.240002,34.639999,34.639999,4400
2011-01-10,34.720001,36.560001,34.720001,36.240002,36.240002,8300
2011-01-11,37.439999,38.080002,36.799999,37.599998,37.599998,27400
2011-01-12,38.400002,39.119999,37.68,38.799999,38.799999,15300
2011-01-13,39.200001,39.919998,38.959999,39.200001,39.200001,14400
2011-01-14,39.52,39.84,38.560001,39.52,39.52,15400
2011-01-18,40.240002,40.240002,39.200001,39.360001,39.360001,12800
2011-01-19,39.200001,39.200001,38.080002,38.080002,38.080002,9100
2011-01-20,37.919998,38.080002,36.16,36.959999,36.959999,8900
2011-01-21,37.200001,40.240002,37.200001,38.639999,38.639999,23700
2011-01-24,38.880001,39.84,38.560001,38.959999,38.959999,9000
2011-01-25,39.360001,39.439999,38.560001,38.720001,38.720001,5600
2011-01-26,38.799999,39.759998,38.32,39.200001,39.200001,25600
2011-01-27,39.040001,40.799999,38.0,39.919998,39.919998,46400
2011-01-28,40.0,40.16,38.959999,39.200001,39.200001,10400
2011-01-31,39.84,41.360001,39.439999,41.279999,41.279999,34900
2011-02-01,41.439999,42.959999,39.68,40.0,40.0,48200
2011-02-02,40.16,41.439999,39.919998,40.240002,40.240002,69300
2011-02-03,40.0,40.48,39.200001,39.84,39.84,44300
2011-02-04,39.599998,40.240002,38.959999,39.439999,39.439999,16300
2011-02-07,39.919998,39.919998,38.639999,38.799999,38.799999,43100
2011-02-08,39.200001,39.200001,38.080002,38.560001,38.560001,23800
2011-02-09,38.32,38.560001,37.200001,38.080002,38.080002,22700
2011-02-10,37.68,38.560001,37.439999,38.32,38.32,12400
2011-02-11,38.400002,38.400002,37.119999,37.439999,37.439999,13800
2011-02-14,37.279999,37.360001,36.240002,36.959999,36.959999,20100
2011-02-15,37.279999,37.360001,36.720001,37.119999,37.119999,7700
2011-02-16,37.360001,37.599998,37.200001,37.599998,37.599998,13400
2011-02-17,39.360001,39.360001,38.080002,38.32,38.32,9400
2011-02-18,38.880001,38.880001,38.080002,38.080002,38.080002,6400
2011-02-22,37.759998,38.639999,37.279999,37.279999,37.279999,10300
2011-02-23,37.200001,38.16,36.799999,36.799999,36.799999,9600
2011-02-24,36.880001,37.599998,36.639999,36.959999,36.959999,14600
2011-02-25,38.240002,38.400002,37.599998,38.400002,38.400002,13900
2011-02-28,39.360001,40.16,38.799999,39.439999,39.439999,50000
2011-03-01,40.240002,40.400002,38.400002,38.880001,38.880001,17600
2011-03-02,39.119999,39.52,37.84,37.919998,37.919998,13600
2011-03-03,38.959999,38.959999,35.599998,36.799999,36.799999,38200
2011-03-04,36.959999,37.599998,35.84,36.720001,36.720001,17800
2011-03-07,37.200001,38.48,36.0,37.040001,37.040001,29600
2011-03-08,37.759998,39.040001,36.32,38.959999,38.959999,20300
2011-03-09,39.200001,39.360001,37.599998,38.0,38.0,14800
2011-03-10,38.080002,38.080002,36.080002,36.959999,36.959999,18900
2011-03-11,37.119999,37.119999,35.68,36.080002,36.080002,23600
2011-03-14,36.0,36.0,33.759998,34.799999,34.799999,28300
2011-03-15,34.400002,34.400002,31.6,33.439999,33.439999,26900
2011-03-16,33.360001,34.639999,33.119999,33.119999,33.119999,8200
2011-03-17,33.599998,34.0,33.119999,33.759998,33.759998,4500
2011-03-18,34.16,35.84,34.16,34.959999,34.959999,9200
2011-03-21,36.400002,36.400002,34.400002,34.799999,34.799999,13400
2011-03-22,35.360001,35.360001,33.84,34.720001,34.720001,10700
2011-03-23,34.48,35.200001,34.0,35.040001,35.040001,14000
2011-03-24,34.720001,36.16,34.080002,34.560001,34.560001,18200
2011-03-25,34.560001,35.279999,34.560001,34.639999,34.639999,11900
2011-03-28,35.599998,36.400002,34.799999,35.599998,35.599998,19100
2011-03-29,36.0,36.240002,35.200001,35.279999,35.279999,11800
2011-03-30,35.919998,35.919998,33.759998,33.84,33.84,21600
2011-03-31,33.84,35.439999,33.200001,35.279999,35.279999,28600
2011-04-01,36.639999,36.639999,29.84,30.799999,30.799999,111900
2011-04-04,30.959999,32.0,27.200001,28.559999,28.559999,83600
2011-04-05,28.4,30.559999,27.360001,30.32,30.32,42200
2011-04-06,30.799999,31.360001,30.4,30.799999,30.799999,30200
2011-04-07,31.92,32.0,30.4,31.440001,31.440001,15600
2011-04-08,31.76,31.76,28.639999,29.200001,29.200001,24200
2011-04-11,29.040001,30.0,28.32,28.48,28.48,20900
2011-04-12,28.48,29.84,28.48,29.76,29.76,22900
2011-04-13,29.76,29.92,28.48,28.799999,28.799999,15800
2011-04-14,29.120001,29.6,28.799999,29.280001,29.280001,22700
2011-04-15,32.0,33.599998,30.0,31.040001,31.040001,66200
2011-04-18,31.280001,32.16,30.0,30.4,30.4,23900
2011-04-19,30.4,31.92,30.24,31.360001,31.360001,23200
2011-04-20,32.959999,32.959999,31.120001,32.240002,32.240002,6600
2011-04-21,32.080002,32.639999,31.200001,32.0,32.0,81400
2011-04-25,31.6,32.0,30.4,30.959999,30.959999,9700
2011-04-26,30.959999,30.959999,30.32,30.559999,30.559999,6000
2011-04-27,30.799999,30.799999,29.200001,29.6,29.6,15200
2011-04-28,29.120001,29.200001,24.799999,24.879999,24.879999,90200
2011-04-29,24.959999,25.84,24.959999,25.6,25.6,39700
2011-05-02,26.4,26.4,25.92,26.0,26.0,18400
2011-05-03,30.08,30.08,25.440001,25.84,25.84,22900
2011-05-04,26.0,27.040001,25.440001,25.68,25.68,20500
2011-05-05,25.440001,25.84,25.040001,25.120001,25.120001,13700
2011-05-06,25.200001,26.4,25.200001,25.84,25.84,20800
2011-05-09,25.84,26.32,25.440001,25.76,25.76,8400
2011-05-10,25.84,26.32,25.6,26.32,26.32,13600
2011-05-11,26.4,27.76,25.68,26.959999,26.959999,22600
2011-05-12,27.280001,29.200001,26.959999,28.959999,28.959999,13100
2011-05-13,29.200001,29.76,27.360001,27.440001,27.440001,11200
2011-05-16,28.24,28.24,26.799999,27.280001,27.280001,18200
2011-05-17,28.0,29.120001,26.799999,28.799999,28.799999,18500
2011-05-18,28.719999,29.200001,28.4,28.959999,28.959999,17200
2011-05-19,29.120001,29.440001,28.0,29.360001,29.360001,21100
2011-05-20,29.200001,29.200001,27.280001,28.08,28.08,11100
2011-05-23,27.52,27.84,26.48,26.799999,26.799999,11500
2011-05-24,27.200001,27.360001,25.92,26.08,26.08,21300
2011-05-25,26.08,26.959999,24.4,24.799999,24.799999,28700
2011-05-26,24.879999,25.6,23.6,23.84,23.84,32800
2011-05-27,23.76,24.0,21.68,22.48,22.48,30900
2011-05-31,22.719999,23.76,18.799999,20.4,20.4,74700
2011-06-01,19.200001,22.799999,15.6,16.639999,16.639999,211000
2011-06-02,17.6,18.16,16.719999,17.280001,17.280001,58500
2011-06-03,16.719999,18.32,16.719999,17.92,17.92,29500
2011-06-06,18.4,19.76,18.24,19.360001,19.360001,22000
2011-06-07,19.6,20.16,18.719999,19.92,19.92,25800
2011-06-08,20.16,20.559999,18.879999,19.68,19.68,16300
2011-06-09,19.84,19.84,17.6,18.08,18.08,18900
2011-06-10,18.48,18.48,17.280001,17.440001,17.440001,31700
2011-06-13,17.440001,19.200001,17.440001,18.959999,18.959999,10700
2011-06-14,18.959999,20.799999,18.959999,20.32,20.32,26100
2011-06-15,20.32,20.4,19.360001,20.24,20.24,12800
2011-06-16,19.84,20.0,18.24,19.200001,19.200001,28900
2011-06-17,19.200001,19.200001,17.84,18.4,18.4,19500
2011-06-20,18.24,19.92,18.24,19.76,19.76,19000
2011-06-21,20.0,20.639999,18.559999,18.959999,18.959999,17600
2011-06-22,19.280001,22.24,19.120001,20.08,20.08,21900
2011-06-23,19.68,21.200001,19.68,20.959999,20.959999,6900
2011-06-24,20.4,20.879999,20.0,20.0,20.0,5500
2011-06-27,20.0,20.719999,19.68,20.24,20.24,2700
2011-06-28,19.76,21.200001,19.76,21.120001,21.120001,3900
2011-06-29,21.440001,21.440001,19.6,20.32,20.32,8200
2011-06-30,20.4,21.440001,20.4,21.440001,21.440001,6600
2011-07-01,21.440001,22.0,20.879999,21.440001,21.440001,11600
2011-07-05,21.6,21.92,20.559999,21.360001,21.360001,9900
2011-07-06,21.6,21.6,20.16,21.360001,21.360001,9300
2011-07-07,21.360001,21.6,20.639999,21.200001,21.200001,5100
2011-07-08,21.52,26.719999,20.559999,25.6,25.6,84500
2011-07-11,25.120001,26.32,24.799999,26.08,26.08,19100
2011-07-12,24.959999,25.6,24.639999,25.120001,25.120001,5500
2011-07-13,24.879999,26.32,24.719999,26.16,26.16,12200
2011-07-14,26.32,27.200001,25.52,25.76,25.76,13300
2011-07-15,25.68,26.32,24.959999,25.92,25.92,5400
2011-07-18,26.0,26.0,23.440001,23.76,23.76,33500
2011-07-19,24.559999,24.799999,23.360001,24.719999,24.719999,7400
2011-07-20,24.799999,24.959999,24.08,24.48,24.48,1500
2011-07-21,23.92,24.4,23.200001,24.24,24.24,5800
2011-07-22,24.4,24.799999,24.0,24.32,24.32,4700
2011-07-25,24.0,24.16,22.559999,24.0,24.0,7400
2011-07-26,24.4,24.4,23.040001,23.040001,23.040001,6000
2011-07-27,22.959999,23.200001,22.48,23.200001,23.200001,9000
2011-07-28,22.799999,22.799999,21.6,21.68,21.68,13100
2011-07-29,21.6,21.76,19.200001,20.639999,20.639999,25700
2011-08-01,20.799999,21.6,20.24,20.799999,20.799999,4900
2011-08-02,20.48,22.32,20.48,21.52,21.52,4400
2011-08-03,21.6,21.76,20.16,20.16,20.16,2900
2011-08-04,20.4,20.719999,19.200001,20.24,20.24,13900
2011-08-05,20.4,20.719999,17.84,20.24,20.24,10800
2011-08-08,18.879999,19.84,18.0,18.639999,18.639999,9100
2011-08-09,17.92,19.84,17.92,19.84,19.84,4700
2011-08-10,19.280001,20.719999,18.799999,20.08,20.08,11100
2011-08-11,20.0,20.08,18.799999,19.52,19.52,3900
2011-08-12,19.6,20.0,18.4,19.360001,19.360001,4900
2011-08-15,19.52,20.4,19.52,19.92,19.92,2000
2011-08-16,19.360001,19.360001,18.559999,18.799999,18.799999,17400
2011-08-17,19.040001,20.08,18.4,20.08,20.08,6000
2011-08-18,19.040001,20.16,18.959999,19.440001,19.440001,3800
2011-08-19,18.879999,20.16,18.0,19.52,19.52,13500
2011-08-22,19.92,19.92,17.76,18.959999,18.959999,8400
2011-08-23,17.92,18.48,17.440001,17.68,17.68,8000
2011-08-24,17.76,18.24,16.799999,17.360001,17.360001,9300
2011-08-25,17.6,18.16,17.040001,17.040001,17.040001,3800
2011-08-26,16.799999,18.32,16.639999,17.200001,17.200001,3700
2011-08-29,17.200001,17.280001,16.639999,17.040001,17.040001,3600
2011-08-30,16.559999,17.6,16.559999,17.440001,17.440001,6200
2011-08-31,17.6,18.799999,17.6,18.48,18.48,3900
2011-09-01,18.32,18.879999,17.84,18.799999,18.799999,4800
2011-09-02,17.6,18.959999,17.6,18.08,18.08,5300
2011-09-06,17.92,18.879999,17.52,18.639999,18.639999,2900
2011-09-07,18.4,18.959999,17.120001,18.4,18.4,8300
2011-09-08,18.639999,19.040001,17.6,18.799999,18.799999,6300
2011-09-09,19.120001,23.360001,17.6,18.719999,18.719999,10300
2011-09-12,18.879999,20.24,18.4,18.559999,18.559999,5500
2011-09-13,18.799999,19.120001,17.76,18.08,18.08,1900
2011-09-14,18.16,19.120001,17.68,18.799999,18.799999,1900
2011-09-15,18.4,18.799999,18.0,18.4,18.4,800
2011-09-16,18.16,19.280001,18.08,18.799999,18.799999,2400
2011-09-19,18.4,22.639999,17.6,22.32,22.32,29600
2011-09-20,24.0,24.32,19.6,19.92,19.92,54400
2011-09-21,19.52,19.84,18.0,18.0,18.0,16200
2011-09-22,18.0,18.559999,17.6,18.0,18.0,8400
2011-09-23,17.68,17.92,16.959999,17.440001,17.440001,10600
2011-09-26,16.959999,17.040001,15.36,15.6,15.6,12400
2011-09-27,16.0,16.959999,15.2,15.28,15.28,24700
2011-09-28,15.04,15.84,14.56,14.64,14.64,8300
2011-09-29,14.72,15.2,12.8,13.92,13.92,22600
2011-09-30,13.52,14.72,13.12,14.64,14.64,7300
2011-10-03,14.24,14.72,12.8,14.16,14.16,5400
2011-10-04,14.4,14.56,12.8,14.24,14.24,5800
2011-10-05,14.08,14.08,12.88,14.08,14.08,3700
2011-10-06,13.84,14.72,13.84,14.4,14.4,8900
2011-10-07,14.8,14.8,14.4,14.4,14.4,2400
2011-10-10,14.64,15.04,14.48,14.48,14.48,3200
2011-10-11,14.8,14.88,14.4,14.88,14.88,4000
2011-10-12,14.96,16.0,14.96,15.68,15.68,4300
2011-10-13,15.68,15.76,14.88,15.52,15.52,1400
2011-10-14,15.6,15.76,15.2,15.76,15.76,4400
2011-10-17,15.12,16.32,15.12,16.32,16.32,2500
2011-10-18,16.32,17.120001,15.92,17.120001,17.120001,4200
2011-10-19,17.200001,17.52,16.719999,17.440001,17.440001,2900
2011-10-20,17.92,17.92,14.88,17.6,17.6,3000
2011-10-21,16.799999,17.52,16.0,16.639999,16.639999,1000
2011-10-24,16.4,17.120001,15.6,16.4,16.4,7800
2011-10-25,17.440001,17.440001,13.76,14.96,14.96,8200
2011-10-26,14.88,14.96,13.92,14.96,14.96,600
2011-10-27,15.36,15.84,14.24,15.28,15.28,3800
2011-10-28,15.28,16.08,15.12,15.84,15.84,3900
2011-10-31,15.28,16.559999,15.28,15.92,15.92,5200
2011-11-01,14.08,16.4,14.08,15.36,15.36,2100
2011-11-02,14.32,16.0,14.0,14.8,14.8,6500
2011-11-03,14.8,15.92,14.64,15.92,15.92,5100
2011-11-04,16.0,16.879999,15.6,16.799999,16.799999,8300
2011-11-07,17.440001,18.0,16.959999,17.92,17.92,10100
2011-11-08,18.08,18.639999,17.6,18.32,18.32,8000
2011-11-09,18.32,19.440001,16.719999,17.6,17.6,14000
2011-11-10,17.76,18.4,16.799999,18.0,18.0,6000
2011-11-11,18.0,18.08,17.200001,17.200001,17.200001,4100
2011-11-14,15.44,16.799999,15.44,16.0,16.0,6200
2011-11-15,15.52,15.6,13.04,14.56,14.56,11800
2011-11-16,14.4,15.2,14.16,14.72,14.72,2300
2011-11-17,14.72,15.6,14.4,14.72,14.72,9400
2011-11-18,14.64,15.76,14.64,15.44,15.44,2300
2011-11-21,14.96,16.639999,14.96,16.16,16.16,4600
2011-11-22,15.2,16.24,14.88,14.88,14.88,2500
2011-11-23,14.88,15.44,14.88,15.2,15.2,2800
2011-11-25,15.12,16.0,14.64,15.92,15.92,1600
2011-11-28,16.0,16.0,14.72,15.36,15.36,8900
2011-11-29,15.12,15.84,14.88,15.6,15.6,1000
2011-11-30,15.6,15.92,14.64,15.36,15.36,3100
2011-12-01,15.36,15.92,14.88,15.44,15.44,2200
2011-12-02,15.44,15.92,15.44,15.44,15.44,700
2011-12-05,15.84,15.92,14.8,15.28,15.28,2800
2011-12-06,15.2,15.68,14.64,15.2,15.2,3600
2011-12-07,14.96,15.68,14.8,15.36,15.36,1900
2011-12-08,14.88,15.52,14.72,15.12,15.12,3100
2011-12-09,15.12,15.2,14.0,14.8,14.8,7100
2011-12-12,14.88,15.2,14.4,14.72,14.72,2900
2011-12-13,14.48,14.72,13.92,14.48,14.48,2000
2011-12-14,14.4,14.8,13.44,13.52,13.52,3300
2011-12-15,13.76,14.4,13.52,13.84,13.84,5100
2011-12-16,13.92,15.2,13.92,14.96,14.96,3400
2011-12-19,15.04,15.2,14.4,14.72,14.72,3600
2011-12-20,14.8,14.8,13.6,14.0,14.0,3900
2011-12-21,14.0,14.4,13.6,14.4,14.4,4400
2011-12-22,14.4,15.04,14.24,14.96,14.96,5000
2011-12-23,14.4,14.96,14.16,14.96,14.96,5300
2011-12-27,14.8,15.76,14.0,15.28,15.28,7200
2011-12-28,15.2,15.2,13.92,14.0,14.0,3800
2011-12-29,14.0,15.2,14.0,15.2,15.2,11300
2011-12-30,13.92,15.04,13.92,14.88,14.88,5900
2012-01-03,14.72,15.04,14.48,14.56,14.56,3400
2012-01-04,13.84,15.12,13.84,14.8,14.8,1100
2012-01-05,14.64,14.8,14.08,14.24,14.24,2400
2012-01-06,14.16,14.32,13.84,14.24,14.24,1000
2012-01-09,14.56,14.56,13.76,14.56,14.56,3800
2012-01-10,14.48,14.56,13.92,13.92,13.92,900
2012-01-11,13.92,13.92,12.8,13.12,13.12,11700
2012-01-12,13.12,13.6,12.64,13.52,13.52,2700
2012-01-13,13.44,14.08,13.04,13.52,13.52,2800
2012-01-17,13.6,13.68,12.8,12.8,12.8,2200
2012-01-18,13.12,13.6,12.72,12.96,12.96,4000
2012-01-19,12.8,13.6,12.8,13.2,13.2,6900
2012-01-20,12.96,13.6,12.96,13.52,13.52,14800
2012-01-23,13.36,14.0,13.2,13.6,13.6,16200
2012-01-24,13.68,14.0,13.28,13.68,13.68,15100
2012-01-25,13.76,13.92,13.52,13.92,13.92,8200
2012-01-26,14.0,14.56,13.84,14.4,14.4,23400
2012-01-27,14.56,14.56,13.6,14.4,14.4,4800
2012-01-30,14.24,14.24,13.36,13.92,13.92,4300
2012-01-31,13.76,13.92,13.44,13.76,13.76,4200
2012-02-01,13.76,13.92,13.04,13.28,13.28,5500
2012-02-02,13.28,13.6,13.28,13.44,13.44,5000
2012-02-03,13.52,13.68,13.28,13.6,13.6,5300
2012-02-06,13.36,13.6,13.2,13.36,13.36,2500
2012-02-07,13.44,14.0,13.28,13.6,13.6,12000
2012-02-08,13.6,14.4,13.44,13.92,13.92,26000
2012-02-09,14.16,14.56,13.44,14.24,14.24,10800
2012-02-10,14.64,14.64,14.32,14.4,14.4,5000
2012-02-13,14.56,14.8,14.16,14.16,14.16,11600
2012-02-14,14.16,14.48,13.44,14.0,14.0,3300
2012-02-15,14.08,14.32,13.76,13.92,13.92,12000
2012-02-16,13.76,13.92,13.44,13.84,13.84,12100
2012-02-17,13.6,13.84,13.44,13.68,13.68,11100
2012-02-21,13.68,13.92,13.44,13.76,13.76,7400
2012-02-22,13.84,13.84,13.36,13.84,13.84,11700
2012-02-23,13.6,13.6,12.8,13.36,13.36,7600
2012-02-24,13.12,13.36,12.96,13.2,13.2,3300
2012-02-27,13.36,13.44,12.96,13.28,13.28,2500
2012-02-28,13.44,13.44,12.96,13.04,13.04,3100
2012-02-29,13.28,13.36,12.88,12.88,12.88,1600
2012-03-01,13.12,13.36,12.88,13.36,13.36,6200
2012-03-02,13.04,13.68,13.04,13.28,13.28,25700
2012-03-05,13.68,13.68,13.04,13.36,13.36,3800
2012-03-06,13.2,13.44,12.88,12.88,12.88,5200
2012-03-07,12.88,13.12,12.88,12.96,12.96,700
2012-03-08,12.96,12.96,12.8,12.88,12.88,3800
2012-03-09,12.88,13.2,12.8,12.96,12.96,9500
2012-03-12,12.8,13.2,12.72,12.72,12.72,2000
2012-03-13,12.96,13.12,12.0,12.88,12.88,5700
2012-03-14,12.16,12.48,12.08,12.24,12.24,8900
2012-03-15,12.0,12.56,12.0,12.16,12.16,4100
2012-03-16,12.08,12.48,12.0,12.0,12.0,10500
2012-03-19,12.0,12.72,12.0,12.32,12.32,5000
2012-03-20,12.08,12.32,11.76,11.76,11.76,5000
2012-03-21,12.0,12.16,11.76,12.0,12.0,1300
2012-03-22,11.84,12.16,11.84,12.0,12.0,1500
2012-03-23,11.84,12.4,11.76,12.24,12.24,2200
2012-03-26,12.32,12.48,11.28,11.84,11.84,8900
2012-03-27,11.76,12.0,11.44,11.68,11.68,3500
2012-03-28,11.68,13.44,11.2,12.48,12.48,45400
2012-03-29,12.64,13.12,11.84,12.24,12.24,12300
2012-03-30,12.16,12.8,12.0,12.16,12.16,1900
2012-04-02,12.48,13.12,11.84,12.56,12.56,6500
2012-04-03,12.32,12.64,12.0,12.64,12.64,9100
2012-04-04,12.64,12.88,12.56,12.64,12.64,2100
2012-04-05,12.64,13.12,12.4,13.12,13.12,2800
2012-04-09,12.96,12.96,12.4,12.88,12.88,3800
2012-04-10,12.64,12.8,12.08,12.4,12.4,1800
2012-04-11,12.48,12.64,12.16,12.16,12.16,2200
2012-04-12,12.16,12.64,12.16,12.64,12.64,2700
2012-04-13,12.88,12.88,12.32,12.72,12.72,800
2012-04-16,12.72,12.72,12.32,12.64,12.64,1000
2012-04-17,12.72,12.72,11.36,12.08,12.08,11200
2012-04-18,11.76,12.56,11.76,12.48,12.48,4200
2012-04-19,12.48,12.48,12.0,12.4,12.4,4900
2012-04-20,14.8,17.92,13.92,14.64,14.64,148300
2012-04-23,15.2,15.2,14.0,14.4,14.4,17400
2012-04-24,14.32,14.8,13.68,13.92,13.92,4400
2012-04-25,14.16,15.44,13.52,14.32,14.32,20800
2012-04-26,14.16,14.56,13.76,13.92,13.92,6500
2012-04-27,14.16,15.04,13.6,13.6,13.6,12000
2012-04-30,14.0,14.0,13.2,13.92,13.92,3300
2012-05-01,13.92,14.4,13.84,13.92,13.92,1300
2012-05-02,13.52,14.24,13.36,13.6,13.6,600
2012-05-03,13.84,14.56,13.6,14.56,14.56,3300
2012-05-04,14.24,14.4,14.16,14.4,14.4,800
2012-05-07,14.24,15.36,14.24,14.8,14.8,5500
2012-05-08,15.04,15.04,14.4,14.48,14.48,3400
2012-05-09,14.96,15.04,14.48,14.88,14.88,7700
2012-05-10,14.88,15.36,14.56,15.04,15.04,4100
2012-05-11,15.36,15.36,14.64,14.8,14.8,4700
2012-05-14,14.56,14.56,14.24,14.4,14.4,4600
2012-05-15,14.24,14.24,10.96,12.16,12.16,14100
2012-05-16,12.0,13.6,12.0,13.52,13.52,4700
2012-05-17,13.04,13.68,12.72,13.6,13.6,10000
2012-05-18,13.28,13.6,12.24,12.32,12.32,9700
2012-05-21,12.08,12.4,11.6,11.6,11.6,3800
2012-05-22,12.0,12.4,11.6,11.68,11.68,6600
2012-05-23,11.84,11.84,11.44,11.6,11.6,5800
2012-05-24,11.76,12.0,11.6,11.68,11.68,6800
2012-05-25,11.68,12.24,11.2,11.68,11.68,6100
2012-05-29,11.6,11.92,11.52,11.92,11.92,2800
2012-05-30,11.68,13.2,11.2,11.76,11.76,10000
2012-05-31,11.84,12.24,11.84,12.0,12.0,1400
2012-06-01,12.08,12.8,12.0,12.32,12.32,1900
2012-06-04,12.24,13.6,12.24,12.88,12.88,8100
2012-06-05,13.2,13.36,13.12,13.36,13.36,3600
2012-06-06,13.2,13.2,12.4,12.4,12.4,4200
2012-06-07,12.32,12.96,11.84,12.48,12.48,3600
2012-06-08,12.4,12.72,12.16,12.64,12.64,1000
2012-06-11,12.48,13.04,12.48,12.56,12.56,100
2012-06-12,12.72,12.72,12.48,12.48,12.48,300
2012-06-13,12.4,12.48,12.08,12.08,12.08,1100
2012-06-14,12.16,12.72,12.08,12.16,12.16,1600
2012-06-15,12.4,12.4,12.32,12.32,12.32,900
2012-06-18,12.32,12.4,12.16,12.4,12.4,3000
2012-06-19,12.48,12.88,12.4,12.88,12.88,800
2012-06-20,12.8,12.8,12.4,12.48,12.48,1500
2012-06-21,12.16,12.16,11.84,11.84,11.84,1500
2012-06-22,12.32,13.84,11.76,12.24,12.24,17500
2012-06-25,12.0,12.16,11.68,12.08,12.08,3500
2012-06-26,12.0,12.0,11.68,11.92,11.92,500
2012-06-27,12.0,12.24,11.52,12.16,12.16,3300
2012-06-28,12.16,12.16,11.6,12.08,12.08,2600
2012-06-29,12.0,12.8,12.0,12.8,12.8,2600
2012-07-02,12.56,12.72,12.08,12.16,12.16,900
2012-07-03,12.16,12.56,12.0,12.08,12.08,2800
2012-07-05,12.32,13.12,12.32,12.72,12.72,2500
2012-07-06,12.64,13.2,12.48,12.96,12.96,1900
2012-07-09,12.8,13.52,12.56,12.88,12.88,5100
2012-07-10,12.56,13.68,12.56,12.72,12.72,4800
2012-07-11,12.72,13.2,12.72,12.88,12.88,1100
2012-07-12,12.96,12.96,12.16,12.8,12.8,2900
2012-07-13,12.8,12.96,12.64,12.64,12.64,1700
2012-07-16,12.64,12.72,12.4,12.4,12.4,2200
2012-07-17,12.56,12.56,12.16,12.32,12.32,3100
2012-07-18,12.16,12.56,11.92,12.08,12.08,2900
2012-07-19,12.08,12.4,12.0,12.32,12.32,1500
2012-07-20,12.16,12.56,12.16,12.56,12.56,2000
2012-07-23,12.56,12.56,11.68,12.24,12.24,7800
2012-07-24,12.24,12.56,11.92,12.48,12.48,5500
2012-07-25,12.0,12.08,11.68,11.68,11.68,7000
2012-07-26,11.68,12.16,10.8,11.12,11.12,10800
2012-07-27,11.6,11.68,11.2,11.2,11.2,1900
2012-07-30,10.72,11.2,10.64,10.64,10.64,3400
2012-07-31,10.72,11.2,10.64,10.88,10.88,3900
2012-08-01,10.88,11.2,10.88,11.2,11.2,2300
2012-08-02,11.2,11.2,10.48,11.04,11.04,2400
2012-08-03,11.04,11.2,10.64,10.72,10.72,2400
2012-08-06,10.64,11.28,10.64,11.28,11.28,7200
2012-08-07,11.28,12.4,11.2,11.84,11.84,9300
2012-08-08,12.08,12.64,12.0,12.48,12.48,7800
2012-08-09,12.08,12.56,12.0,12.32,12.32,3700
2012-08-10,12.08,12.56,12.08,12.48,12.48,5500
2012-08-13,12.4,12.96,12.4,12.96,12.96,14000
2012-08-14,13.2,14.0,13.2,13.6,13.6,6500
2012-08-15,13.92,14.08,13.6,14.0,14.0,8400
2012-08-16,13.84,13.84,13.12,13.52,13.52,500
2012-08-17,13.2,13.52,12.64,12.72,12.72,800
2012-08-20,12.32,14.4,12.16,12.88,12.88,4400
2012-08-21,12.96,13.6,12.08,12.4,12.4,3500
2012-08-22,12.72,12.88,11.68,11.92,11.92,4500
2012-08-23,11.6,12.4,11.6,11.76,11.76,800
2012-08-24,11.92,12.4,11.92,12.16,12.16,5500
2012-08-27,12.48,12.72,12.4,12.4,12.4,3000
2012-08-28,12.64,13.2,12.64,12.88,12.88,5100
2012-08-29,13.2,14.4,13.2,13.68,13.68,13000
2012-08-30,13.84,14.0,13.2,13.84,13.84,1800
2012-08-31,14.0,14.48,13.6,14.0,14.0,4900
2012-09-04,14.0,14.4,13.6,13.76,13.76,2700
2012-09-05,13.92,14.24,13.68,13.76,13.76,3600
2012-09-06,14.0,14.4,13.76,14.0,14.0,1200
2012-09-07,14.08,14.08,13.6,13.6,13.6,2100
2012-09-10,13.6,13.84,13.44,13.6,13.6,800
2012-09-11,13.36,13.6,12.96,13.28,13.28,2900
2012-09-12,12.96,13.44,12.88,12.88,12.88,1400
2012-09-13,12.88,13.52,12.4,13.04,13.04,1300
2012-09-14,13.28,13.6,12.4,13.28,13.28,7800
2012-09-17,12.56,13.52,12.56,13.44,13.44,2600
2012-09-18,12.8,13.44,12.8,13.44,13.44,900
2012-09-19,12.96,13.76,12.96,13.36,13.36,2400
2012-09-20,13.12,13.6,13.12,13.12,13.12,3000
2012-09-21,13.28,13.76,13.28,13.36,13.36,3300
2012-09-24,13.6,13.76,13.28,13.36,13.36,1700
2012-09-25,13.6,13.6,12.96,13.04,13.04,5200
2012-09-26,13.28,13.6,12.8,12.96,12.96,1500
2012-09-27,13.2,13.2,12.56,12.72,12.72,9500
2012-09-28,12.72,12.8,12.72,12.8,12.8,1200
2012-10-01,12.8,13.2,12.8,13.2,13.2,200
2012-10-02,13.2,13.52,12.88,12.88,12.88,1100
2012-10-03,12.88,12.96,12.0,12.56,12.56,6000
2012-10-04,12.56,12.72,12.24,12.64,12.64,1900
2012-10-05,12.64,13.12,12.32,12.4,12.4,3200
2012-10-08,12.72,13.04,12.32,12.4,12.4,2300
2012-10-09,12.32,13.28,12.32,13.12,13.12,1700
2012-10-10,13.04,13.04,12.4,12.48,12.48,3500
2012-10-11,12.8,12.88,12.4,12.48,12.48,1200
2012-10-12,12.4,12.56,12.4,12.4,12.4,1800
2012-10-15,12.48,12.96,12.48,12.72,12.72,600
2012-10-16,12.56,12.88,12.56,12.88,12.88,1500
2012-10-17,12.88,13.52,12.88,13.12,13.12,2300
2012-10-18,13.2,13.92,13.2,13.68,13.68,5200
2012-10-19,13.52,14.24,12.96,13.92,13.92,5100
2012-10-22,13.76,15.04,13.44,14.64,14.64,9700
2012-10-23,14.8,14.8,14.32,14.32,14.32,2200
2012-10-24,14.64,14.64,14.08,14.4,14.4,900
2012-10-25,14.48,14.56,14.48,14.56,14.56,800
2012-10-26,14.64,14.96,14.4,14.48,14.48,4400
2012-10-31,14.72,15.44,14.4,15.12,15.12,13300
2012-11-01,14.88,14.88,14.0,14.48,14.48,1500
2012-11-02,14.48,14.48,14.0,14.48,14.48,4400
2012-11-05,14.48,14.48,14.0,14.24,14.24,1500
2012-11-06,14.08,14.16,14.08,14.16,14.16,2500
2012-11-07,14.4,14.4,14.0,14.32,14.32,3900
2012-11-08,14.32,14.32,14.08,14.08,14.08,2200
2012-11-09,13.92,14.4,13.92,14.4,14.4,3000
2012-11-12,14.4,14.4,14.08,14.4,14.4,500
2012-11-13,14.24,14.96,14.0,14.48,14.48,4500
2012-11-14,14.08,14.88,14.08,14.56,14.56,5100
2012-11-15,14.32,14.4,13.2,13.52,13.52,4300
2012-11-16,13.76,13.76,13.12,13.2,13.2,3900
2012-11-19,13.28,13.76,13.2,13.2,13.2,6900
2012-11-20,13.2,14.16,13.2,14.16,14.16,3900
2012-11-21,13.76,14.0,13.76,13.84,13.84,800
2012-11-23,14.0,14.0,13.68,13.76,13.76,500
2012-11-26,13.6,14.24,13.44,14.08,14.08,2200
2012-11-27,13.92,14.4,13.76,14.0,14.0,2400
2012-11-28,14.0,14.4,14.0,14.08,14.08,3200
2012-11-29,14.0,14.72,14.0,14.64,14.64,7600
2012-11-30,14.72,14.72,14.16,14.72,14.72,33100
2012-12-03,14.8,15.92,14.8,14.96,14.96,15600
2012-12-04,15.36,15.6,14.88,14.88,14.88,4500
2012-12-05,15.12,15.2,14.64,15.04,15.04,4500
2012-12-06,14.8,15.2,14.72,15.04,15.04,200
2012-12-07,15.04,15.6,15.04,15.6,15.6,3400
2012-12-10,15.84,16.639999,15.6,16.0,16.0,10000
2012-12-11,16.559999,17.200001,16.08,16.719999,16.719999,16900
2012-12-12,17.120001,17.52,16.959999,17.360001,17.360001,9400
2012-12-13,17.360001,17.440001,15.92,16.16,16.16,4900
2012-12-14,16.08,16.559999,16.08,16.559999,16.559999,800
2012-12-17,16.959999,17.120001,16.0,16.16,16.16,3400
2012-12-18,16.32,16.4,16.0,16.08,16.08,4200
2012-12-19,16.4,16.4,15.68,15.92,15.92,7700
2012-12-20,15.76,16.32,15.76,16.16,16.16,2400
2012-12-21,16.08,16.559999,16.08,16.32,16.32,3000
2012-12-24,16.559999,16.879999,16.24,16.24,16.24,5500
2012-12-26,16.16,16.48,16.16,16.32,16.32,2500
2012-12-27,16.16,16.48,16.16,16.32,16.32,3800
2012-12-28,16.32,16.799999,15.6,16.32,16.32,4900
2012-12-31,16.32,16.4,16.0,16.16,16.16,10900
2013-01-02,16.32,17.120001,16.32,16.959999,16.959999,7100
2013-01-03,17.200001,17.200001,16.639999,16.639999,16.639999,4800
2013-01-04,16.719999,16.799999,16.32,16.48,16.48,8300
2013-01-07,16.48,17.6,16.4,17.6,17.6,10200
2013-01-08,17.360001,18.32,17.280001,17.76,17.76,8900
2013-01-09,18.08,19.84,17.92,19.440001,19.440001,28500
2013-01-10,20.0,20.16,19.440001,19.68,19.68,15900
2013-01-11,20.0,20.799999,19.68,20.32,20.32,7900
2013-01-14,20.799999,22.4,20.559999,22.4,22.4,23800
2013-01-15,22.879999,23.200001,19.52,21.120001,21.120001,53700
2013-01-16,20.48,21.52,20.48,21.120001,21.120001,8800
2013-01-17,21.120001,21.200001,19.52,19.76,19.76,13300
2013-01-18,19.6,20.959999,19.200001,20.799999,20.799999,6800
2013-01-22,21.200001,22.24,21.040001,22.24,22.24,13300
2013-01-23,22.4,22.4,21.52,21.92,21.92,14700
2013-01-24,22.0,22.24,21.040001,21.84,21.84,7300
2013-01-25,21.84,21.84,20.959999,21.360001,21.360001,2700
2013-01-28,20.799999,21.360001,19.92,20.32,20.32,4800
2013-01-29,20.639999,20.639999,19.440001,19.84,19.84,6600
2013-01-30,19.6,19.6,18.16,18.639999,18.639999,18600
2013-01-31,18.4,19.280001,18.4,19.200001,19.200001,6600
2013-02-01,19.52,19.76,18.24,19.200001,19.200001,3900
2013-02-04,19.360001,19.360001,18.4,18.799999,18.799999,4600
2013-02-05,19.040001,19.360001,18.959999,19.120001,19.120001,4300
2013-02-06,19.120001,19.76,18.799999,18.879999,18.879999,4200
2013-02-07,18.799999,18.879999,18.0,18.32,18.32,6600
2013-02-08,18.0,18.799999,17.68,18.0,18.0,5500
2013-02-11,18.4,18.4,17.68,17.92,17.92,2700
2013-02-12,18.16,20.0,17.76,19.84,19.84,12400
2013-02-13,20.24,21.92,19.52,20.48,20.48,12500
2013-02-14,20.879999,21.200001,19.040001,20.0,20.0,6000
2013-02-15,20.799999,20.799999,20.08,20.4,20.4,2300
2013-02-19,20.4,21.6,20.4,20.879999,20.879999,11400
2013-02-20,21.360001,21.360001,20.24,20.4,20.4,5400
2013-02-21,20.639999,20.719999,18.4,18.559999,18.559999,7200
2013-02-22,19.040001,20.48,18.559999,19.6,19.6,4800
2013-02-25,20.0,20.799999,20.0,20.4,20.4,1800
2013-02-26,20.4,20.48,20.0,20.48,20.48,3200
2013-02-27,20.0,20.4,19.6,19.6,19.6,2800
2013-02-28,19.6,19.92,19.280001,19.280001,19.280001,3600
2013-03-01,18.879999,19.52,18.879999,19.280001,19.280001,2900
2013-03-04,19.360001,20.0,19.360001,19.52,19.52,1400
2013-03-05,19.84,19.92,18.959999,19.360001,19.360001,2300
2013-03-06,19.360001,19.84,19.360001,19.68,19.68,2100
2013-03-07,19.84,19.84,19.360001,19.440001,19.440001,1600
2013-03-08,19.280001,20.0,19.120001,19.92,19.92,4200
2013-03-11,19.68,21.120001,19.68,20.32,20.32,2900
2013-03-12,20.559999,20.799999,19.92,20.639999,20.639999,2100
2013-03-13,19.200001,20.24,18.959999,20.08,20.08,2100
2013-03-14,19.68,20.639999,18.799999,19.120001,19.120001,7400
2013-03-15,19.120001,19.6,18.559999,18.959999,18.959999,4000
2013-03-18,18.959999,18.959999,17.92,18.4,18.4,4300
2013-03-19,18.08,18.32,17.200001,17.52,17.52,6500
2013-03-20,17.360001,17.440001,16.16,16.4,16.4,8300
2013-03-21,16.639999,17.68,16.24,16.639999,16.639999,5000
2013-03-22,16.639999,18.0,16.0,17.68,17.68,11200
2013-03-25,17.68,17.68,17.120001,17.360001,17.360001,1900
2013-03-26,17.280001,17.84,17.200001,17.6,17.6,2100
2013-03-27,17.360001,18.959999,17.200001,18.799999,18.799999,4100
2013-03-28,18.959999,18.959999,18.0,18.4,18.4,1600
2013-04-01,20.0,20.0,17.440001,17.52,17.52,4900
2013-04-02,17.440001,18.0,17.440001,17.52,17.52,2200
2013-04-03,17.68,20.0,17.52,17.84,17.84,10200
2013-04-04,18.0,18.08,17.76,17.76,17.76,1500
2013-04-05,18.0,18.48,18.0,18.4,18.4,2300
2013-04-08,18.559999,19.280001,17.84,18.32,18.32,1100
2013-04-09,18.0,18.4,17.68,18.16,18.16,3100
2013-04-10,17.68,18.32,17.6,17.68,17.68,2700
2013-04-11,17.440001,18.0,17.200001,17.6,17.6,1800
2013-04-12,17.6,17.68,17.280001,17.280001,17.280001,4600
2013-04-15,17.200001,17.200001,16.0,16.4,16.4,8000
2013-04-16,16.4,17.6,16.0,17.52,17.52,3100
2013-04-17,17.92,17.92,16.959999,17.040001,17.040001,7900
2013-04-18,17.6,17.6,16.959999,17.52,17.52,4500
2013-04-19,17.76,18.32,17.440001,18.16,18.16,5200
2013-04-22,18.32,18.879999,17.6,17.84,17.84,7700
2013-04-23,18.0,18.0,17.440001,17.68,17.68,5200
2013-04-24,17.6,17.92,16.799999,16.959999,16.959999,3500
2013-04-25,17.200001,18.0,16.799999,17.360001,17.360001,4600
2013-04-26,17.68,17.84,17.280001,17.440001,17.440001,2400
2013-04-29,17.76,18.0,17.200001,17.200001,17.200001,2700
2013-04-30,17.200001,17.52,16.879999,17.52,17.52,5500
2013-05-01,17.120001,17.360001,16.799999,17.040001,17.040001,1800
2013-05-02,16.959999,17.200001,16.16,16.24,16.24,9000
2013-05-03,16.639999,17.200001,16.48,16.559999,16.559999,2700
2013-05-06,16.719999,17.280001,16.719999,17.200001,17.200001,3000
2013-05-07,17.440001,17.440001,16.879999,17.120001,17.120001,3800
2013-05-08,16.879999,17.6,16.879999,17.040001,17.040001,1000
2013-05-09,17.040001,17.040001,16.879999,16.959999,16.959999,1400
2013-05-10,16.959999,17.6,16.959999,17.200001,17.200001,1800
2013-05-13,17.440001,17.6,17.040001,17.120001,17.120001,1300
2013-05-14,17.440001,19.76,17.120001,18.48,18.48,58600
2013-05-15,18.879999,19.84,18.32,19.6,19.6,25600
2013-05-16,19.76,20.16,18.24,18.799999,18.799999,12900
2013-05-17,18.48,18.879999,17.92,18.0,18.0,5900
2013-05-20,16.639999,18.0,16.4,16.959999,16.959999,13800
2013-05-21,16.879999,17.92,16.879999,17.440001,17.440001,7700
2013-05-22,17.68,18.16,17.6,17.6,17.6,7200
2013-05-23,17.6,17.92,17.200001,17.52,17.52,3500
2013-05-24,17.360001,17.6,17.200001,17.280001,17.280001,1800
2013-05-28,17.280001,17.76,17.200001,17.360001,17.360001,3200
2013-05-29,17.52,17.92,17.200001,17.200001,17.200001,2300
2013-05-30,17.200001,17.6,17.200001,17.280001,17.280001,1600
2013-05-31,17.360001,17.52,17.200001,17.200001,17.200001,4400
2013-06-03,17.52,17.76,17.440001,17.6,17.6,3300
2013-06-04,17.52,18.0,17.280001,17.440001,17.440001,2300
2013-06-05,17.280001,17.440001,16.879999,17.440001,17.440001,3800
2013-06-06,17.440001,17.440001,16.879999,17.120001,17.120001,3100
2013-06-07,16.959999,18.08,16.959999,17.68,17.68,1500
2013-06-10,17.6,17.76,17.280001,17.68,17.68,2700
2013-06-11,17.6,17.68,17.200001,17.280001,17.280001,2200
2013-06-12,17.280001,17.280001,17.280001,17.280001,17.280001,100
2013-06-13,17.120001,17.360001,16.959999,17.120001,17.120001,1900
2013-06-14,17.120001,17.120001,17.120001,17.120001,17.120001,0
2013-06-17,17.040001,17.360001,17.040001,17.360001,17.360001,2100
2013-06-18,17.120001,17.6,17.120001,17.200001,17.200001,2400
2013-06-19,17.200001,17.280001,16.959999,17.120001,17.120001,3000
2013-06-20,17.040001,17.040001,16.799999,16.879999,16.879999,5700
2013-06-21,16.799999,17.200001,16.799999,16.879999,16.879999,700
2013-06-24,17.040001,17.040001,16.16,16.24,16.24,7400
2013-06-25,16.24,16.4,15.6,15.84,15.84,5800
2013-06-26,16.0,16.0,15.6,15.84,15.84,3200
2013-06-27,16.0,16.48,16.0,16.32,16.32,2200
2013-06-28,16.16,16.32,15.84,16.16,16.16,900
2013-07-01,16.08,16.48,16.08,16.48,16.48,1100
2013-07-02,16.24,16.48,16.24,16.4,16.4,1000
2013-07-03,16.24,16.719999,16.24,16.559999,16.559999,1500
2013-07-05,16.879999,16.879999,16.4,16.719999,16.719999,400
2013-07-08,16.719999,17.280001,16.719999,17.200001,17.200001,600
2013-07-09,16.799999,17.440001,16.639999,17.200001,17.200001,3700
2013-07-10,17.200001,18.48,16.879999,17.6,17.6,24400
2013-07-11,17.76,18.32,17.280001,17.84,17.84,4900
2013-07-12,17.52,18.08,17.360001,17.68,17.68,3400
2013-07-15,17.92,18.4,17.68,18.32,18.32,7600
2013-07-16,18.24,18.799999,18.16,18.799999,18.799999,12200
2013-07-17,18.48,19.360001,18.48,19.120001,19.120001,10200
2013-07-18,18.799999,18.799999,18.16,18.32,18.32,2300
2013-07-19,18.4,18.559999,18.0,18.32,18.32,1600
2013-07-22,18.24,18.959999,18.24,18.799999,18.799999,3900
2013-07-23,18.799999,18.799999,18.4,18.799999,18.799999,1500
2013-07-24,18.799999,18.799999,18.32,18.4,18.4,900
2013-07-25,18.48,18.799999,18.48,18.799999,18.799999,1500
2013-07-26,18.799999,19.120001,18.4,18.719999,18.719999,7700
2013-07-29,18.24,18.639999,17.68,18.08,18.08,7000
2013-07-30,18.24,18.719999,18.08,18.48,18.48,2200
2013-07-31,18.32,18.48,17.76,18.16,18.16,2900
2013-08-01,18.4,18.4,18.16,18.32,18.32,800
2013-08-02,18.0,18.16,17.84,18.0,18.0,1300
2013-08-05,18.0,18.879999,17.84,18.879999,18.879999,5800
2013-08-06,18.959999,19.68,18.16,19.360001,19.360001,15800
2013-08-07,19.360001,19.52,19.280001,19.52,19.52,9800
2013-08-08,19.6,19.68,19.200001,19.52,19.52,5200
2013-08-09,19.6,19.6,19.200001,19.440001,19.440001,1600
2013-08-12,19.280001,19.6,19.200001,19.360001,19.360001,7700
2013-08-13,19.6,19.92,15.76,16.32,16.32,52700
2013-08-14,16.799999,16.799999,16.0,16.0,16.0,20500
2013-08-15,16.0,16.0,14.32,14.72,14.72,21100
2013-08-16,15.04,15.12,14.48,14.72,14.72,4500
2013-08-19,14.72,14.72,14.56,14.56,14.56,4200
2013-08-20,14.48,14.56,14.4,14.48,14.48,2300
2013-08-21,14.48,14.56,14.4,14.48,14.48,2400
2013-08-22,14.56,14.56,14.32,14.4,14.4,3000
2013-08-23,14.56,14.8,14.4,14.8,14.8,3900
2013-08-26,14.56,14.72,14.48,14.48,14.48,3900
2013-08-27,15.04,15.04,14.4,14.56,14.56,2400
2013-08-28,14.56,14.72,14.56,14.72,14.72,1200
2013-08-29,14.8,15.04,14.72,15.04,15.04,2100
2013-08-30,15.04,15.04,14.96,14.96,14.96,900
2013-09-03,14.72,14.96,14.64,14.64,14.64,3100
2013-09-04,14.56,14.72,14.56,14.56,14.56,900
2013-09-05,14.56,14.64,14.08,14.48,14.48,6400
2013-09-06,14.4,14.64,14.4,14.56,14.56,3400
2013-09-09,14.64,14.8,14.32,14.4,14.4,4800
2013-09-10,14.72,15.84,14.72,15.84,15.84,2900
2013-09-11,15.36,15.36,14.88,14.88,14.88,1900
2013-09-12,14.96,15.44,14.96,15.36,15.36,1700
2013-09-13,15.68,15.84,14.8,15.28,15.28,1800
2013-09-16,15.04,15.36,14.8,14.88,14.88,2300
2013-09-17,14.88,15.04,14.88,15.04,15.04,2200
2013-09-18,15.2,15.2,14.88,14.96,14.96,2600
2013-09-19,15.12,15.12,14.88,14.88,14.88,400
2013-09-20,14.88,15.12,14.88,15.12,15.12,700
2013-09-23,15.36,15.36,15.12,15.12,15.12,1800
2013-09-24,14.96,15.36,14.96,15.28,15.28,2100
2013-09-25,16.16,16.16,15.44,15.44,15.44,4100
2013-09-26,15.84,15.84,15.36,15.44,15.44,100
2013-09-27,15.76,15.76,15.36,15.44,15.44,600
2013-09-30,16.0,16.08,15.52,15.92,15.92,900
2013-10-01,16.16,16.4,16.0,16.4,16.4,3000
2013-10-02,16.16,16.719999,16.08,16.16,16.16,6000
2013-10-03,16.24,16.48,16.16,16.32,16.32,1000
2013-10-04,16.08,16.48,16.08,16.4,16.4,900
2013-10-07,16.559999,16.559999,16.24,16.32,16.32,5800
2013-10-08,16.08,16.16,15.68,16.0,16.0,4500
2013-10-09,15.6,15.6,15.2,15.36,15.36,1800
2013-10-10,16.0,16.16,15.84,15.84,15.84,4500
2013-10-11,15.68,15.92,15.36,15.52,15.52,2600
2013-10-14,15.28,15.44,14.4,15.36,15.36,5200
2013-10-15,15.44,15.6,15.36,15.36,15.36,2100
2013-10-16,15.36,18.0,15.36,17.52,17.52,44500
2013-10-17,17.52,17.52,16.559999,17.280001,17.280001,8500
2013-10-18,17.200001,17.6,16.959999,17.52,17.52,9400
2013-10-21,17.6,17.6,17.360001,17.440001,17.440001,2600
2013-10-22,17.440001,17.76,17.280001,17.440001,17.440001,6000
2013-10-23,17.120001,17.360001,16.24,16.24,16.24,6100
2013-10-24,16.639999,17.200001,16.0,16.08,16.08,2900
2013-10-25,16.08,16.08,15.36,15.44,15.44,4300
2013-10-28,15.36,15.44,15.2,15.36,15.36,2100
2013-10-29,15.28,16.0,15.2,15.44,15.44,1600
2013-10-30,15.6,15.68,15.44,15.6,15.6,3300
2013-10-31,15.36,15.52,15.28,15.36,15.36,1500
2013-11-01,15.28,15.44,15.28,15.44,15.44,1000
2013-11-04,15.36,15.6,15.36,15.36,15.36,900
2013-11-05,15.36,15.6,15.36,15.52,15.52,600
2013-11-06,15.28,15.44,15.28,15.36,15.36,700
2013-11-07,15.2,15.52,15.2,15.28,15.28,1200
2013-11-08,15.44,15.6,15.36,15.36,15.36,400
2013-11-11,15.6,16.0,15.28,15.44,15.44,5200
2013-11-12,15.52,15.52,15.2,15.28,15.28,2400
2013-11-13,15.36,16.0,13.6,14.24,14.24,16500
2013-11-14,14.24,14.4,13.92,14.4,14.4,6600
2013-11-15,14.16,14.48,14.08,14.48,14.48,2600
2013-11-18,14.4,14.8,14.4,14.72,14.72,2000
2013-11-19,14.72,14.72,14.4,14.4,14.4,2700
2013-11-20,14.64,14.64,14.4,14.4,14.4,1000
2013-11-21,14.4,14.8,14.4,14.56,14.56,2300
2013-11-22,14.4,14.64,14.4,14.56,14.56,500
2013-11-25,14.88,14.88,14.32,14.32,14.32,3400
2013-11-26,14.48,14.64,14.48,14.48,14.48,6200
2013-11-27,14.8,14.8,14.4,14.48,14.48,3000
2013-11-29,14.88,15.04,14.48,14.48,14.48,1800
2013-12-02,14.32,14.88,14.32,14.48,14.48,2000
2013-12-03,14.32,14.4,14.32,14.32,14.32,1000
2013-12-04,14.4,14.4,14.0,14.0,14.0,3200
2013-12-05,14.4,14.48,14.08,14.48,14.48,1300
2013-12-06,14.48,14.48,14.08,14.24,14.24,2300
2013-12-09,14.24,14.32,14.24,14.24,14.24,1600
2013-12-10,14.24,14.4,14.08,14.24,14.24,1800
2013-12-11,14.32,14.4,14.08,14.08,14.08,1900
2013-12-12,14.08,14.16,13.92,13.92,13.92,5300
2013-12-13,14.08,14.08,13.84,14.0,14.0,2900
2013-12-16,14.0,14.0,14.0,14.0,14.0,0
2013-12-17,13.92,14.0,13.92,14.0,14.0,400
2013-12-18,14.24,14.64,14.0,14.56,14.56,2200
2013-12-19,14.56,14.56,14.0,14.08,14.08,2500
2013-12-20,14.32,14.88,13.92,14.0,14.0,1000
2013-12-23,13.92,14.24,13.92,13.92,13.92,3300
2013-12-24,13.92,13.92,13.84,13.92,13.92,600
2013-12-26,13.84,14.08,13.84,14.08,14.08,2000
2013-12-27,14.0,14.0,13.84,13.84,13.84,2100
2013-12-30,13.84,14.0,13.76,13.84,13.84,6100
2013-12-31,14.0,14.24,13.84,14.0,14.0,5800
2014-01-02,13.92,14.24,13.92,14.08,14.08,6100
2014-01-03,14.08,14.4,13.92,14.32,14.32,6900
2014-01-06,14.24,14.64,14.0,14.56,14.56,5300
2014-01-07,14.16,14.56,13.76,14.32,14.32,3300
2014-01-08,14.4,14.48,14.32,14.32,14.32,2600
2014-01-09,14.0,14.56,14.0,14.48,14.48,3100
2014-01-10,14.56,15.36,14.56,14.88,14.88,7600
2014-01-13,15.12,15.28,15.12,15.12,15.12,2700
2014-01-14,15.2,15.2,14.8,15.2,15.2,1900
2014-01-15,15.36,15.36,14.96,15.12,15.12,3500
2014-01-16,14.96,15.52,14.96,15.52,15.52,4000
2014-01-17,15.2,15.68,15.2,15.68,15.68,3300
2014-01-21,15.68,16.4,15.68,16.32,16.32,5100
2014-01-22,16.4,16.879999,16.4,16.559999,16.559999,6800
2014-01-23,16.24,16.719999,16.16,16.4,16.4,7800
2014-01-24,16.799999,16.799999,15.6,16.08,16.08,2800
2014-01-27,15.84,15.84,14.4,14.64,14.64,3200
2014-01-28,15.04,15.12,14.48,15.04,15.04,1300
2014-01-29,15.12,15.2,14.64,15.2,15.2,1000
2014-01-30,15.12,15.36,14.64,15.04,15.04,2100
2014-01-31,14.72,15.36,14.72,14.8,14.8,1400
2014-02-03,14.64,15.28,14.64,14.88,14.88,800
2014-02-04,14.96,15.2,14.72,15.12,15.12,700
2014-02-05,15.28,15.28,14.72,14.8,14.8,900
2014-02-06,15.04,15.04,14.48,14.96,14.96,900
2014-02-07,14.96,15.12,14.72,14.96,14.96,1900
2014-02-10,14.8,14.88,14.56,14.72,14.72,1700
2014-02-11,14.56,14.8,14.56,14.8,14.8,1100
2014-02-12,15.04,15.04,15.04,15.04,15.04,0
2014-02-13,14.8,14.96,14.4,14.4,14.4,3100
2014-02-14,15.28,15.36,14.4,15.36,15.36,5900
2014-02-18,15.04,15.28,14.88,15.2,15.2,1200
2014-02-19,15.2,15.28,14.72,14.8,14.8,700
2014-02-20,14.8,15.04,14.8,14.96,14.96,600
2014-02-21,14.96,15.28,14.8,15.12,15.12,3100
2014-02-24,14.8,15.2,14.64,14.64,14.64,2000
2014-02-25,14.64,14.72,14.56,14.56,14.56,1400
2014-02-26,14.96,14.96,14.24,14.32,14.32,4900
2014-02-27,14.16,14.32,14.16,14.24,14.24,3800
2014-02-28,14.4,14.4,14.16,14.16,14.16,7500
2014-03-03,14.08,14.4,14.08,14.4,14.4,3000
2014-03-04,14.4,14.48,14.32,14.48,14.48,3600
2014-03-05,14.48,15.12,14.4,15.04,15.04,9200
2014-03-06,15.36,15.76,15.28,15.76,15.76,9500
2014-03-07,15.44,15.44,14.88,15.04,15.04,4600
2014-03-10,15.04,15.04,14.88,14.96,14.96,2700
2014-03-11,14.96,15.52,14.96,15.36,15.36,4400
2014-03-12,15.44,15.68,15.28,15.52,15.52,2300
2014-03-13,15.52,15.52,15.04,15.36,15.36,2200
2014-03-14,14.88,15.36,14.88,15.28,15.28,1700
2014-03-17,15.12,15.2,14.88,14.96,14.96,5400
2014-03-18,14.88,15.28,14.88,15.04,15.04,2500
2014-03-19,14.88,15.28,14.88,15.12,15.12,3000
2014-03-20,14.88,15.28,14.8,15.28,15.28,5900
2014-03-21,15.36,15.36,14.56,14.64,14.64,5000
2014-03-24,14.8,15.12,14.64,15.04,15.04,2400
2014-03-25,15.12,15.12,14.88,15.04,15.04,600
2014-03-26,14.64,15.04,14.64,14.8,14.8,2500
2014-03-27,15.04,15.2,14.96,15.04,15.04,3700
2014-03-28,15.04,15.04,14.8,14.8,14.8,1100
2014-03-31,14.8,15.36,14.72,14.8,14.8,7900
2014-04-01,14.8,14.8,14.64,14.72,14.72,4200
2014-04-02,14.64,14.8,14.48,14.8,14.8,2800
2014-04-03,14.64,14.64,14.24,14.32,14.32,3700
2014-04-04,14.48,14.48,14.4,14.4,14.4,800
2014-04-07,14.48,14.48,14.32,14.32,14.32,500
2014-04-08,14.32,14.4,14.24,14.24,14.24,200
2014-04-09,14.24,14.32,14.0,14.32,14.32,4600
2014-04-10,14.08,14.08,13.12,14.0,14.0,2300
2014-04-11,13.28,13.6,12.96,13.28,13.28,11800
2014-04-14,13.36,13.92,13.04,13.68,13.68,4400
2014-04-15,13.44,13.76,12.96,13.28,13.28,1500
2014-04-16,13.12,13.36,13.12,13.36,13.36,900
2014-04-17,13.6,13.6,13.28,13.36,13.36,1100
2014-04-21,13.6,14.08,13.36,13.36,13.36,900
2014-04-22,14.16,14.16,13.36,13.76,13.76,4200
2014-04-23,13.92,13.92,13.44,13.52,13.52,500
2014-04-24,13.52,13.6,13.2,13.28,13.28,1400
2014-04-25,13.2,13.2,13.12,13.12,13.12,800
2014-04-28,13.12,13.2,12.96,13.04,13.04,4200
2014-04-29,13.04,13.2,13.04,13.12,13.12,1000
2014-04-30,12.96,13.12,12.96,13.04,13.04,1900
2014-05-01,13.04,13.28,13.04,13.04,13.04,800
2014-05-02,12.96,13.2,12.96,13.2,13.2,900
2014-05-05,13.12,13.12,12.96,13.12,13.12,2200
2014-05-06,13.2,13.2,12.96,12.96,12.96,900
2014-05-07,12.96,13.2,12.16,12.4,12.4,2900
2014-05-08,12.24,12.48,12.0,12.0,12.0,2400
2014-05-09,11.76,12.4,11.76,11.84,11.84,1100
2014-05-12,11.84,12.16,11.84,12.08,12.08,6500
2014-05-13,11.92,12.0,11.68,11.84,11.84,1200
2014-05-14,11.6,11.84,11.52,11.68,11.68,400
2014-05-15,11.76,11.84,10.64,11.76,11.76,8000
2014-05-16,11.28,11.52,10.56,11.28,11.28,3400
2014-05-19,10.96,11.76,10.88,11.28,11.28,4100
2014-05-20,11.2,11.68,11.2,11.28,11.28,1000
2014-05-21,11.12,11.68,11.12,11.68,11.68,2100
2014-05-22,12.0,12.0,11.28,11.76,11.76,700
2014-05-23,11.28,11.6,11.12,11.36,11.36,1000
2014-05-27,11.44,11.44,11.28,11.28,11.28,3700
2014-05-28,11.12,11.6,10.0,10.8,10.8,16600
2014-05-29,10.48,10.96,10.48,10.8,10.8,3000
2014-05-30,10.72,10.8,10.48,10.8,10.8,1200
2014-06-02,10.72,10.8,10.4,10.4,10.4,10600
2014-06-03,10.24,11.68,10.24,10.72,10.72,5200
2014-06-04,10.8,10.88,9.6,10.4,10.4,7100
2014-06-05,10.16,10.56,10.0,10.16,10.16,6500
2014-06-06,10.32,10.4,9.6,9.84,9.84,6400
2014-06-09,10.08,10.64,10.08,10.56,10.56,1000
2014-06-10,10.24,10.8,10.24,10.48,10.48,300
2014-06-11,10.32,10.64,10.32,10.56,10.56,1600
2014-06-12,10.4,10.72,10.32,10.48,10.48,900
2014-06-13,10.48,10.72,10.4,10.72,10.72,1700
2014-06-16,10.8,10.8,10.32,10.4,10.4,1400
2014-06-17,10.56,10.72,10.4,10.48,10.48,2600
2014-06-18,10.72,10.72,10.32,10.64,10.64,1500
2014-06-19,10.4,10.72,10.24,10.32,10.32,3200
2014-06-20,10.16,11.2,10.08,10.72,10.72,2500
2014-06-23,10.88,10.96,10.64,10.8,10.8,3100
2014-06-24,10.72,10.96,10.72,10.8,10.8,1000
2014-06-25,10.8,10.88,10.8,10.8,10.8,1400
2014-06-26,10.8,10.96,10.8,10.88,10.88,400
2014-06-27,10.8,10.8,10.56,10.8,10.8,2500
2014-06-30,10.8,11.12,10.8,11.04,11.04,1300
2014-07-01,10.8,11.2,10.8,11.04,11.04,1000
2014-07-02,11.04,11.04,10.8,10.88,10.88,1000
2014-07-03,10.88,11.2,10.8,10.96,10.96,2500
2014-07-07,10.88,10.96,10.88,10.96,10.96,7100
2014-07-08,11.2,11.2,10.64,10.8,10.8,6300
2014-07-09,10.64,10.96,10.56,10.56,10.56,4300
2014-07-10,10.56,10.56,10.16,10.32,10.32,3700
2014-07-11,10.16,10.8,10.16,10.32,10.32,2600
2014-07-14,10.24,10.8,10.24,10.48,10.48,400
2014-07-15,10.48,10.48,9.92,10.32,10.32,2000
2014-07-16,10.32,10.96,10.32,10.56,10.56,1400
2014-07-17,10.56,10.8,10.16,10.24,10.24,2900
2014-07-18,9.92,10.72,9.92,10.72,10.72,16600
2014-07-21,10.72,11.04,10.32,10.64,10.64,11600
2014-07-22,10.64,11.04,10.64,10.96,10.96,3800
2014-07-23,11.04,11.04,10.48,10.96,10.96,31500
2014-07-24,10.72,11.12,10.72,10.8,10.8,900
2014-07-25,10.64,10.96,10.64,10.72,10.72,1700
2014-07-28,10.72,11.04,10.64,11.04,11.04,1600
2014-07-29,10.72,11.12,10.72,11.12,11.12,1300
2014-07-30,11.12,11.2,10.8,11.04,11.04,1400
2014-07-31,11.2,11.2,10.8,10.8,10.8,300
2014-08-01,11.04,11.12,10.64,10.88,10.88,1500
2014-08-04,11.12,11.12,10.8,10.8,10.8,2400
2014-08-05,10.48,10.64,10.16,10.16,10.16,3800
2014-08-06,9.76,10.4,9.76,10.32,10.32,3100
2014-08-07,10.16,10.24,10.16,10.24,10.24,200
2014-08-08,10.72,10.72,10.08,10.24,10.24,300
2014-08-11,10.0,10.96,10.0,10.64,10.64,10300
2014-08-12,10.48,10.64,10.08,10.24,10.24,7400
2014-08-13,10.32,10.4,10.32,10.32,10.32,1400
2014-08-14,10.16,10.72,9.68,10.56,10.56,6600
2014-08-15,10.56,10.64,10.32,10.4,10.4,1300
2014-08-18,10.4,10.4,9.92,10.0,10.0,3300
2014-08-19,10.24,10.4,9.92,10.24,10.24,3800
2014-08-20,10.08,10.32,9.92,10.08,10.08,1700
2014-08-21,9.92,10.32,9.92,10.32,10.32,1500
2014-08-22,10.08,10.8,10.08,10.4,10.4,2900
2014-08-25,10.24,10.24,9.76,9.76,9.76,3600
2014-08-26,9.76,10.24,9.68,9.68,9.68,3600
2014-08-27,9.68,10.0,9.52,9.52,9.52,3800
2014-08-28,9.44,9.68,9.2,9.2,9.2,5000
2014-08-29,9.2,9.52,9.2,9.2,9.2,2100
2014-09-02,9.04,9.44,8.88,8.96,8.96,7400
2014-09-03,8.56,8.64,8.08,8.24,8.24,21500
2014-09-04,8.48,9.2,8.32,8.8,8.8,14600
2014-09-05,8.56,9.12,8.4,9.12,9.12,6800
2014-09-08,8.96,9.04,8.48,8.96,8.96,3900
2014-09-09,8.72,8.96,8.0,8.96,8.96,11800
2014-09-10,8.96,8.96,8.48,8.96,8.96,1100
2014-09-11,8.96,8.96,8.16,8.24,8.24,8700
2014-09-12,8.16,8.72,8.16,8.32,8.32,3600
2014-09-15,8.24,8.56,8.24,8.4,8.4,1700
2014-09-16,8.24,8.96,8.24,8.64,8.64,2900
2014-09-17,8.4,8.64,8.4,8.64,8.64,900
2014-09-18,8.64,8.64,8.32,8.4,8.4,400
2014-09-19,8.4,8.72,8.16,8.24,8.24,2400
2014-09-22,8.32,8.32,8.24,8.24,8.24,3700
2014-09-23,8.0,8.32,8.0,8.16,8.16,400
2014-09-24,8.08,8.32,8.08,8.32,8.32,1000
2014-09-25,8.16,8.48,8.16,8.24,8.24,600
2014-09-26,8.08,8.56,8.08,8.24,8.24,2200
2014-09-29,8.48,8.48,8.32,8.32,8.32,400
2014-09-30,8.24,8.48,8.24,8.48,8.48,900
2014-10-01,8.48,8.48,8.32,8.48,8.48,300
2014-10-02,8.32,8.4,8.24,8.24,8.24,3400
2014-10-03,8.24,8.4,8.08,8.16,8.16,2300
2014-10-06,8.08,8.56,7.68,8.0,8.0,4000
2014-10-07,8.0,8.4,7.76,7.76,7.76,8500
2014-10-08,7.68,7.68,7.36,7.44,7.44,6500
2014-10-09,7.28,7.68,7.28,7.44,7.44,3100
2014-10-10,7.68,8.08,7.2,8.08,8.08,2900
2014-10-13,8.08,8.08,7.76,8.0,8.0,200
2014-10-14,7.76,8.08,7.36,7.36,7.36,2000
2014-10-15,7.28,7.36,6.72,6.8,6.8,900
2014-10-16,6.8,8.4,6.8,7.76,7.76,6900
2014-10-17,8.24,8.64,7.84,8.64,8.64,11600
2014-10-20,8.72,8.96,7.92,7.92,7.92,9100
2014-10-21,8.16,8.64,7.6,8.24,8.24,5500
2014-10-22,8.32,8.56,8.08,8.08,8.08,6200
2014-10-23,8.4,8.4,8.0,8.4,8.4,1200
2014-10-24,8.16,8.4,7.92,8.16,8.16,1100
2014-10-27,8.16,8.4,8.0,8.24,8.24,2200
2014-10-28,8.48,8.48,8.0,8.08,8.08,3200
2014-10-29,8.08,8.4,7.76,8.08,8.08,1100
2014-10-30,7.84,8.32,7.84,8.32,8.32,100
2014-10-31,8.32,8.64,8.16,8.24,8.24,3300
2014-11-03,8.08,8.32,8.0,8.16,8.16,2400
2014-11-04,8.0,8.24,7.84,7.92,7.92,1200
2014-11-05,8.0,8.24,7.2,7.2,7.2,4100
2014-11-06,7.2,7.84,7.2,7.68,7.68,2800
2014-11-07,7.68,7.68,7.52,7.68,7.68,700
2014-11-10,7.6,7.76,6.8,7.76,7.76,4400
2014-11-11,7.28,7.76,7.2,7.6,7.6,2600
2014-11-12,7.68,8.4,7.68,8.4,8.4,5800
2014-11-13,8.16,8.24,7.52,7.76,7.76,600
2014-11-14,11.68,13.12,9.2,9.52,9.52,135900
2014-11-17,10.48,10.48,9.2,10.0,10.0,52300
2014-11-18,10.08,10.08,8.8,9.2,9.2,16800
2014-11-19,9.44,9.6,8.8,8.8,8.8,9600
2014-11-20,8.8,9.12,8.48,8.48,8.48,3400
2014-11-21,8.96,8.96,8.4,8.4,8.4,6100
2014-11-24,8.88,9.2,8.4,8.48,8.48,10300
2014-11-25,8.48,8.72,8.24,8.48,8.48,11800
2014-11-26,8.88,8.88,8.4,8.56,8.56,1800
2014-11-28,8.32,8.88,8.32,8.72,8.72,5500
2014-12-01,8.88,9.52,8.64,9.12,9.12,9300
2014-12-02,9.36,9.68,8.88,9.12,9.12,8700
2014-12-03,8.96,9.6,8.96,9.04,9.04,6200
2014-12-04,9.04,9.84,9.04,9.2,9.2,14300
2014-12-05,9.44,9.92,9.2,9.2,9.2,5200
2014-12-08,9.2,9.44,8.88,9.12,9.12,3200
2014-12-09,9.12,9.2,8.88,9.2,9.2,1500
2014-12-10,9.12,9.12,8.88,9.12,9.12,4200
2014-12-11,8.96,9.28,8.88,8.96,8.96,2600
2014-12-12,8.96,9.12,8.8,8.8,8.8,10800
2014-12-15,8.8,8.8,7.84,8.4,8.4,23300
2014-12-16,8.4,8.4,7.36,7.76,7.76,4500
2014-12-17,7.6,8.0,7.6,7.76,7.76,7200
2014-12-18,7.68,8.0,7.68,7.76,7.76,3400
2014-12-19,7.84,7.92,7.68,7.68,7.68,3700
2014-12-22,7.76,7.84,7.68,7.84,7.84,6100
2014-12-23,7.84,7.84,7.68,7.68,7.68,5900
2014-12-24,7.84,7.84,7.68,7.68,7.68,1100
2014-12-26,7.68,8.24,7.68,8.0,8.0,35600
2014-12-29,8.0,8.0,7.68,7.68,7.68,4700
2014-12-30,7.84,7.84,7.68,7.68,7.68,3700
2014-12-31,7.68,7.84,7.6,7.84,7.84,2300
2015-01-02,7.84,7.84,7.68,7.84,7.84,2100
2015-01-05,7.84,8.16,7.76,8.08,8.08,3500
2015-01-06,8.0,8.08,7.92,8.08,8.08,1500
2015-01-07,8.24,8.88,8.08,8.64,8.64,16200
2015-01-08,8.56,8.64,8.32,8.32,8.32,3800
2015-01-09,8.24,8.4,8.16,8.32,8.32,1300
2015-01-12,8.24,8.48,8.24,8.4,8.4,1300
2015-01-13,8.48,8.8,8.4,8.72,8.72,4900
2015-01-14,8.96,8.96,8.4,8.48,8.48,1800
2015-01-15,8.48,8.8,8.4,8.56,8.56,17400
2015-01-16,8.48,8.88,8.48,8.72,8.72,800
2015-01-20,8.56,8.96,8.56,8.96,8.96,2400
2015-01-21,8.72,8.88,8.72,8.88,8.88,3600
2015-01-22,8.64,8.96,8.64,8.88,8.88,6400
2015-01-23,8.96,9.04,8.72,9.04,9.04,5600
2015-01-26,9.04,9.28,9.04,9.28,9.28,4200
2015-01-27,9.36,9.44,8.72,9.36,9.36,3900
2015-01-28,9.28,10.56,9.28,9.84,9.84,18200
2015-01-29,10.08,10.72,10.08,10.4,10.4,16600
2015-01-30,10.32,10.4,10.16,10.4,10.4,9800
2015-02-02,10.64,10.64,9.2,9.2,9.2,12600
2015-02-03,9.6,9.68,9.2,9.52,9.52,2900
2015-02-04,9.36,9.36,8.4,8.8,8.8,31700
2015-02-05,8.72,9.36,8.72,9.28,9.28,3500
2015-02-06,9.28,9.6,9.12,9.6,9.6,5300
2015-02-09,9.52,9.76,8.88,9.44,9.44,20100
2015-02-10,9.76,9.76,9.04,9.12,9.12,2900
2015-02-11,9.44,9.52,9.36,9.36,9.36,1200
2015-02-12,9.52,9.52,8.88,9.28,9.28,2600
2015-02-13,9.44,9.52,8.88,8.96,8.96,4200
2015-02-17,9.12,9.2,8.56,8.72,8.72,4600
2015-02-18,8.48,8.72,8.48,8.56,8.56,2600
2015-02-19,8.48,8.64,8.48,8.64,8.64,800
2015-02-20,8.8,8.8,8.56,8.56,8.56,400
2015-02-23,8.64,8.88,8.32,8.88,8.88,2800
2015-02-24,8.56,8.96,8.48,8.48,8.48,1400
2015-02-25,8.56,9.04,8.56,9.04,9.04,5400
2015-02-26,9.28,9.36,8.8,9.36,9.36,4700
2015-02-27,9.04,9.2,8.72,8.88,8.88,1300
2015-03-02,8.8,9.04,8.64,8.88,8.88,1900
2015-03-03,9.04,9.6,8.96,9.52,9.52,6000
2015-03-04,9.68,9.68,9.28,9.52,9.52,500
2015-03-05,9.28,9.92,9.28,9.92,9.92,5300
2015-03-06,10.0,10.0,9.68,9.68,9.68,1700
2015-03-09,9.92,9.92,9.52,9.6,9.6,3800
2015-03-10,9.28,9.6,9.2,9.28,9.28,6500
2015-03-11,9.2,9.84,9.2,9.2,9.2,1000
2015-03-12,9.2,9.68,9.04,9.6,9.6,5200
2015-03-13,9.52,9.52,9.28,9.36,9.36,900
2015-03-16,9.36,9.44,9.04,9.12,9.12,2500
2015-03-17,9.12,9.52,9.12,9.12,9.12,1200
2015-03-18,8.96,9.52,8.96,9.28,9.28,1600
2015-03-19,9.2,9.52,9.2,9.44,9.44,4200
2015-03-20,9.44,9.68,9.44,9.68,9.68,5500
2015-03-23,9.68,10.48,9.68,10.16,10.16,14100
2015-03-24,10.16,10.24,9.36,9.76,9.76,16000
2015-03-25,9.68,9.92,9.28,9.92,9.92,4200
2015-03-26,9.92,9.92,9.28,9.6,9.6,4800
2015-03-27,9.68,10.16,9.36,10.08,10.08,9900
2015-03-30,10.16,10.4,9.76,10.16,10.16,9100
2015-03-31,10.32,10.32,9.12,9.12,9.12,10200
2015-04-01,9.2,9.68,9.2,9.2,9.2,1800
2015-04-02,9.6,9.6,9.2,9.44,9.44,3100
2015-04-06,9.6,9.6,9.12,9.12,9.12,1600
2015-04-07,9.2,9.2,9.12,9.12,9.12,900
2015-04-08,9.6,9.6,9.2,9.28,9.28,1100
2015-04-09,9.2,10.0,9.2,9.28,9.28,33600
2015-04-10,9.28,9.84,9.28,9.44,9.44,8300
2015-04-13,9.28,10.16,9.28,10.0,10.0,7300
2015-04-14,10.16,10.72,10.0,10.48,10.48,31800
2015-04-15,10.16,10.4,9.92,10.32,10.32,3500
2015-04-16,10.08,10.4,9.76,9.92,9.92,3600
2015-04-17,9.68,10.08,9.44,9.84,9.84,7500
2015-04-20,9.68,9.92,9.2,9.28,9.28,29400
2015-04-21,9.36,9.6,9.28,9.36,9.36,6500
2015-04-22,9.52,10.0,9.44,9.76,9.76,14300
2015-04-23,9.6,10.24,9.52,10.08,10.08,14300
2015-04-24,10.24,11.76,10.08,11.44,11.44,91500
2015-04-27,11.52,12.4,11.44,12.08,12.08,31600
2015-04-28,11.92,12.08,11.28,11.68,11.68,11900
2015-04-29,11.92,11.92,10.88,11.28,11.28,9900
2015-04-30,11.12,11.2,10.8,10.88,10.88,5600
2015-05-01,10.56,11.04,10.48,10.88,10.88,15600
2015-05-04,10.88,11.2,10.48,10.88,10.88,23800
2015-05-05,10.48,10.8,9.84,10.08,10.08,25600
2015-05-06,10.24,10.32,9.84,10.32,10.32,8300
2015-05-07,10.24,10.32,9.76,9.92,9.92,7500
2015-05-08,9.84,10.24,9.84,10.16,10.16,2200
2015-05-11,10.0,10.16,9.68,10.0,10.0,3400
2015-05-12,10.16,10.16,9.6,9.68,9.68,6600
2015-05-13,9.84,10.0,9.36,9.36,9.36,6700
2015-05-14,9.44,10.0,9.44,10.0,10.0,3500
2015-05-15,9.92,12.16,9.68,11.76,11.76,120400
2015-05-18,11.68,12.0,10.48,11.2,11.2,30800
2015-05-19,11.2,11.6,10.72,10.8,10.8,4300
2015-05-20,10.64,11.12,10.64,10.96,10.96,1500
2015-05-21,10.88,11.12,10.72,10.72,10.72,8500
2015-05-22,11.04,11.12,10.8,10.88,10.88,2900
2015-05-26,10.8,11.6,10.64,11.52,11.52,3600
2015-05-27,11.44,11.44,10.72,11.2,11.2,6300
2015-05-28,11.36,11.36,10.8,10.88,10.88,2900
2015-05-29,10.8,10.88,10.8,10.88,10.88,500
2015-06-01,10.8,11.04,10.8,10.8,10.8,700
2015-06-02,10.8,10.96,10.48,10.64,10.64,700
2015-06-03,10.64,10.8,10.48,10.48,10.48,1300
2015-06-04,10.72,10.8,10.24,10.56,10.56,4900
2015-06-05,10.8,10.88,10.4,10.88,10.88,2500
2015-06-08,10.88,10.88,10.72,10.72,10.72,600
2015-06-09,10.64,10.88,10.64,10.88,10.88,900
2015-06-10,10.88,11.36,10.8,11.2,11.2,6700
2015-06-11,11.28,11.28,11.04,11.2,11.2,3100
2015-06-12,11.44,11.92,10.96,11.6,11.6,11600
2015-06-15,11.76,12.64,11.6,12.24,12.24,25800
2015-06-16,12.56,13.2,11.92,12.0,12.0,17400
2015-06-17,12.24,12.4,11.68,11.68,11.68,6000
2015-06-18,11.68,11.92,11.6,11.6,11.6,2500
2015-06-19,11.68,12.0,11.28,11.44,11.44,3500
2015-06-22,11.28,12.8,10.8,11.04,11.04,8300
2015-06-23,10.88,11.44,10.8,10.88,10.88,2600
2015-06-24,11.28,11.92,10.96,11.04,11.04,8600
2015-06-25,11.12,11.6,11.12,11.28,11.28,3400
2015-06-26,11.2,11.92,11.2,11.6,11.6,6000
2015-06-29,11.36,11.36,10.96,10.96,10.96,2900
2015-06-30,10.96,11.2,10.88,10.88,10.88,1600
2015-07-01,11.2,11.2,10.88,10.88,10.88,1000
2015-07-02,10.88,11.12,9.84,10.0,10.0,12300
2015-07-06,10.0,10.48,10.0,10.0,10.0,10500
2015-07-07,10.32,10.4,8.24,9.2,9.2,22800
2015-07-08,8.8,8.8,8.48,8.48,8.48,7200
2015-07-09,8.96,9.2,8.56,8.64,8.64,10800
2015-07-10,9.28,9.6,9.04,9.04,9.04,5300
2015-07-13,9.44,9.44,8.88,9.28,9.28,2100
2015-07-14,9.44,9.44,8.8,8.96,8.96,5600
2015-07-15,9.44,9.44,8.96,8.96,8.96,500
2015-07-16,9.12,9.2,8.88,9.04,9.04,1600
2015-07-17,8.8,9.76,8.8,9.44,9.44,10400
2015-07-20,9.76,9.76,9.44,9.52,9.52,1500
2015-07-21,9.76,9.76,9.44,9.44,9.44,500
2015-07-22,9.44,9.6,9.44,9.44,9.44,600
2015-07-23,9.44,9.52,9.44,9.44,9.44,300
2015-07-24,9.52,9.52,9.44,9.44,9.44,700
2015-07-27,9.36,9.36,8.72,8.88,8.88,5400
2015-07-28,8.8,9.36,8.8,9.2,9.2,900
2015-07-29,8.8,9.12,8.72,8.88,8.88,11400
2015-07-30,8.72,8.88,8.72,8.88,8.88,4900
2015-07-31,9.2,9.2,8.8,9.2,9.2,1300
2015-08-03,9.04,9.2,8.8,8.88,8.88,4000
2015-08-04,8.8,9.12,8.8,8.88,8.88,1400
2015-08-05,8.88,9.2,8.88,9.04,9.04,200
2015-08-06,9.2,9.2,8.88,8.96,8.96,2000
2015-08-07,8.96,9.12,8.8,8.88,8.88,3100
2015-08-10,8.88,9.12,8.8,9.04,9.04,1800
2015-08-11,9.2,9.2,8.8,8.8,8.8,8300
2015-08-12,8.8,9.04,8.8,8.96,8.96,4100
2015-08-13,8.88,9.44,8.88,9.04,9.04,4900
2015-08-14,8.96,9.2,7.6,8.24,8.24,19000
2015-08-17,8.16,8.56,8.16,8.24,8.24,4000
2015-08-18,8.48,8.48,8.24,8.24,8.24,600
2015-08-19,8.48,8.48,7.84,7.84,7.84,9500
2015-08-20,7.84,8.08,7.36,7.52,7.52,4800
2015-08-21,7.52,8.0,7.36,7.76,7.76,4900
2015-08-24,8.0,8.0,7.04,7.04,7.04,4600
2015-08-25,7.12,7.76,6.72,6.96,6.96,12000
2015-08-26,7.12,7.68,7.12,7.44,7.44,2600
2015-08-27,7.2,7.68,7.2,7.28,7.28,8200
2015-08-28,7.6,8.24,7.44,7.52,7.52,6800
2015-08-31,7.76,8.4,7.76,7.92,7.92,2400
2015-09-01,7.6,8.48,7.6,7.84,7.84,9000
2015-09-02,7.68,7.84,7.52,7.84,7.84,400
2015-09-03,7.52,8.16,7.28,7.28,7.28,1400
2015-09-04,7.44,7.52,7.2,7.2,7.2,5300
2015-09-08,7.6,8.16,7.52,8.0,8.0,1800
2015-09-09,8.24,8.4,7.2,7.28,7.28,4400
2015-09-10,7.6,7.6,7.28,7.28,7.28,200
2015-09-11,7.52,7.6,7.52,7.6,7.6,600
2015-09-14,7.6,7.6,7.28,7.28,7.28,2500
2015-09-15,7.28,7.76,7.28,7.6,7.6,2700
2015-09-16,7.6,8.0,7.6,8.0,8.0,800
2015-09-17,7.68,7.76,7.6,7.6,7.6,1800
2015-09-18,7.44,7.68,7.36,7.36,7.36,800
2015-09-21,7.44,7.68,6.96,6.96,6.96,7800
2015-09-22,7.52,7.52,7.04,7.12,7.12,2600
2015-09-23,7.04,7.12,6.8,6.8,6.8,6900
2015-09-24,7.04,7.2,6.88,6.88,6.88,8500
2015-09-25,7.04,7.2,6.8,7.2,7.2,3600
2015-09-28,7.04,7.2,6.8,7.04,7.04,1900
2015-09-29,6.4,6.88,6.32,6.72,6.72,9200
2015-09-30,6.96,6.96,6.56,6.64,6.64,600
2015-10-01,6.8,6.8,6.48,6.48,6.48,1200
2015-10-02,6.4,6.64,6.4,6.56,6.56,200
2015-10-05,6.4,6.56,6.4,6.56,6.56,1000
2015-10-06,6.8,6.88,6.8,6.88,6.88,100
2015-10-07,6.4,6.88,6.4,6.8,6.8,800
2015-10-08,6.72,6.8,6.56,6.64,6.64,3000
2015-10-09,6.56,6.64,6.56,6.64,6.64,400
2015-10-12,6.72,6.88,6.64,6.88,6.88,1100
2015-10-13,6.88,7.04,6.8,7.04,7.04,1500
2015-10-14,7.04,7.04,7.04,7.04,7.04,0
2015-10-15,7.12,8.0,7.12,7.28,7.28,5900
2015-10-16,7.36,8.72,7.36,8.24,8.24,18700
2015-10-19,8.64,8.72,8.0,8.72,8.72,5100
2015-10-20,8.72,8.72,8.4,8.48,8.48,2600
2015-10-21,8.72,8.72,8.24,8.32,8.32,3800
2015-10-22,8.56,8.56,8.24,8.32,8.32,900
2015-10-23,8.32,8.64,8.32,8.56,8.56,2800
2015-10-26,8.56,8.56,8.4,8.56,8.56,1200
2015-10-27,8.4,8.4,8.08,8.24,8.24,600
2015-10-28,8.16,8.24,7.92,8.16,8.16,900
2015-10-29,7.92,8.08,7.6,8.0,8.0,8900
2015-10-30,7.92,7.92,7.76,7.76,7.76,100
2015-11-02,7.6,7.76,7.2,7.76,7.76,2300
2015-11-03,7.68,7.68,7.6,7.6,7.6,0
2015-11-04,7.84,7.84,7.76,7.84,7.84,2000
2015-11-05,7.92,8.4,7.92,8.24,8.24,1200
2015-11-06,8.32,8.32,7.92,8.32,8.32,500
2015-11-09,8.24,8.24,7.84,7.92,7.92,500
2015-11-10,7.92,7.92,7.68,7.68,7.68,400
2015-11-11,7.68,7.68,7.44,7.44,7.44,3500
2015-11-12,7.6,7.76,7.2,7.44,7.44,2300
2015-11-13,8.0,8.0,7.6,7.6,7.6,300
2015-11-16,7.36,7.36,4.0,5.44,5.44,35200
2015-11-17,5.28,5.28,4.8,4.96,4.96,13600
2015-11-18,5.04,5.12,4.64,4.72,4.72,6100
2015-11-19,4.56,4.56,4.0,4.32,4.32,9400
2015-11-20,4.56,4.88,4.0,4.24,4.24,9100
2015-11-23,4.24,4.8,4.08,4.72,4.72,3100
2015-11-24,4.72,4.72,4.24,4.72,4.72,3400
2015-11-25,4.48,5.76,4.48,4.56,4.56,2900
2015-11-27,4.56,4.56,4.0,4.08,4.08,6600
2015-11-30,4.08,5.04,4.08,4.08,4.08,12100
2015-12-01,4.56,5.68,4.24,4.48,4.48,69500
2015-12-02,4.64,5.12,4.56,4.8,4.8,16300
2015-12-03,4.8,5.12,4.8,5.04,5.04,11000
2015-12-04,5.2,6.4,5.12,6.0,6.0,41300
2015-12-07,6.0,6.0,5.28,5.44,5.44,9500
2015-12-08,5.2,5.76,5.2,5.68,5.68,7300
2015-12-09,6.0,6.0,5.68,5.68,5.68,5100
2015-12-10,6.24,6.24,5.76,5.76,5.76,7600
2015-12-11,5.76,5.76,5.28,5.28,5.28,5200
2015-12-14,5.6,5.6,5.2,5.36,5.36,2200
2015-12-15,5.52,5.52,5.28,5.52,5.52,1800
2015-12-16,5.52,5.52,4.4,5.12,5.12,10300
2015-12-17,5.36,5.44,4.8,5.04,5.04,5200
2015-12-18,4.8,5.28,4.8,5.04,5.04,5300
2015-12-21,4.96,4.96,4.56,4.72,4.72,3000
2015-12-22,4.72,5.52,4.56,5.52,5.52,7500
2015-12-23,5.6,5.6,4.8,5.44,5.44,9800
2015-12-24,5.2,6.0,4.88,5.04,5.04,13100
2015-12-28,5.68,6.0,5.2,5.52,5.52,9100
2015-12-29,5.6,5.84,5.28,5.76,5.76,4300
2015-12-30,5.92,5.92,5.36,5.6,5.6,300
2015-12-31,5.6,5.6,5.44,5.44,5.44,1600
2016-01-04,5.6,5.6,5.36,5.36,5.36,10900
2016-01-05,5.52,5.52,5.12,5.28,5.28,1700
2016-01-06,5.28,5.28,5.04,5.04,5.04,1400
2016-01-07,4.96,5.12,4.8,5.12,5.12,7300
2016-01-08,4.96,5.44,4.64,4.64,4.64,5300
2016-01-11,5.04,5.04,4.4,4.8,4.8,3100
2016-01-12,4.8,4.88,4.8,4.88,4.88,200
2016-01-13,5.04,5.04,4.56,4.8,4.8,900
2016-01-14,4.48,4.8,4.48,4.8,4.8,1000
2016-01-15,4.88,4.88,4.48,4.48,4.48,1600
2016-01-19,4.4,4.64,4.4,4.56,4.56,600
2016-01-20,4.4,5.04,4.4,4.64,4.64,14200
2016-01-21,4.88,4.88,4.48,4.48,4.48,500
2016-01-22,4.72,4.8,4.48,4.56,4.56,3100
2016-01-25,4.64,4.88,4.64,4.8,4.8,700
2016-01-26,4.88,4.88,4.88,4.88,4.88,0
2016-01-27,4.56,4.64,4.56,4.56,4.56,1300
2016-01-28,4.64,4.64,4.64,4.64,4.64,100
2016-01-29,4.72,4.72,4.56,4.64,4.64,5700
2016-02-01,4.56,4.56,4.56,4.56,4.56,1100
2016-02-02,4.56,4.56,4.56,4.56,4.56,0
2016-02-03,4.64,4.64,4.56,4.56,4.56,1600
2016-02-04,4.64,4.64,4.56,4.56,4.56,300
2016-02-05,4.4,4.48,4.4,4.4,4.4,2100
2016-02-08,4.4,4.4,4.24,4.32,4.32,300
2016-02-09,4.24,4.32,4.24,4.24,4.24,1300
2016-02-10,4.24,4.24,4.24,4.24,4.24,100
2016-02-11,4.32,4.32,4.16,4.16,4.16,2100
2016-02-12,4.16,4.32,4.16,4.16,4.16,1300
2016-02-16,4.16,4.32,4.08,4.08,4.08,2700
2016-02-17,4.08,4.08,4.08,4.08,4.08,200
2016-02-18,4.08,4.08,4.0,4.0,4.0,2200
2016-02-19,4.0,4.08,4.0,4.0,4.0,2000
2016-02-22,4.0,4.08,4.0,4.08,4.08,1500
2016-02-23,4.08,4.08,3.36,3.36,3.36,6600
2016-02-24,3.92,4.0,3.68,3.68,3.68,3000
2016-02-25,3.84,3.84,3.44,3.52,3.52,6200
2016-02-26,3.6,3.6,3.28,3.28,3.28,9200
2016-02-29,3.28,3.6,3.2,3.52,3.52,9500
2016-03-01,3.2,3.52,3.2,3.52,3.52,7100
2016-03-02,3.2,3.44,3.12,3.12,3.12,6000
2016-03-03,3.36,3.36,3.12,3.2,3.2,8600
2016-03-04,3.28,3.28,3.04,3.2,3.2,18700
2016-03-07,3.2,3.2,2.8,3.04,3.04,17200
2016-03-08,3.2,3.2,2.88,2.96,2.96,8200
2016-03-09,2.88,3.04,2.8,2.88,2.88,22800
2016-03-10,2.88,3.12,2.88,3.04,3.04,4200
2016-03-11,3.12,3.12,3.04,3.12,3.12,5600
2016-03-14,2.96,3.12,2.96,3.12,3.12,6100
2016-03-15,3.04,3.04,2.88,2.88,2.88,8300
2016-03-16,2.9,2.9,2.15,2.65,2.65,145700
2016-03-17,2.79,3.94,2.79,3.38,3.38,124300
2016-03-18,3.5,3.74,3.0,3.06,3.06,30600
2016-03-21,3.05,3.43,2.7,2.92,2.92,17000
2016-03-22,2.8,2.9,2.6,2.85,2.85,7900
2016-03-23,2.81,2.85,2.52,2.8,2.8,23600
2016-03-24,2.91,2.91,2.6,2.86,2.86,15300
2016-03-28,2.91,3.05,2.7,3.03,3.03,9600
2016-03-29,2.76,3.06,2.54,3.06,3.06,26300
2016-03-30,2.96,3.05,2.85,2.89,2.89,6200
2016-03-31,2.7,2.84,2.7,2.84,2.84,2200
2016-04-01,2.83,2.83,2.75,2.83,2.83,1900
2016-04-04,2.75,2.95,2.75,2.83,2.83,39500
2016-04-05,2.78,3.07,2.53,2.63,2.63,10000
2016-04-06,2.53,2.62,2.51,2.51,2.51,12400
2016-04-07,2.51,2.51,2.38,2.45,2.45,9600
2016-04-08,2.43,2.43,2.35,2.42,2.42,2000
2016-04-11,2.4,2.5,2.35,2.5,2.5,4700
2016-04-12,2.49,2.5,2.39,2.5,2.5,12400
2016-04-13,2.32,2.71,2.32,2.33,2.33,15000
2016-04-14,2.31,2.63,2.28,2.4,2.4,19700
2016-04-15,2.4,2.4,2.4,2.4,2.4,0
2016-04-18,2.4,2.4,2.4,2.4,2.4,0
2016-04-19,2.4,2.4,2.4,2.4,2.4,0
2016-04-20,2.4,2.4,2.4,2.4,2.4,0
2016-04-21,2.4,2.4,2.4,2.4,2.4,0
2016-04-22,2.4,2.4,2.4,2.4,2.4,0
2016-04-25,2.4,2.4,2.4,2.4,2.4,0
2016-04-26,2.15,2.5,2.1,2.1,2.1,59800
2016-04-27,2.1,2.28,2.1,2.2,2.2,3100
2016-04-28,2.3,2.37,2.21,2.21,2.21,6100
2016-04-29,2.21,2.42,2.12,2.2,2.2,6600
2016-05-02,2.2,2.2,2.15,2.15,2.15,12500
2016-05-03,2.42,2.49,2.06,2.1,2.1,47700
2016-05-04,2.15,2.42,2.1,2.23,2.23,36900
2016-05-05,2.17,2.28,2.12,2.2,2.2,13200
2016-05-06,2.25,2.39,2.12,2.18,2.18,5700
2016-05-09,2.13,2.25,2.12,2.17,2.17,5400
2016-05-10,2.18,2.28,2.08,2.13,2.13,37800
2016-05-11,2.16,2.27,2.08,2.13,2.13,22400
2016-05-12,2.25,2.25,2.1,2.1,2.1,3700
2016-05-13,2.1,2.2,2.1,2.15,2.15,1800
2016-05-16,2.15,2.31,2.09,2.11,2.11,8300
2016-05-17,2.11,2.2,2.02,2.02,2.02,2400
2016-05-18,2.09,2.09,2.09,2.09,2.09,100
2016-05-19,2.02,2.03,2.02,2.03,2.03,1100
2016-05-20,2.02,2.08,1.85,1.9,1.9,45300
2016-05-23,1.98,1.98,1.65,1.7,1.7,44300
2016-05-24,1.8,1.89,1.68,1.7,1.7,28300
2016-05-25,1.98,2.01,1.78,1.81,1.81,13500
2016-05-26,1.93,1.93,1.62,1.76,1.76,23700
2016-05-27,1.9,1.9,1.71,1.73,1.73,36200
2016-05-31,1.69,1.85,1.69,1.76,1.76,47100
2016-06-01,1.79,1.85,1.79,1.84,1.84,11600
2016-06-02,1.85,1.91,1.85,1.91,1.91,900
2016-06-03,1.91,1.91,1.8,1.8,1.8,1800
2016-06-06,1.91,1.91,1.71,1.89,1.89,45200
2016-06-07,1.87,1.93,1.73,1.85,1.85,60600
2016-06-08,1.86,3.0,1.86,2.07,2.07,287500
2016-06-09,2.04,2.04,1.8,1.9,1.9,49200
2016-06-10,1.79,1.95,1.7,1.74,1.74,14900
2016-06-13,1.73,1.74,1.7,1.72,1.72,8300
2016-06-14,1.66,1.77,1.66,1.72,1.72,2700
2016-06-15,1.74,1.88,1.67,1.75,1.75,35800
2016-06-16,1.73,1.75,1.73,1.75,1.75,700
2016-06-17,1.76,1.76,1.75,1.75,1.75,200
2016-06-20,1.8,1.86,1.75,1.75,1.75,5000
2016-06-21,1.72,1.79,1.72,1.79,1.79,9100
2016-06-22,3.01,3.94,2.41,2.68,2.68,3664300
2016-06-23,2.55,2.55,2.17,2.43,2.43,423600
2016-06-24,2.25,2.49,2.05,2.49,2.49,81700
2016-06-27,2.3,2.5,2.3,2.36,2.36,31100
2016-06-28,2.3,2.55,2.28,2.39,2.39,40300
2016-06-29,2.49,2.49,2.02,2.14,2.14,73900
2016-06-30,2.12,2.25,2.12,2.19,2.19,34400
2016-07-01,2.17,2.22,2.0,2.12,2.12,46500
2016-07-05,2.22,2.62,2.22,2.3,2.3,145500
2016-07-06,2.27,2.35,2.22,2.29,2.29,11500
2016-07-07,2.29,2.5,2.29,2.4,2.4,26600
2016-07-08,2.44,2.49,2.42,2.44,2.44,32600
2016-07-11,2.33,2.85,2.31,2.75,2.75,69500
2016-07-12,2.8,2.8,2.56,2.61,2.61,61600
2016-07-13,2.72,3.0,2.6,2.95,2.95,78900
2016-07-14,3.14,5.78,3.0,4.57,4.57,7589400
2016-07-15,4.8,7.9,4.35,7.55,7.55,5234300
2016-07-18,6.09,6.09,4.5,5.56,5.56,2034500
2016-07-19,5.3,6.95,4.65,6.28,6.28,2721600
2016-07-20,6.19,10.13,6.16,8.55,8.55,4072400
2016-07-21,9.39,12.3,8.82,10.69,10.69,2423300
2016-07-22,12.0,14.29,11.54,14.25,14.25,1470600
2016-07-25,17.85,20.950001,16.15,18.219999,18.219999,3544500
2016-07-26,19.0,19.0,12.95,13.01,13.01,1747600
2016-07-27,11.19,12.4,9.17,9.26,9.26,1216900
2016-07-28,9.65,12.71,9.59,12.03,12.03,3342100
2016-07-29,12.82,14.8,11.95,12.17,12.17,2363200
2016-08-01,12.04,13.47,11.52,12.79,12.79,679200
2016-08-02,12.5,12.84,11.22,11.26,11.26,389200
2016-08-03,12.0,12.29,10.2,10.67,10.67,455100
2016-08-04,10.66,11.48,10.66,10.82,10.82,332200
2016-08-05,10.8,11.05,10.0,10.33,10.33,292300
2016-08-08,10.67,10.89,9.8,9.8,9.8,273600
2016-08-09,9.85,10.06,9.33,9.64,9.64,156900
2016-08-10,9.46,9.7,8.62,8.66,8.66,203300
2016-08-11,8.66,9.64,8.51,9.13,9.13,289100
2016-08-12,8.74,9.3,8.66,8.87,8.87,144100
2016-08-15,9.11,9.24,8.64,8.77,8.77,179600
2016-08-16,8.69,8.82,7.27,7.76,7.76,454400
2016-08-17,7.57,7.81,7.39,7.46,7.46,121300
2016-08-18,7.45,7.5,6.47,6.94,6.94,247700
2016-08-19,6.49,7.9,6.23,6.85,6.85,681500
2016-08-22,6.77,7.11,6.46,6.8,6.8,112000
2016-08-23,6.97,7.32,6.73,7.05,7.05,179400
2016-08-24,6.88,6.88,6.45,6.45,6.45,165300
2016-08-25,6.44,6.49,6.05,6.15,6.15,100600
2016-08-26,6.1,6.1,5.92,6.0,6.0,63300
2016-08-29,6.0,9.6,6.0,9.5,9.5,8112100
2016-08-30,10.44,10.9,8.12,8.32,8.32,4399100
2016-08-31,8.17,12.7,8.12,12.6,12.6,10820100
2016-09-01,13.2,13.84,11.05,11.52,11.52,5787300
2016-09-02,11.09,13.73,10.72,12.61,12.61,5360200
2016-09-06,13.0,13.88,11.67,12.38,12.38,2105700
2016-09-07,12.49,12.98,11.36,11.64,11.64,954300
2016-09-08,11.85,11.85,10.36,10.7,10.7,740800
2016-09-09,10.56,11.48,9.85,10.93,10.93,866200
2016-09-12,10.82,11.68,10.38,11.4,11.4,644200
2016-09-13,11.29,11.53,10.62,10.68,10.68,244700
2016-09-14,10.67,11.18,10.35,10.65,10.65,105000
2016-09-15,10.65,10.89,10.38,10.47,10.47,90700
2016-09-16,10.41,10.41,10.05,10.2,10.2,119300
2016-09-19,10.2,10.31,9.71,9.96,9.96,209100
2016-09-20,9.77,9.96,9.75,9.91,9.91,22500
2016-09-21,9.91,9.91,9.91,9.91,9.91,0
2016-09-22,9.91,9.91,9.91,9.91,9.91,0
2016-09-23,9.91,9.91,9.91,9.91,9.91,0
2016-09-26,8.45,8.85,8.0,8.2,8.2,391000
2016-09-27,8.19,8.19,6.96,7.04,7.04,356700
2016-09-28,6.78,11.4,6.71,9.89,9.89,3607200
2016-09-29,10.02,11.39,9.05,9.43,9.43,1180500
2016-09-30,9.05,10.55,9.05,9.21,9.21,1008900
2016-10-03,9.0,9.28,8.68,8.8,8.8,288400
2016-10-04,8.75,8.76,8.12,8.17,8.17,178000
2016-10-05,8.11,8.26,7.71,7.85,7.85,255700
2016-10-06,7.8,9.34,7.8,8.46,8.46,943200
2016-10-07,8.56,8.88,8.06,8.2,8.2,156900
2016-10-10,8.04,8.78,8.04,8.27,8.27,278400
2016-10-11,8.3,8.75,8.14,8.24,8.24,158500
2016-10-12,8.2,8.23,7.9,8.01,8.01,121000
2016-10-13,7.95,7.98,7.66,7.9,7.9,98700
2016-10-14,7.85,7.9,7.46,7.66,7.66,109100
2016-10-17,7.08,7.13,5.37,6.23,6.23,763400
2016-10-18,6.06,6.64,6.06,6.35,6.35,265800
2016-10-19,6.3,6.42,6.06,6.1,6.1,126100
2016-10-20,6.18,8.7,6.17,7.0,7.0,3014900
2016-10-21,7.1,8.35,6.25,6.61,6.61,1368800
2016-10-24,7.21,7.28,6.32,6.72,6.72,294700
2016-10-25,6.86,6.9,6.35,6.51,6.51,130200
2016-10-26,6.55,6.7,6.46,6.55,6.55,50500
2016-10-27,6.52,6.67,6.35,6.39,6.39,54500
2016-10-28,6.89,6.89,6.36,6.41,6.41,155400
2016-10-31,6.42,6.59,6.14,6.37,6.37,57900
2016-11-01,6.35,6.49,6.2,6.41,6.41,100100
2016-11-02,7.2,7.2,6.06,6.12,6.12,98700
2016-11-03,6.08,6.4,6.07,6.13,6.13,54100
2016-11-04,6.1,6.23,6.07,6.12,6.12,71700
2016-11-07,6.88,7.88,6.19,6.51,6.51,837000
2016-11-08,6.55,6.69,6.17,6.18,6.18,113900
2016-11-09,6.25,6.39,6.1,6.15,6.15,85900
2016-11-10,6.18,6.22,5.65,5.92,5.92,142800
2016-11-11,6.0,6.0,5.7,5.75,5.75,68500
2016-11-14,5.75,6.49,5.75,6.08,6.08,259300
2016-11-15,6.09,6.78,6.08,6.39,6.39,344200
2016-11-16,6.54,7.15,6.45,6.58,6.58,332400
2016-11-17,6.85,7.0,6.38,6.57,6.57,246200
2016-11-18,6.49,6.79,6.01,6.65,6.65,188300
2016-11-21,8.05,8.88,6.81,6.92,6.92,2128000
2016-11-22,6.87,6.87,6.2,6.28,6.28,271200
2016-11-23,6.25,6.72,6.2,6.54,6.54,197500
2016-11-25,6.54,7.96,6.35,7.63,7.63,656400
2016-11-28,7.63,7.64,6.95,7.6,7.6,264000
2016-11-29,7.48,9.38,7.19,9.09,9.09,622200
2016-11-30,9.05,9.1,8.07,8.17,8.17,261900
2016-12-01,8.11,8.4,7.5,7.63,7.63,132100
2016-12-02,7.62,8.87,7.49,7.99,7.99,336000
2016-12-05,8.17,8.26,7.7,7.81,7.81,73000
2016-12-06,7.75,8.12,7.68,7.83,7.83,70900
2016-12-07,7.83,8.09,7.38,7.45,7.45,71100
2016-12-08,8.0,8.0,7.3,7.34,7.34,57800
2016-12-09,7.29,7.5,7.25,7.29,7.29,29600
2016-12-12,7.25,7.42,7.21,7.41,7.41,66500
2016-12-13,7.41,7.6,7.29,7.59,7.59,52100
2016-12-14,7.62,7.89,7.32,7.36,7.36,50000
2016-12-15,7.29,7.36,7.21,7.25,7.25,25200
2016-12-16,7.22,7.4,7.21,7.39,7.39,29300
2016-12-19,7.44,7.61,7.09,7.32,7.32,39600
2016-12-20,7.21,7.39,6.79,7.34,7.34,66000
2016-12-21,7.27,7.29,7.09,7.23,7.23,13300
2016-12-22,6.9,7.25,6.86,7.15,7.15,10600
2016-12-23,6.97,7.14,6.86,7.13,7.13,43000
2016-12-27,7.07,7.3,6.88,7.14,7.14,10300
2016-12-28,7.14,7.35,6.9,6.92,6.92,26800
2016-12-29,7.12,7.15,6.91,6.93,6.93,14500
2016-12-30,6.9,6.99,6.56,6.6,6.6,56400
2017-01-03,7.0,7.0,6.6,6.61,6.61,27900
2017-01-04,6.52,6.9,6.52,6.68,6.68,107500
2017-01-05,6.72,6.78,6.41,6.54,6.54,24800
2017-01-06,6.56,6.66,6.38,6.38,6.38,46300
2017-01-09,6.51,6.57,6.39,6.51,6.51,20100
2017-01-10,6.55,6.55,6.22,6.36,6.36,49100
2017-01-11,6.36,8.2,6.15,7.07,7.07,513200
2017-01-12,6.84,6.94,6.5,6.7,6.7,79400
2017-01-13,6.69,6.8,6.55,6.72,6.72,49300
2017-01-17,6.7,6.7,6.55,6.59,6.59,28300
2017-01-18,6.56,6.69,6.56,6.62,6.62,16200
2017-01-19,6.6,6.73,6.55,6.59,6.59,30400
2017-01-20,6.57,6.75,6.35,6.5,6.5,49400
2017-01-23,6.48,6.59,6.31,6.32,6.32,29500
2017-01-24,6.48,6.5,6.3,6.34,6.34,28800
2017-01-25,6.35,6.45,6.3,6.37,6.37,19000
2017-01-26,6.37,6.55,6.34,6.48,6.48,24000
2017-01-27,6.54,6.54,6.33,6.42,6.42,21500
2017-01-30,6.41,6.95,6.34,6.95,6.95,57500
2017-01-31,6.89,6.89,6.43,6.6,6.6,30500
2017-02-01,6.73,6.73,6.41,6.52,6.52,6400
2017-02-02,6.59,6.59,6.34,6.34,6.34,13200
2017-02-03,6.39,6.64,6.39,6.59,6.59,17500
2017-02-06,7.0,7.12,6.46,6.49,6.49,90300
2017-02-07,6.57,6.6,6.42,6.52,6.52,31200
2017-02-08,6.52,7.09,6.44,6.61,6.61,232000
2017-02-09,6.6,6.73,6.48,6.52,6.52,29200
2017-02-10,6.5,6.64,6.46,6.64,6.64,8000
2017-02-13,6.66,6.67,6.31,6.44,6.44,34100
2017-02-14,6.45,6.48,6.3,6.32,6.32,29100
2017-02-15,6.3,6.42,6.26,6.28,6.28,21000
2017-02-16,6.42,6.42,6.2,6.26,6.26,33100
2017-02-17,6.26,6.46,5.95,6.02,6.02,72300
2017-02-21,5.99,6.06,5.87,5.88,5.88,47600
2017-02-22,5.87,6.0,5.81,5.85,5.85,15900
2017-02-23,5.83,5.98,5.83,5.9,5.9,26400
2017-02-24,5.88,5.94,5.77,5.8,5.8,13300
2017-02-27,5.93,5.93,5.0,5.14,5.14,73300
2017-02-28,5.17,5.3,5.14,5.17,5.17,23400
2017-03-01,5.3,5.3,4.98,5.25,5.25,21200
2017-03-02,5.3,5.3,5.04,5.08,5.08,13500
2017-03-03,5.17,5.17,5.03,5.03,5.03,4100
2017-03-06,5.65,6.88,5.56,5.56,5.56,740000
2017-03-07,5.32,5.54,5.2,5.45,5.45,71700
2017-03-08,5.43,5.98,5.22,5.77,5.77,114400
2017-03-09,5.73,5.83,5.52,5.8,5.8,27000
2017-03-10,5.84,5.84,5.49,5.64,5.64,19600
2017-03-13,5.65,5.8,5.48,5.69,5.69,12000
2017-03-14,5.64,5.64,5.4,5.41,5.41,39600
2017-03-15,5.75,5.9,5.51,5.6,5.6,87200
2017-03-16,5.63,5.77,5.61,5.73,5.73,14100
2017-03-17,5.89,5.89,5.69,5.83,5.83,13500
2017-03-20,5.83,5.99,5.83,5.98,5.98,20400
2017-03-21,5.88,5.99,5.67,5.97,5.97,29500
2017-03-22,5.8,5.94,5.67,5.91,5.91,5500
2017-03-23,5.85,5.99,5.67,5.79,5.79,10500
2017-03-24,5.9,5.9,5.69,5.78,5.78,10000
2017-03-27,5.83,5.89,5.83,5.87,5.87,9200
2017-03-28,5.89,6.2,5.82,6.19,6.19,111500
2017-03-29,6.03,6.4,6.03,6.31,6.31,31300
2017-03-30,6.3,6.32,6.06,6.1,6.1,21000
2017-03-31,6.01,6.05,5.76,5.95,5.95,27700
2017-04-03,5.91,5.94,5.87,5.93,5.93,7500
2017-04-04,5.75,5.93,5.71,5.72,5.72,15300
2017-04-05,5.79,5.91,5.66,5.75,5.75,15800
2017-04-06,5.7,5.94,5.7,5.9,5.9,14400
2017-04-07,5.86,6.5,5.77,5.84,5.84,168700
2017-04-10,5.65,5.84,5.53,5.68,5.68,43600
2017-04-11,5.68,5.77,5.55,5.68,5.68,13700
2017-04-12,5.78,6.35,5.12,5.33,5.33,289700
2017-04-13,2.9,3.09,2.77,2.94,2.94,2255500
2017-04-17,3.0,3.0,2.7,2.79,2.79,369100
2017-04-18,2.77,2.77,2.3,2.39,2.39,392000
2017-04-19,2.41,3.33,2.32,3.06,3.06,1500300
2017-04-20,3.04,4.33,2.72,3.56,3.56,4063400
2017-04-21,3.33,3.95,3.2,3.4,3.4,1383100
2017-04-24,3.43,3.64,3.12,3.2,3.2,374000
2017-04-25,3.21,3.3,3.03,3.16,3.16,181000
2017-04-26,3.14,3.25,3.01,3.15,3.15,88400
2017-04-27,3.15,3.19,2.8,3.03,3.03,210500
2017-04-28,3.09,3.09,2.9,3.0,3.0,107000
2017-05-01,2.99,3.0,2.9,2.99,2.99,69000
2017-05-02,2.95,2.99,2.85,2.88,2.88,126800
2017-05-03,2.95,2.98,2.86,2.94,2.94,55100
2017-05-04,2.9,2.94,2.8,2.82,2.82,88900
2017-05-05,2.82,2.9,2.77,2.85,2.85,39800
2017-05-08,2.83,2.91,2.8,2.85,2.85,43100
2017-05-09,2.87,3.15,2.82,2.91,2.91,218000
2017-05-10,2.89,2.97,2.81,2.87,2.87,65800
2017-05-11,2.82,2.88,2.75,2.78,2.78,70100
2017-05-12,2.75,2.86,2.71,2.79,2.79,39300
2017-05-15,2.78,2.89,2.66,2.67,2.67,81600
2017-05-16,2.66,2.85,2.66,2.72,2.72,32200
2017-05-17,2.67,2.75,2.56,2.71,2.71,72500
2017-05-18,2.74,2.76,2.55,2.61,2.61,57000
2017-05-19,2.65,2.75,2.55,2.55,2.55,25300
2017-05-22,2.6,2.7,2.55,2.6,2.6,31400
2017-05-23,2.66,2.66,2.55,2.55,2.55,29600
2017-05-24,2.56,2.66,2.53,2.54,2.54,25400
2017-05-25,2.54,2.8,2.54,2.71,2.71,111800
2017-05-26,2.75,2.85,2.57,2.65,2.65,140200
2017-05-30,2.9,2.9,2.65,2.68,2.68,74200
2017-05-31,2.71,2.85,2.68,2.69,2.69,30000
2017-06-01,2.69,2.84,2.68,2.69,2.69,68100
2017-06-02,2.71,2.79,2.68,2.76,2.76,45300
2017-06-05,2.68,2.75,2.68,2.69,2.69,36600
2017-06-06,2.68,2.72,2.57,2.57,2.57,33600
2017-06-07,2.53,2.67,2.53,2.55,2.55,32800
2017-06-08,2.56,2.63,2.53,2.58,2.58,29300
2017-06-09,2.58,2.81,2.54,2.6,2.6,112700
2017-06-12,2.62,2.71,2.55,2.71,2.71,3100
2017-06-13,2.89,2.89,2.51,2.7,2.7,53900
2017-06-14,2.6,2.8,2.41,2.62,2.62,13600
2017-06-15,2.46,2.65,2.45,2.61,2.61,25800
2017-06-16,2.8,2.8,2.44,2.53,2.53,38300
2017-06-19,2.43,2.59,2.4,2.49,2.49,28800
2017-06-20,2.4,2.53,2.4,2.41,2.41,22100
2017-06-21,2.51,2.53,2.42,2.42,2.42,36900
2017-06-22,2.44,2.55,2.42,2.46,2.46,6700
2017-06-23,2.42,2.49,2.42,2.43,2.43,17000
2017-06-26,2.42,2.45,2.32,2.33,2.33,19700
2017-06-27,2.4,2.45,2.32,2.32,2.32,14000
2017-06-28,2.45,2.45,2.31,2.32,2.32,9300
2017-06-29,2.5,2.59,2.31,2.35,2.35,29500
2017-06-30,2.36,2.5,2.35,2.41,2.41,14200
2017-07-03,2.37,2.45,2.37,2.39,2.39,23200
2017-07-05,2.42,2.44,2.38,2.38,2.38,10800
2017-07-06,2.38,2.5,2.35,2.36,2.36,41800
2017-07-07,2.5,2.51,2.36,2.36,2.36,25700
2017-07-10,2.37,2.37,2.25,2.25,2.25,25400
2017-07-11,2.3,2.3,2.12,2.16,2.16,39600
2017-07-12,2.18,2.2,2.14,2.18,2.18,66400
2017-07-13,2.14,2.2,2.14,2.2,2.2,16400
2017-07-14,2.07,2.2,2.07,2.2,2.2,49400
2017-07-17,2.19,2.52,2.19,2.49,2.49,61400
2017-07-18,2.5,2.5,2.21,2.39,2.39,42900
2017-07-19,2.39,2.4,2.3,2.39,2.39,9100
2017-07-20,2.4,2.4,2.26,2.39,2.39,9100
2017-07-21,2.26,2.36,2.26,2.31,2.31,12800
2017-07-24,2.36,2.4,2.23,2.4,2.4,17100
2017-07-25,2.4,2.4,2.36,2.39,2.39,11400
2017-07-26,2.25,2.36,2.21,2.28,2.28,36700
2017-07-27,2.26,2.34,2.23,2.33,2.33,15200
2017-07-28,2.25,2.33,2.2,2.22,2.22,13800
2017-07-31,2.21,2.21,2.03,2.12,2.12,36200
2017-08-01,2.11,2.17,1.95,2.09,2.09,31700
2017-08-02,2.04,2.08,1.97,2.01,2.01,9500
2017-08-03,1.96,2.05,1.59,1.75,1.75,123300
2017-08-04,1.61,1.8,1.61,1.77,1.77,26200
2017-08-07,1.87,2.55,1.87,2.33,2.33,331200
2017-08-08,2.6,2.6,2.1,2.2,2.2,123200
2017-08-09,2.66,2.66,2.01,2.2,2.2,67900
2017-08-10,2.17,2.27,2.05,2.27,2.27,25900
2017-08-11,2.31,2.38,2.08,2.12,2.12,56500
2017-08-14,2.19,2.26,2.08,2.1,2.1,48700
2017-08-15,2.09,2.13,1.75,1.92,1.92,89900
2017-08-16,1.84,1.84,1.3,1.63,1.63,130900
2017-08-17,1.67,1.71,1.61,1.61,1.61,30500
2017-08-18,1.69,1.72,1.51,1.53,1.53,9200
2017-08-21,1.73,1.73,1.41,1.52,1.52,45700
2017-08-22,1.58,1.69,1.4,1.49,1.49,28000
2017-08-23,1.35,1.67,1.35,1.62,1.62,40900
2017-08-24,1.7,1.7,1.45,1.51,1.51,30600
2017-08-25,1.65,1.65,1.52,1.61,1.61,15900
2017-08-28,1.62,1.71,1.62,1.65,1.65,15600
2017-08-29,1.67,1.67,1.6,1.61,1.61,10500
2017-08-30,1.61,1.69,1.6,1.61,1.61,9800
2017-08-31,1.69,1.72,1.61,1.67,1.67,19800
2017-09-01,1.65,1.67,1.62,1.66,1.66,3300
2017-09-05,1.61,1.67,1.61,1.62,1.62,12400
2017-09-06,1.61,1.67,1.6,1.6,1.6,5500
2017-09-07,1.63,1.67,1.6,1.65,1.65,18700
2017-09-08,1.64,1.69,1.6,1.6,1.6,8400
2017-09-11,1.68,1.69,1.62,1.67,1.67,12500
2017-09-12,1.64,1.7,1.6,1.69,1.69,14200
2017-09-13,1.68,1.68,1.61,1.65,1.65,24600
2017-09-14,1.64,1.65,1.61,1.62,1.62,18200
2017-09-15,1.61,1.68,1.6,1.65,1.65,19300
2017-09-18,1.69,1.69,1.65,1.66,1.66,8900
2017-09-19,1.67,1.72,1.65,1.7,1.7,56600
2017-09-20,1.7,2.48,1.7,2.26,2.26,525100
2017-09-21,2.38,2.38,1.88,1.99,1.99,261300
2017-09-22,2.18,2.18,1.8,1.89,1.89,51100
2017-09-25,2.0,2.1,1.96,2.0,2.0,18000
2017-09-26,1.97,2.0,1.85,1.94,1.94,22500
2017-09-27,2.0,2.13,1.95,2.06,2.06,64700
2017-09-28,2.22,2.22,1.97,2.0,2.0,116400
2017-09-29,1.9,2.0,1.86,1.87,1.87,40000
2017-10-02,1.93,1.98,1.88,1.94,1.94,47300
2017-10-03,1.98,2.0,1.86,1.93,1.93,29800
2017-10-04,1.97,2.02,1.86,1.96,1.96,48600
2017-10-05,1.96,1.97,1.88,1.9,1.9,16200
2017-10-06,1.86,2.0,1.85,1.94,1.94,88900
2017-10-09,2.0,2.15,2.0,2.04,2.04,149300
2017-10-10,2.12,2.21,1.92,1.97,1.97,142500
2017-10-11,1.98,2.12,1.9,2.0,2.0,31000
2017-10-12,2.04,2.04,1.96,1.98,1.98,36100
2017-10-13,1.98,1.98,1.82,1.83,1.83,47500
2017-10-16,1.81,1.86,1.68,1.77,1.77,42000
2017-10-17,1.8,1.84,1.76,1.8,1.8,16200
2017-10-18,1.81,1.83,1.79,1.79,1.79,10200
2017-10-19,1.76,1.89,1.69,1.75,1.75,23500
2017-10-20,1.76,1.88,1.76,1.76,1.76,44600
2017-10-23,1.6,1.65,1.46,1.49,1.49,205700
2017-10-24,1.41,1.49,1.35,1.48,1.48,127600
2017-10-25,1.86,1.86,1.46,1.53,1.53,32400
2017-10-26,1.58,1.78,1.52,1.63,1.63,33700
2017-10-27,1.63,1.63,1.46,1.57,1.57,19500
2017-10-30,1.5,1.62,1.5,1.52,1.52,20200
2017-10-31,1.37,1.62,1.37,1.49,1.49,34700
2017-11-01,1.49,1.54,1.39,1.48,1.48,17900
2017-11-02,1.47,1.47,1.37,1.37,1.37,30500
2017-11-03,1.52,1.52,1.35,1.35,1.35,32400
2017-11-06,1.5,1.6,1.5,1.52,1.52,60900
2017-11-07,1.7,1.87,1.52,1.73,1.73,369800
2017-11-08,1.8,1.84,1.33,1.6,1.6,176700
2017-11-09,1.69,2.65,1.49,1.72,1.72,1107700
2017-11-10,1.86,1.93,1.58,1.58,1.58,116900
2017-11-13,1.6,1.67,1.51,1.52,1.52,37900
2017-11-14,1.55,1.89,1.54,1.63,1.63,161300
2017-11-15,1.67,1.82,1.55,1.61,1.61,228100
2017-11-16,1.69,1.7,1.57,1.62,1.62,134200
2017-11-17,1.65,1.65,1.47,1.52,1.52,123600
2017-11-20,1.52,1.59,1.37,1.5,1.5,92300
2017-11-21,1.5,1.68,1.43,1.45,1.45,38000
2017-11-22,1.49,1.68,1.43,1.46,1.46,211300
2017-11-24,1.46,1.53,1.38,1.42,1.42,58200
2017-11-27,1.47,1.47,1.39,1.4,1.4,36900
2017-11-28,1.43,1.49,1.4,1.43,1.43,21900
2017-11-29,1.45,1.77,1.45,1.46,1.46,779000
2017-11-30,1.53,1.53,1.41,1.42,1.42,123300
2017-12-01,1.48,1.48,1.41,1.43,1.43,16700
2017-12-04,1.45,1.48,1.38,1.46,1.46,51200
2017-12-05,1.45,1.45,1.39,1.41,1.41,11500
2017-12-06,1.41,1.41,1.4,1.4,1.4,2400
2017-12-07,1.4,1.45,1.34,1.37,1.37,25600
2017-12-08,1.37,1.54,1.37,1.52,1.52,36800
2017-12-11,1.48,1.54,1.42,1.48,1.48,11600
2017-12-12,1.45,1.48,1.43,1.48,1.48,20200
2017-12-13,1.44,1.47,1.42,1.46,1.46,32300
2017-12-14,1.43,2.37,1.38,1.83,1.83,2046200
2017-12-15,1.7,1.75,1.5,1.52,1.52,368600
2017-12-18,1.52,2.05,1.52,1.83,1.83,929900
2017-12-19,1.85,5.79,1.74,3.0,3.0,7580800
2017-12-20,3.52,5.75,3.5,4.34,4.34,8749400
2017-12-21,4.34,4.82,3.05,3.25,3.25,1752700
2017-12-22,3.0,6.63,2.75,4.35,4.35,5564300
2017-12-26,5.15,8.0,5.11,6.24,6.24,11183600
2017-12-27,5.52,5.65,4.9,5.25,5.25,1849300
2017-12-28,4.73,4.93,4.5,4.54,4.54,855200
2017-12-29,4.5,4.87,4.1,4.17,4.17,680300
2018-01-02,4.2,4.67,3.88,4.37,4.37,717900
2018-01-03,4.35,5.19,4.07,5.0,5.0,1961700
2018-01-04,6.05,6.6,5.11,5.19,5.19,3822800
2018-01-05,5.64,5.64,4.53,4.66,4.66,686300
2018-01-08,4.52,4.95,4.0,4.42,4.42,393400
2018-01-09,4.42,4.55,4.1,4.39,4.39,334100
2018-01-10,4.11,6.06,3.9,4.42,4.42,3148000
2018-01-11,4.23,4.48,4.15,4.15,4.15,324500
2018-01-12,4.29,4.47,4.2,4.23,4.23,257500
2018-01-16,4.02,4.25,3.81,3.81,3.81,451500
2018-01-17,3.8,3.9,3.45,3.63,3.63,207200
2018-01-18,3.74,3.85,3.63,3.64,3.64,95200
2018-01-19,3.6,4.02,3.56,3.79,3.79,342200
2018-01-22,3.63,3.81,3.25,3.3,3.3,294000
2018-01-23,3.25,3.4,3.24,3.26,3.26,91000
2018-01-24,3.24,3.51,3.24,3.29,3.29,223500
2018-01-25,3.34,4.99,3.2,3.8,3.8,2343300
2018-01-26,3.8,3.89,3.35,3.41,3.41,410200
2018-01-29,3.42,3.54,3.24,3.37,3.37,125200
2018-01-30,3.38,3.43,3.06,3.12,3.12,146000
2018-01-31,3.06,3.38,3.03,3.15,3.15,234900
2018-02-01,3.01,3.3,3.01,3.11,3.11,158800
2018-02-02,3.29,3.29,3.01,3.05,3.05,88000
2018-02-05,2.92,3.01,2.35,2.53,2.53,219000
2018-02-06,2.39,2.68,2.32,2.56,2.56,149600
2018-02-07,2.51,2.87,2.5,2.74,2.74,120800
2018-02-08,2.7,2.83,2.33,2.33,2.33,150400
2018-02-09,2.5,2.5,2.22,2.33,2.33,72800
2018-02-12,2.65,2.65,2.35,2.44,2.44,57500
2018-02-13,2.68,2.68,2.39,2.48,2.48,48200
2018-02-14,2.63,2.8,2.41,2.75,2.75,173400
2018-02-15,2.65,2.98,2.52,2.96,2.96,225000
2018-02-16,3.17,4.2,3.0,3.04,3.04,5360900
2018-02-20,3.15,3.2,2.88,3.03,3.03,140400
2018-02-21,2.79,2.99,2.71,2.85,2.85,156800
2018-02-22,2.94,2.94,2.68,2.74,2.74,97900
2018-02-23,2.7,2.88,2.7,2.8,2.8,84300
2018-02-26,2.9,2.92,2.6,2.71,2.71,119800
2018-02-27,2.77,2.79,2.63,2.7,2.7,95500
2018-02-28,2.68,2.75,2.63,2.65,2.65,50400
2018-03-01,2.59,2.62,2.5,2.5,2.5,66000
2018-03-02,2.51,2.6,2.51,2.56,2.56,16000
2018-03-05,2.56,2.79,2.56,2.65,2.65,73300
2018-03-06,2.74,2.74,2.6,2.67,2.67,41300
2018-03-07,2.56,2.72,2.56,2.65,2.65,17000
2018-03-08,2.95,2.95,2.56,2.68,2.68,34600
2018-03-09,2.68,2.77,2.68,2.7,2.7,24200
2018-03-12,2.71,3.13,2.63,3.01,3.01,260900
2018-03-13,3.12,3.6,2.73,2.73,2.73,552700
2018-03-14,2.73,2.84,2.67,2.67,2.67,51400
2018-03-15,2.67,2.91,2.67,2.67,2.67,215900
2018-03-16,2.69,2.72,2.53,2.64,2.64,60600
2018-03-19,2.61,2.73,2.57,2.61,2.61,72400
2018-03-20,2.61,2.62,2.58,2.58,2.58,57400
2018-03-21,2.6,2.75,2.58,2.62,2.62,34200
2018-03-22,2.59,2.64,2.52,2.53,2.53,59600
2018-03-23,2.53,2.53,2.5,2.5,2.5,76300
2018-03-26,2.53,2.55,2.36,2.36,2.36,90100
2018-03-27,2.41,2.44,2.1,2.25,2.25,108800
2018-03-28,2.2,2.28,2.03,2.09,2.09,51800
2018-03-29,2.15,2.15,2.02,2.05,2.05,56600
2018-04-02,2.06,2.07,1.78,1.9,1.9,95500
2018-04-03,1.88,1.89,1.6,1.69,1.69,84900
2018-04-04,1.68,1.89,1.68,1.8,1.8,91200
2018-04-05,1.82,2.23,1.82,1.88,1.88,311000
2018-04-06,1.86,2.05,1.8,1.81,1.81,44600
2018-04-09,1.8,1.85,1.73,1.77,1.77,66600
2018-04-10,1.81,2.06,1.77,1.86,1.86,142000
2018-04-11,1.85,1.98,1.81,1.85,1.85,54200
2018-04-12,1.85,2.13,1.85,1.97,1.97,318100
2018-04-13,2.0,3.55,1.99,2.5,2.5,10560100
2018-04-16,2.4,2.65,2.15,2.17,2.17,633800
2018-04-17,2.29,2.52,2.25,2.27,2.27,657200
2018-04-18,2.28,2.61,2.23,2.26,2.26,499200
2018-04-19,2.3,2.3,2.11,2.2,2.2,177400
2018-04-20,2.21,2.24,2.1,2.21,2.21,263800
2018-04-23,2.19,2.19,2.1,2.16,2.16,100400
2018-04-24,2.16,2.28,2.1,2.1,2.1,122400
2018-04-25,2.11,2.14,1.91,1.95,1.95,160100
2018-04-26,1.96,2.07,1.96,2.01,2.01,75300
2018-04-27,2.08,2.08,2.0,2.01,2.01,58200
2018-04-30,2.05,2.05,1.91,2.05,2.05,40100
2018-05-01,2.0,2.09,1.95,2.07,2.07,47400
2018-05-02,2.05,2.08,2.03,2.05,2.05,53600
2018-05-03,2.08,2.4,2.02,2.28,2.28,518600
2018-05-04,2.32,2.39,2.21,2.26,2.26,74000
2018-05-07,2.26,2.26,2.08,2.09,2.09,60400
2018-05-08,2.15,2.18,2.04,2.17,2.17,49000
2018-05-09,2.25,2.7,2.05,2.15,2.15,460500
2018-05-10,2.16,2.16,2.06,2.11,2.11,54400
2018-05-11,2.15,2.2,2.06,2.16,2.16,56700
2018-05-14,2.16,2.2,2.08,2.16,2.16,71600
2018-05-15,2.19,2.4,2.15,2.27,2.27,278900
2018-05-16,2.31,2.33,2.16,2.19,2.19,46000
2018-05-17,2.25,2.35,2.17,2.32,2.32,80400
2018-05-18,2.31,2.38,2.2,2.22,2.22,104300
2018-05-21,2.32,2.32,2.12,2.17,2.17,62200
2018-05-22,2.2,2.3,2.06,2.2,2.2,72700
2018-05-23,2.22,2.3,2.17,2.26,2.26,32400
2018-05-24,2.32,2.32,2.22,2.26,2.26,40800
2018-05-25,2.26,2.3,2.22,2.27,2.27,42500
2018-05-29,2.26,2.26,2.15,2.21,2.21,51900
2018-05-30,2.27,2.29,2.17,2.22,2.22,80600
2018-05-31,2.18,2.22,2.15,2.15,2.15,58100
2018-06-01,2.2,2.73,2.09,2.18,2.18,1099800
2018-06-04,2.14,2.26,2.07,2.07,2.07,134000
2018-06-05,2.07,2.2,2.07,2.09,2.09,48400
2018-06-06,2.12,2.14,2.09,2.09,2.09,35000
2018-06-07,2.1,2.11,2.08,2.08,2.08,23400
2018-06-08,2.09,2.3,2.09,2.22,2.22,152400
2018-06-11,2.19,2.23,2.14,2.16,2.16,34100
2018-06-12,2.23,2.23,2.12,2.19,2.19,64300
2018-06-13,2.29,2.29,2.15,2.22,2.22,59300
2018-06-14,2.22,2.26,2.15,2.2,2.2,69100
2018-06-15,2.22,2.33,2.15,2.33,2.33,93300
2018-06-18,2.35,2.46,2.25,2.27,2.27,92500
2018-06-19,2.27,2.35,2.08,2.11,2.11,126000
2018-06-20,2.17,2.18,2.1,2.17,2.17,47600
2018-06-21,2.18,2.18,2.12,2.12,2.12,17900
2018-06-22,2.43,2.45,1.9,2.02,2.02,213800
2018-06-25,2.0,2.0,1.91,1.97,1.97,40400
2018-06-26,2.07,2.07,1.92,1.98,1.98,53400
2018-06-27,1.97,2.02,1.85,1.86,1.86,92300
2018-06-28,1.82,1.91,1.65,1.69,1.69,80600
2018-06-29,1.77,1.77,1.64,1.67,1.67,60200
2018-07-02,1.7,1.77,1.65,1.7,1.7,39300
2018-07-03,1.73,1.75,1.68,1.68,1.68,5000
2018-07-05,1.7,1.95,1.69,1.94,1.94,127900
2018-07-06,2.0,2.08,1.83,2.06,2.06,86200
2018-07-09,2.06,2.08,1.9,2.06,2.06,63600
2018-07-10,2.07,2.1,1.96,1.97,1.97,19200
2018-07-11,2.0,2.11,1.99,2.11,2.11,67300
2018-07-12,2.15,2.15,2.05,2.1,2.1,39100
2018-07-13,2.06,2.2,2.06,2.2,2.2,35400
2018-07-16,2.2,2.2,2.04,2.13,2.13,74000
2018-07-17,2.05,2.26,2.02,2.14,2.14,226700
2018-07-18,2.18,2.18,1.94,1.97,1.97,116200
2018-07-19,1.96,1.98,1.86,1.98,1.98,34100
2018-07-20,1.97,2.04,1.94,1.95,1.95,68100
2018-07-23,2.05,2.05,1.91,1.97,1.97,53500
2018-07-24,2.05,2.12,1.93,2.04,2.04,93000
2018-07-25,2.09,2.09,1.93,1.96,1.96,44900
2018-07-26,2.0,2.01,1.72,1.9,1.9,63500
2018-07-27,1.88,1.93,1.77,1.78,1.78,37600
2018-07-30,1.78,1.9,1.6,1.6,1.6,152100
2018-07-31,1.7,1.7,1.6,1.6,1.6,70600
2018-08-01,1.6,1.6,1.41,1.41,1.41,158900
2018-08-02,1.45,1.47,1.37,1.37,1.37,69500
2018-08-03,1.39,1.49,1.37,1.47,1.47,44800
2018-08-06,1.54,1.58,1.39,1.58,1.58,36800
2018-08-07,1.49,1.59,1.4,1.46,1.46,72900
2018-08-08,1.46,1.58,1.46,1.48,1.48,35300
2018-08-09,1.48,1.55,1.43,1.53,1.53,31200
2018-08-10,1.64,1.64,1.4,1.51,1.51,42100
2018-08-13,1.62,1.62,1.41,1.61,1.61,42200
2018-08-14,1.64,1.76,1.46,1.75,1.75,100500
2018-08-15,1.72,1.75,1.49,1.62,1.62,39900
2018-08-16,1.59,1.6,1.48,1.51,1.51,41300
2018-08-17,1.56,1.6,1.51,1.55,1.55,40500
2018-08-20,1.53,1.64,1.49,1.64,1.64,21900
2018-08-21,1.68,1.8,1.55,1.65,1.65,114600
2018-08-22,1.69,1.74,1.61,1.7,1.7,68400
2018-08-23,1.69,1.69,1.58,1.58,1.58,45400
2018-08-24,1.64,1.64,1.53,1.61,1.61,21100
2018-08-27,1.59,1.63,1.52,1.56,1.56,55600
2018-08-28,1.6,1.63,1.36,1.44,1.44,66500
2018-08-29,1.54,1.54,1.4,1.43,1.43,70900
2018-08-30,1.41,1.53,1.38,1.39,1.39,68300
2018-08-31,1.38,1.45,1.25,1.29,1.29,104900
2018-09-04,1.29,1.34,1.18,1.27,1.27,109000
2018-09-05,1.27,1.27,1.21,1.24,1.24,15500
2018-09-06,1.35,1.39,1.22,1.28,1.28,71600
2018-09-07,1.3,1.37,1.25,1.31,1.31,44500
2018-09-10,1.39,1.39,1.19,1.28,1.28,26500
2018-09-11,1.32,1.32,1.26,1.26,1.26,11100
2018-09-12,1.28,1.3,1.26,1.26,1.26,43800
2018-09-13,1.32,1.38,1.26,1.27,1.27,20600
2018-09-14,1.29,1.34,1.26,1.26,1.26,8300
2018-09-17,1.28,1.37,1.09,1.12,1.12,112900
2018-09-18,1.17,1.19,1.08,1.16,1.16,24400
2018-09-19,1.18,1.22,1.12,1.22,1.22,17400
2018-09-20,1.29,1.32,1.19,1.22,1.22,48800
2018-09-21,1.24,1.3,1.17,1.22,1.22,49600
2018-09-24,1.25,1.35,1.25,1.26,1.26,37300
2018-09-25,1.28,1.31,1.22,1.3,1.3,36000
2018-09-26,1.26,1.29,1.17,1.21,1.21,26400
2018-09-27,1.26,1.26,1.21,1.24,1.24,26300
2018-09-28,1.3,1.3,1.24,1.26,1.26,47900
2018-10-01,1.3,1.3,1.08,1.18,1.18,75400
2018-10-02,1.2,1.46,1.12,1.32,1.32,403100
2018-10-03,1.35,1.35,1.13,1.17,1.17,99000
2018-10-04,1.17,1.25,1.14,1.14,1.14,69900
2018-10-05,1.15,1.2,1.08,1.08,1.08,60200
2018-10-08,1.08,1.13,0.96,1.08,1.08,83900
2018-10-09,1.1,1.13,1.07,1.09,1.09,32000
2018-10-10,1.24,1.24,1.08,1.09,1.09,52100
2018-10-11,1.09,1.24,0.99,1.08,1.08,100000
2018-10-12,1.09,1.11,1.03,1.09,1.09,46200
2018-10-15,1.11,1.11,1.01,1.03,1.03,38100
2018-10-16,1.01,1.1,0.97,1.03,1.03,85400
2018-10-17,1.04,1.27,1.0,1.18,1.18,297100
2018-10-18,1.2,1.38,1.2,1.2,1.2,350000
2018-10-19,1.35,2.03,1.24,1.63,1.63,3451500
2018-10-22,1.65,1.79,1.31,1.33,1.33,579300
2018-10-23,1.33,1.33,1.1,1.25,1.25,258500
2018-10-24,1.3,1.3,1.15,1.18,1.18,107300
2018-10-25,1.21,1.46,1.18,1.38,1.38,139400
2018-10-26,1.37,1.45,1.18,1.28,1.28,303600
2018-10-29,1.42,1.42,1.19,1.25,1.25,85200
2018-10-30,1.29,1.35,1.19,1.21,1.21,90500
2018-10-31,1.21,1.21,1.12,1.15,1.15,117700
2018-11-01,1.15,1.35,1.15,1.26,1.26,147800
2018-11-02,1.27,1.32,1.18,1.25,1.25,88800
2018-11-05,1.22,1.33,1.2,1.26,1.26,89200
2018-11-06,1.26,1.58,1.24,1.51,1.51,600100
2018-11-07,1.51,1.51,1.29,1.39,1.39,166400
2018-11-08,1.42,1.48,1.36,1.41,1.41,58200
2018-11-09,1.49,1.49,1.3,1.44,1.44,41300
2018-11-12,1.43,1.48,1.32,1.34,1.34,41800
2018-11-13,1.35,1.43,1.32,1.4,1.4,43900
2018-11-14,1.37,1.43,1.3,1.3,1.3,53100
2018-11-15,1.29,1.29,1.1,1.17,1.17,91100
2018-11-16,1.2,1.24,1.12,1.17,1.17,98600
2018-11-19,1.17,1.21,1.1,1.15,1.15,59800
2018-11-20,1.11,1.12,1.03,1.12,1.12,27700
2018-11-21,1.13,1.18,1.02,1.09,1.09,63300
2018-11-23,1.06,1.15,1.02,1.1,1.1,27000
2018-11-26,1.13,1.18,1.04,1.07,1.07,55100
2018-11-27,1.15,1.17,1.03,1.1,1.1,29200
2018-11-28,1.12,1.14,1.03,1.1,1.1,26400
2018-11-29,1.07,1.07,1.05,1.06,1.06,19900
2018-11-30,1.07,1.2,1.07,1.18,1.18,99600
2018-12-03,1.18,1.18,1.07,1.08,1.08,143300
2018-12-04,1.09,1.17,0.93,1.01,1.01,116700
2018-12-06,1.01,1.01,0.88,0.9,0.9,95400
2018-12-07,1.04,1.04,0.95,0.97,0.97,26400
2018-12-10,0.98,0.99,0.87,0.91,0.91,39200
2018-12-11,0.85,0.9,0.76,0.83,0.83,99000
2018-12-12,0.85,0.9,0.84,0.9,0.9,42100
2018-12-13,0.91,0.91,0.83,0.89,0.89,23000
2018-12-14,0.87,0.87,0.81,0.83,0.83,48000
2018-12-17,0.8,0.8,0.69,0.73,0.73,67100
2018-12-18,0.74,0.81,0.65,0.69,0.69,33300
2018-12-19,0.66,0.7,0.66,0.69,0.69,35300
2018-12-20,0.67,0.69,0.58,0.58,0.58,75100
2018-12-21,0.58,0.6,0.52,0.54,0.54,64800
2018-12-24,0.49,0.62,0.49,0.55,0.55,15300
2018-12-26,0.51,0.69,0.51,0.59,0.59,14100
2018-12-27,0.59,0.69,0.57,0.59,0.59,24500
2018-12-28,0.5,0.68,0.5,0.62,0.62,50300
2018-12-31,0.6,0.67,0.5,0.61,0.61,35900
2019-01-02,0.64,0.65,0.6,0.63,0.63,11800
2019-01-03,0.61,0.66,0.61,0.65,0.65,14100
2019-01-04,0.67,0.67,0.59,0.65,0.65,13400
2019-01-07,0.66,0.66,0.62,0.63,0.63,28000
2019-01-08,0.64,0.69,0.61,0.65,0.65,30100
2019-01-09,0.65,0.78,0.62,0.73,0.73,159100
2019-01-10,0.76,0.77,0.73,0.76,0.76,20600
2019-01-11,0.73,0.77,0.73,0.75,0.75,12300
2019-01-14,0.75,1.29,0.73,1.15,1.15,877700
2019-01-15,1.01,1.1,0.93,0.93,0.93,153800
2019-01-16,0.93,1.03,0.93,0.98,0.98,36100
2019-01-17,0.95,1.02,0.93,1.0,1.0,27600
2019-01-18,0.99,1.0,0.86,0.92,0.92,51700
2019-01-22,0.95,0.96,0.86,0.9,0.9,17600
2019-01-23,0.86,0.9,0.78,0.86,0.86,82700
2019-01-24,0.84,0.84,0.78,0.8,0.8,43200
2019-01-25,0.78,0.84,0.77,0.84,0.84,14700
2019-01-28,0.8,0.82,0.74,0.8,0.8,80000
2019-01-29,0.8,0.81,0.76,0.8,0.8,32900
2019-01-30,0.81,0.81,0.74,0.8,0.8,19000
2019-01-31,0.77,0.81,0.76,0.77,0.77,20100
2019-02-01,0.85,0.85,0.76,0.8,0.8,22100
2019-02-04,0.84,0.85,0.78,0.82,0.82,18700
2019-02-05,0.85,0.85,0.78,0.81,0.81,7100
2019-02-06,0.85,0.85,0.79,0.82,0.82,9900
2019-02-07,0.88,0.88,0.79,0.84,0.84,12000
2019-02-08,0.86,0.99,0.79,0.86,0.86,129200
2019-02-11,0.9,0.91,0.82,0.83,0.83,21400
2019-02-12,0.85,0.87,0.81,0.81,0.81,8100
2019-02-13,0.8,0.8,0.76,0.8,0.8,39800
2019-02-14,0.8,0.81,0.76,0.76,0.76,40500
2019-02-15,0.8,0.82,0.75,0.79,0.79,49600
2019-02-19,0.82,0.96,0.81,0.91,0.91,293100
2019-02-20,0.91,0.93,0.84,0.87,0.87,87900
2019-02-21,0.87,0.87,0.82,0.86,0.86,22800
2019-02-22,0.83,0.86,0.82,0.86,0.86,9900
2019-02-25,0.89,1.04,0.89,0.96,0.96,214800
2019-02-26,0.97,0.98,0.83,0.92,0.92,65400
2019-02-27,0.93,0.93,0.83,0.89,0.89,59700
2019-02-28,0.92,0.92,0.83,0.85,0.85,45300
2019-03-01,0.83,0.89,0.83,0.87,0.87,23800
2019-03-04,0.9,1.02,0.87,0.88,0.88,193800
2019-03-05,0.88,1.09,0.88,0.99,0.99,367900
2019-03-06,0.99,1.06,0.86,0.94,0.94,127500
2019-03-07,0.92,0.92,0.81,0.89,0.89,95400
2019-03-08,0.9,0.9,0.83,0.88,0.88,86900
2019-03-11,0.88,0.9,0.83,0.88,0.88,50000
2019-03-12,0.86,0.9,0.85,0.88,0.88,21900
2019-03-13,0.85,0.9,0.85,0.86,0.86,4500
2019-03-14,0.86,0.9,0.85,0.85,0.85,24600
2019-03-15,0.85,0.9,0.82,0.86,0.86,60400
2019-03-18,0.83,1.0,0.83,0.88,0.88,279500
2019-03-19,0.88,0.89,0.84,0.88,0.88,86200
2019-03-20,0.87,0.89,0.86,0.88,0.88,58000
2019-03-21,0.86,0.88,0.83,0.87,0.87,20900
2019-03-22,0.86,0.86,0.82,0.84,0.84,43200
2019-03-25,0.84,0.84,0.75,0.76,0.76,117400
2019-03-26,0.79,0.79,0.67,0.73,0.73,87500
2019-03-27,0.7,0.75,0.67,0.74,0.74,28600
2019-03-28,0.75,0.75,0.67,0.73,0.73,14500
2019-03-29,0.75,0.75,0.71,0.72,0.72,25000
2019-04-01,0.76,0.76,0.71,0.72,0.72,22800
2019-04-02,0.79,0.86,0.73,0.78,0.78,225000
2019-04-03,0.83,0.83,0.75,0.76,0.76,134400
2019-04-04,0.73,0.8,0.73,0.75,0.75,56900
2019-04-05,0.78,0.8,0.73,0.75,0.75,64900
2019-04-08,0.75,0.82,0.75,0.77,0.77,134100
2019-04-09,0.79,0.8,0.76,0.77,0.77,11100
2019-04-10,0.78,0.84,0.75,0.78,0.78,115800
2019-04-11,2.4,2.85,1.75,2.05,2.05,49242600
2019-04-12,1.95,2.2,1.58,1.64,1.64,3274100
2019-04-15,1.6,1.63,1.4,1.44,1.44,1095100
2019-04-16,1.5,2.06,1.5,1.55,1.55,5252000
2019-04-17,1.36,1.44,1.25,1.31,1.31,642900
2019-04-18,1.39,1.39,1.28,1.35,1.35,241100
2019-04-22,1.35,1.39,1.21,1.25,1.25,222800
2019-04-23,1.19,1.25,1.12,1.12,1.12,219700
2019-04-24,1.1,1.47,1.07,1.31,1.31,571100
2019-04-25,1.29,1.35,1.19,1.2,1.2,184200
2019-04-26,1.21,1.25,1.16,1.17,1.17,99400
2019-04-29,1.16,1.25,1.15,1.21,1.21,76900
2019-04-30,1.21,1.24,1.07,1.19,1.19,97000
2019-05-01,1.17,1.28,1.15,1.24,1.24,124100
2019-05-02,1.23,1.25,1.18,1.18,1.18,86200
2019-05-03,1.19,1.47,1.19,1.3,1.3,699800
2019-05-06,1.32,1.34,1.2,1.29,1.29,98400
2019-05-07,1.27,1.33,1.23,1.27,1.27,163100
2019-05-08,1.35,1.7,1.27,1.39,1.39,986100
2019-05-09,1.34,1.35,1.22,1.33,1.33,189200
2019-05-10,1.34,1.34,1.25,1.28,1.28,149900
2019-05-13,1.26,1.57,1.24,1.42,1.42,436100
2019-05-14,1.57,1.57,1.35,1.41,1.41,170800
2019-05-15,1.39,1.46,1.35,1.41,1.41,67000
2019-05-16,1.41,1.49,1.35,1.4,1.4,88100
2019-05-17,1.37,1.45,1.32,1.41,1.41,109300
2019-05-20,1.45,1.55,1.42,1.49,1.49,144600
2019-05-21,1.55,1.66,1.5,1.57,1.57,214200
2019-05-22,1.6,1.61,1.5,1.55,1.55,87100
2019-05-23,1.49,1.58,1.41,1.43,1.43,92200
2019-05-24,1.42,1.47,1.41,1.42,1.42,44500
2019-05-28,1.4,1.52,1.4,1.44,1.44,39700
2019-05-29,1.44,1.44,1.4,1.43,1.43,35000
2019-05-30,1.41,1.43,1.2,1.28,1.28,125400
2019-05-31,1.25,1.26,1.2,1.2,1.2,58400
2019-06-03,1.2,1.26,1.2,1.24,1.24,40900
2019-06-04,1.22,1.3,1.2,1.26,1.26,14300
2019-06-05,1.28,1.31,1.21,1.28,1.28,22100
2019-06-06,1.27,1.3,1.22,1.23,1.23,64200
2019-06-07,1.25,1.25,1.14,1.14,1.14,61700
2019-06-10,1.19,1.24,1.18,1.19,1.19,35600
2019-06-11,1.21,1.21,1.13,1.15,1.15,47200
2019-06-12,1.16,1.19,1.15,1.17,1.17,24800
2019-06-13,1.17,1.2,1.17,1.18,1.18,30500
2019-06-14,1.19,1.19,1.15,1.15,1.15,17900
2019-06-17,1.16,1.16,1.13,1.13,1.13,32800
2019-06-18,1.15,1.27,1.14,1.19,1.19,83800
2019-06-19,1.2,1.2,1.16,1.16,1.16,22500
2019-06-20,1.19,1.21,1.14,1.15,1.15,21600
2019-06-21,1.16,1.22,1.14,1.18,1.18,11500
2019-06-24,1.17,1.33,1.16,1.26,1.26,209700
2019-06-25,1.27,1.3,1.2,1.25,1.25,45400
2019-06-26,1.29,1.55,1.2,1.42,1.42,302200
2019-06-27,1.36,1.4,1.28,1.28,1.28,93200
2019-06-28,1.33,1.36,1.21,1.25,1.25,29800
2019-07-01,1.24,1.26,1.18,1.2,1.2,75500
2019-07-02,1.2,1.24,1.18,1.22,1.22,36300
2019-07-03,1.29,1.29,1.16,1.16,1.16,16400
2019-07-05,1.16,1.27,1.16,1.22,1.22,18000
2019-07-08,1.22,1.25,1.19,1.23,1.23,9800
2019-07-09,1.27,1.27,1.17,1.19,1.19,7800
2019-07-10,1.22,1.3,1.16,1.19,1.19,82300
2019-07-11,1.2,1.22,1.19,1.21,1.21,27900
2019-07-12,1.18,1.26,1.18,1.22,1.22,57600
2019-07-15,1.2,1.24,1.17,1.19,1.19,30500
2019-07-16,1.18,1.2,1.17,1.18,1.18,55300
2019-07-17,1.18,1.2,1.17,1.18,1.18,19500
2019-07-18,1.16,1.2,1.16,1.17,1.17,8100
2019-07-19,1.18,1.19,1.16,1.19,1.19,35400
2019-07-22,1.18,1.22,1.13,1.15,1.15,30700
2019-07-23,1.2,1.23,1.15,1.16,1.16,10000
2019-07-24,1.17,1.17,1.13,1.13,1.13,23000
2019-07-25,1.16,1.2,1.0,1.07,1.07,24800
2019-07-26,1.1,1.17,1.09,1.11,1.11,21000
2019-07-29,1.13,1.13,1.03,1.07,1.07,33100
2019-07-30,1.07,1.16,1.0,1.04,1.04,149100
2019-07-31,1.03,1.03,1.0,1.01,1.01,55500
2019-08-01,1.1,1.1,0.99,0.99,0.99,90100
2019-08-02,1.02,1.1,0.92,1.06,1.06,82700
2019-08-05,1.07,1.07,1.0,1.0,1.0,44900
2019-08-06,1.0,1.03,0.95,1.0,1.0,50100
2019-08-07,1.0,1.05,1.0,1.03,1.03,13900
2019-08-08,1.01,1.05,1.0,1.02,1.02,21100
2019-08-09,1.01,1.03,1.0,1.02,1.02,34800
2019-08-12,1.07,1.07,1.0,1.05,1.05,11700
2019-08-13,1.0,1.09,1.0,1.02,1.02,26400
2019-08-14,1.0,1.03,0.96,0.96,0.96,12100
2019-08-15,1.02,1.02,0.97,0.97,0.97,16200
2019-08-16,1.0,1.01,0.97,1.01,1.01,14000
2019-08-19,1.03,1.03,1.0,1.0,1.0,10200
2019-08-20,0.99,1.05,0.98,0.98,0.98,40800
2019-08-21,1.04,1.04,0.98,1.0,1.0,10700
2019-08-22,1.03,1.04,0.98,0.98,0.98,24000
2019-08-23,1.0,1.01,0.92,1.0,1.0,41100
2019-08-26,1.0,1.0,0.97,0.98,0.98,8900
2019-08-27,1.0,1.0,0.97,1.0,1.0,17100
2019-08-28,0.97,1.0,0.97,0.97,0.97,14100
2019-08-29,0.97,1.05,0.97,0.99,0.99,43200
2019-08-30,0.97,1.02,0.97,0.98,0.98,27800
2019-09-03,0.98,1.0,0.85,0.9,0.9,88200
2019-09-04,0.95,0.95,0.86,0.9,0.9,18600
2019-09-05,0.82,0.9,0.8,0.85,0.85,23800
2019-09-06,0.86,0.88,0.86,0.86,0.86,22900
2019-09-09,0.83,0.87,0.8,0.81,0.81,13500
2019-09-10,0.85,0.85,0.81,0.85,0.85,27600
2019-09-11,0.84,0.88,0.84,0.88,0.88,21700
2019-09-12,0.84,0.89,0.81,0.84,0.84,5900
2019-09-13,0.87,0.87,0.81,0.85,0.85,16800
2019-09-16,0.88,0.93,0.81,0.82,0.82,78700
2019-09-17,0.88,0.96,0.82,0.96,0.96,235500
2019-09-18,0.97,0.97,0.91,0.95,0.95,26100
2019-09-19,0.92,1.07,0.92,1.03,1.03,888700
2019-09-20,1.03,1.18,1.0,1.0,1.0,109100
2019-09-23,1.0,1.0,0.9,0.92,0.92,44700
2019-09-24,0.92,0.95,0.88,0.9,0.9,49500
2019-09-25,0.95,0.99,0.88,0.93,0.93,40100
2019-09-26,0.93,0.99,0.85,0.88,0.88,39500
2019-09-27,0.92,0.92,0.81,0.85,0.85,22000
2019-09-30,0.9,0.92,0.8,0.81,0.81,85900
2019-10-01,0.8,0.9,0.8,0.81,0.81,15500
2019-10-02,0.85,0.85,0.75,0.78,0.78,79700
2019-10-03,0.78,0.8,0.73,0.73,0.73,54900
2019-10-04,0.77,0.78,0.69,0.7,0.7,152500
2019-10-07,0.72,0.79,0.7,0.71,0.71,35300
2019-10-08,0.77,0.77,0.65,0.69,0.69,22200
2019-10-09,0.71,0.76,0.69,0.69,0.69,29400
2019-10-10,0.73,0.73,0.69,0.71,0.71,14300
2019-10-11,0.75,0.75,0.67,0.74,0.74,35400
2019-10-14,0.69,0.75,0.63,0.72,0.72,50400
2019-10-15,0.75,0.75,0.65,0.7,0.7,36400
2019-10-16,0.71,0.79,0.7,0.74,0.74,192000
2019-10-17,1.17,1.48,0.86,0.89,0.89,8526000
2019-10-18,0.91,0.93,0.76,0.81,0.81,684900
2019-10-21,0.84,0.84,0.73,0.76,0.76,356500
2019-10-22,0.78,0.78,0.68,0.73,0.73,451100
2019-10-23,0.73,0.74,0.66,0.69,0.69,403000
2019-10-24,0.7,0.72,0.66,0.69,0.69,374700
2019-10-25,0.69,0.89,0.68,0.73,0.73,2338400
2019-10-28,0.78,0.8,0.71,0.74,0.74,413000
2019-10-29,0.74,0.74,0.64,0.66,0.66,892400
2019-10-30,0.7,0.74,0.67,0.71,0.71,490600
2019-10-31,0.71,0.72,0.68,0.68,0.68,126500
2019-11-01,0.69,0.7,0.65,0.65,0.65,269100
2019-11-04,0.65,0.69,0.65,0.65,0.65,161700
2019-11-05,0.67,0.68,0.6,0.64,0.64,138700
2019-11-06,0.64,0.65,0.63,0.65,0.65,154200
2019-11-07,0.61,0.68,0.61,0.66,0.66,125400
2019-11-08,0.65,0.68,0.63,0.65,0.65,93000
2019-11-11,0.64,0.64,0.62,0.63,0.63,103700
2019-11-12,0.61,0.63,0.55,0.61,0.61,236300
2019-11-13,0.6,0.63,0.6,0.61,0.61,43400
2019-11-14,0.63,0.68,0.61,0.65,0.65,756700
2019-11-15,0.64,0.66,0.6,0.61,0.61,194500
2019-11-18,0.66,0.67,0.58,0.59,0.59,483000
2019-11-19,0.58,0.59,0.53,0.56,0.56,426100
2019-11-20,0.59,0.59,0.54,0.55,0.55,80300
2019-11-21,0.54,0.57,0.51,0.54,0.54,87100
2019-11-22,0.56,0.56,0.52,0.54,0.54,73700
2019-11-25,0.53,0.55,0.51,0.53,0.53,80500
2019-11-26,0.52,0.64,0.5,0.52,0.52,1026700
2019-11-27,0.51,0.52,0.5,0.52,0.52,135700
2019-11-29,0.53,0.54,0.5,0.53,0.53,94900
2019-12-02,0.53,0.53,0.5,0.52,0.52,57700
2019-12-03,0.51,0.53,0.5,0.5,0.5,126200
2019-12-04,0.52,0.52,0.5,0.5,0.5,40400
2019-12-05,0.51,0.53,0.5,0.53,0.53,88200
2019-12-06,0.51,0.53,0.5,0.51,0.51,67200
2019-12-09,0.52,0.52,0.46,0.48,0.48,110000
2019-12-10,0.48,0.49,0.46,0.47,0.47,140700
2019-12-11,0.47,0.49,0.46,0.48,0.48,41000
2019-12-12,0.48,0.52,0.46,0.47,0.47,389800
2019-12-13,0.5,0.57,0.48,0.48,0.48,1002500
2019-12-16,0.49,0.52,0.46,0.47,0.47,432500
2019-12-17,0.47,0.59,0.47,0.51,0.51,1062100
2019-12-18,0.5,0.52,0.5,0.52,0.52,167200
2019-12-19,0.53,0.53,0.47,0.47,0.47,232500
2019-12-20,0.49,0.5,0.45,0.47,0.47,176100
2019-12-23,0.47,0.47,0.45,0.45,0.45,166400
2019-12-24,0.45,0.47,0.42,0.44,0.44,161700
2019-12-26,0.44,0.45,0.42,0.44,0.44,336400
2019-12-27,0.45,0.45,0.43,0.44,0.44,192700
2019-12-30,0.43,0.48,0.42,0.45,0.45,247800
