Date,Open,High,Low,Close,Adj Close,Volume
2016-08-09,78.0,78.0,77.25,78.0,78.0,0
2016-08-10,78.0,78.0,78.0,78.0,78.0,0
2016-08-11,77.849998,77.849998,77.849998,77.849998,77.849998,0
2016-08-12,77.849998,77.849998,77.849998,77.849998,77.849998,0
2016-08-15,77.849998,77.849998,77.849998,77.849998,77.849998,0
2016-08-16,75.0,77.849998,74.099998,74.25,74.25,100
2016-08-17,74.25,74.25,74.25,74.25,74.25,0
2016-08-18,74.25,74.25,74.25,74.25,74.25,0
2016-08-19,74.25,74.25,74.25,74.25,74.25,0
2016-08-22,74.25,74.25,74.25,74.25,74.25,0
2016-08-23,74.25,74.25,74.25,74.25,74.25,0
2016-08-24,74.25,74.25,74.25,74.25,74.25,0
2016-08-25,77.25,77.25,77.25,77.25,77.25,0
2016-08-26,77.25,77.25,77.25,77.25,77.25,0
2016-08-29,77.25,77.25,77.25,77.25,77.25,0
2016-08-30,77.25,77.25,77.25,77.25,77.25,0
2016-08-31,77.25,77.25,77.25,77.25,77.25,0
2016-09-01,77.25,77.25,77.25,77.25,77.25,0
2016-09-02,77.25,77.25,77.25,77.25,77.25,0
2016-09-06,78.0,78.75,78.0,78.75,78.75,200
2016-09-07,78.0,81.75,74.550003,81.75,81.75,200
2016-09-08,81.75,81.75,81.75,81.75,81.75,0
2016-09-09,81.75,81.75,81.75,81.75,81.75,0
2016-09-12,81.75,81.75,81.75,81.75,81.75,0
2016-09-13,81.75,81.75,81.75,81.75,81.75,0
2016-09-14,81.599998,81.599998,78.599998,78.599998,78.599998,100
2016-09-15,76.5,78.75,76.5,78.75,78.75,0
2016-09-16,78.75,78.75,78.75,78.75,78.75,0
2016-09-19,78.75,78.75,78.75,78.75,78.75,0
2016-09-20,78.75,78.75,78.75,78.75,78.75,0
2016-09-21,78.75,78.75,78.75,78.75,78.75,0
2016-09-22,78.75,78.75,78.75,78.75,78.75,0
2016-09-23,78.75,78.75,78.75,78.75,78.75,0
2016-09-26,78.75,78.75,78.75,78.75,78.75,0
2016-09-27,78.75,78.75,78.75,78.75,78.75,0
2016-09-28,78.75,78.75,78.75,78.75,78.75,0
2016-09-29,78.75,78.75,78.75,78.75,78.75,0
2016-09-30,78.75,78.75,78.75,78.75,78.75,0
2016-10-03,78.75,78.75,78.75,78.75,78.75,0
2016-10-04,78.75,78.75,78.75,78.75,78.75,0
2016-10-05,78.75,78.75,78.75,78.75,78.75,0
2016-10-06,78.75,78.75,78.75,78.75,78.75,0
2016-10-07,78.75,78.75,78.75,78.75,78.75,0
2016-10-10,78.75,78.75,78.75,78.75,78.75,0
2016-10-11,78.75,78.75,78.75,78.75,78.75,0
2016-10-12,78.75,78.75,78.75,78.75,78.75,0
2016-10-13,78.75,78.75,78.75,78.75,78.75,0
2016-10-14,78.75,78.75,78.75,78.75,78.75,0
2016-10-17,78.75,78.75,78.75,78.75,78.75,0
2016-10-18,78.75,78.75,78.75,78.75,78.75,0
2016-10-19,78.75,78.75,78.75,78.75,78.75,0
2016-10-20,78.75,78.75,78.75,78.75,78.75,0
2016-10-21,78.75,78.75,78.75,78.75,78.75,0
2016-10-24,78.75,78.75,78.75,78.75,78.75,0
2016-10-25,78.75,78.75,78.75,78.75,78.75,0
2016-10-26,78.75,78.75,78.75,78.75,78.75,0
2016-10-27,78.75,78.75,78.75,78.75,78.75,0
2016-10-28,78.75,78.75,78.75,78.75,78.75,0
2016-10-31,78.75,78.75,78.75,78.75,78.75,0
2016-11-01,78.75,78.75,78.75,78.75,78.75,0
2016-11-02,78.75,78.75,78.75,78.75,78.75,0
2016-11-03,78.75,78.75,78.75,78.75,78.75,0
2016-11-04,78.75,78.75,78.75,78.75,78.75,0
2016-11-07,78.75,78.75,78.75,78.75,78.75,0
2016-11-08,78.75,78.75,78.75,78.75,78.75,0
2016-11-09,78.75,78.75,78.75,78.75,78.75,0
2016-11-10,78.75,78.75,78.75,78.75,78.75,0
2016-11-11,78.75,78.75,78.75,78.75,78.75,0
2016-11-14,78.75,78.75,78.75,78.75,78.75,0
2016-11-15,78.75,78.75,78.75,78.75,78.75,0
2016-11-16,78.75,78.75,78.75,78.75,78.75,0
2016-11-17,78.75,78.75,78.75,78.75,78.75,0
2016-11-18,78.75,78.75,78.75,78.75,78.75,0
2016-11-21,78.75,78.75,78.75,78.75,78.75,0
2016-11-22,78.75,78.75,78.75,78.75,78.75,0
2016-11-23,78.75,78.75,78.75,78.75,78.75,0
2016-11-25,78.75,78.75,78.75,78.75,78.75,0
2016-11-28,78.75,78.75,78.75,78.75,78.75,0
2016-11-29,78.75,78.75,78.75,78.75,78.75,0
2016-11-30,78.75,78.75,78.75,78.75,78.75,0
2016-12-01,78.75,78.75,78.75,78.75,78.75,0
2016-12-02,78.75,78.75,78.75,78.75,78.75,0
2016-12-05,78.75,78.75,78.75,78.75,78.75,0
2016-12-06,78.75,78.75,78.75,78.75,78.75,0
2016-12-07,78.75,78.75,78.75,78.75,78.75,0
2016-12-08,79.5,79.5,79.5,79.5,79.5,0
2016-12-09,79.5,79.5,79.5,79.5,79.5,0
2016-12-12,79.5,79.5,79.5,79.5,79.5,0
2016-12-13,79.5,79.5,79.5,79.5,79.5,0
2016-12-14,79.5,79.5,79.5,79.5,79.5,0
2016-12-15,79.5,79.5,79.5,79.5,79.5,0
2016-12-16,79.5,79.5,79.5,79.5,79.5,100
2016-12-19,79.5,79.5,79.5,79.5,79.5,0
2016-12-20,79.5,79.5,79.5,79.5,79.5,0
2016-12-21,81.75,81.75,81.75,81.75,81.75,0
2016-12-22,81.75,81.75,81.75,81.75,81.75,0
2016-12-23,79.5,81.75,79.5,81.75,81.75,100
2016-12-27,81.75,81.75,81.75,81.75,81.75,0
2016-12-28,81.75,81.75,81.75,81.75,81.75,0
2016-12-29,81.75,81.75,81.75,81.75,81.75,0
2016-12-30,81.75,81.75,81.75,81.75,81.75,0
2017-01-03,75.0,75.0,75.0,75.0,75.0,0
2017-01-04,75.0,75.0,75.0,75.0,75.0,0
2017-01-05,75.0,75.0,75.0,75.0,75.0,0
2017-01-06,75.0,75.0,75.0,75.0,75.0,0
2017-01-09,73.5,81.75,73.5,81.75,81.75,0
2017-01-10,81.75,81.75,81.75,81.75,81.75,0
2017-01-11,81.75,81.75,81.75,81.75,81.75,0
2017-01-12,81.75,81.75,81.75,81.75,81.75,0
2017-01-13,81.75,81.75,81.75,81.75,81.75,0
2017-01-17,81.75,81.75,81.75,81.75,81.75,0
2017-01-18,81.75,81.75,81.75,81.75,81.75,0
2017-01-19,81.75,81.75,81.75,81.75,81.75,0
2017-01-20,81.75,81.75,81.75,81.75,81.75,0
2017-01-23,81.75,81.75,81.75,81.75,81.75,0
2017-01-24,81.75,81.75,81.75,81.75,81.75,0
2017-01-25,81.75,81.75,81.75,81.75,81.75,0
2017-01-26,81.75,81.75,81.75,81.75,81.75,0
2017-01-27,81.75,81.75,81.75,81.75,81.75,0
2017-01-30,84.0,84.0,84.0,84.0,84.0,400
2017-01-31,85.5,89.82,85.5,89.82,89.82,400
2017-02-01,89.760002,97.650002,84.599998,89.474998,89.474998,6800
2017-02-02,93.900002,93.900002,85.785004,88.754997,88.754997,300
2017-02-03,87.764999,87.764999,70.769997,76.800003,76.800003,1100
2017-02-06,57.599998,75.0,57.599998,66.900002,66.900002,200
2017-02-07,64.5,64.5,63.150002,64.050003,64.050003,100
2017-02-08,57.599998,61.5,57.599998,61.5,61.5,100
2017-02-09,58.349998,58.349998,57.75,57.75,57.75,100
2017-02-10,57.75,57.75,57.75,57.75,57.75,0
2017-02-13,81.300003,250.5,64.065002,164.550003,164.550003,66400
2017-02-14,157.5,170.850006,114.75,118.199997,118.199997,16400
2017-02-15,102.0,116.550003,96.150002,96.150002,96.150002,12100
2017-02-16,54.450001,69.599998,51.75,61.650002,61.650002,225900
2017-02-17,60.0,63.75,52.799999,54.0,54.0,50000
2017-02-21,52.5,58.889999,52.185001,53.084999,53.084999,43800
2017-02-22,53.400002,57.150002,50.25,51.75,51.75,39000
2017-02-23,50.400002,51.299999,47.700001,47.700001,47.700001,19700
2017-02-24,45.150002,46.5,40.5,40.5,40.5,17900
2017-02-27,45.450001,46.799999,39.75,40.799999,40.799999,22900
2017-02-28,43.200001,43.200001,39.599998,40.049999,40.049999,7000
2017-03-01,40.200001,41.099998,37.200001,37.950001,37.950001,7500
2017-03-02,37.5,40.334999,36.450001,37.200001,37.200001,10400
2017-03-03,37.200001,38.25,34.200001,34.5,34.5,7200
2017-03-06,36.75,36.75,33.75,35.700001,35.700001,2700
2017-03-07,38.400002,57.450001,38.400002,39.150002,39.150002,351500
2017-03-08,40.049999,42.450001,36.75,37.650002,37.650002,29300
2017-03-09,40.5,40.5,34.5,35.775002,35.775002,12900
2017-03-10,38.849998,41.099998,36.0,37.5,37.5,15800
2017-03-13,38.549999,38.549999,35.400002,35.549999,35.549999,5800
2017-03-14,36.299999,36.900002,35.400002,35.849998,35.849998,4400
2017-03-15,35.549999,36.150002,34.5,34.5,34.5,4500
2017-03-16,35.400002,37.349998,34.650002,35.549999,35.549999,3000
2017-03-17,34.799999,36.825001,34.799999,36.599998,36.599998,2600
2017-03-20,36.599998,40.349998,35.115002,35.700001,35.700001,26300
2017-03-21,35.25,36.75,34.5,34.650002,34.650002,4200
2017-03-22,34.5,35.25,32.474998,33.599998,33.599998,4000
2017-03-23,33.0,34.139999,31.5,31.799999,31.799999,4600
2017-03-24,31.5,34.200001,29.25,32.099998,32.099998,1900
2017-03-27,32.009998,32.400002,30.075001,31.950001,31.950001,1100
2017-03-28,33.0,37.5,32.549999,33.75,33.75,16000
2017-03-29,33.299999,49.349998,33.299999,40.799999,40.799999,163400
2017-03-30,46.5,48.0,39.0,39.900002,39.900002,84300
2017-03-31,38.25,41.25,36.299999,39.450001,39.450001,18400
2017-04-03,40.650002,40.650002,36.450001,37.200001,37.200001,5200
2017-04-04,36.900002,38.099998,35.400002,35.700001,35.700001,4300
2017-04-05,36.0,36.150002,34.049999,34.200001,34.200001,5400
2017-04-06,37.799999,37.799999,34.200001,34.349998,34.349998,11200
2017-04-07,33.450001,34.349998,33.0,33.900002,33.900002,3400
2017-04-10,34.005001,34.889999,33.75,33.974998,33.974998,1600
2017-04-11,33.450001,34.349998,32.849998,33.150002,33.150002,3400
2017-04-12,32.700001,32.849998,31.5,31.5,31.5,4800
2017-04-13,32.099998,33.689999,31.5,31.950001,31.950001,2300
2017-04-17,33.299999,33.299999,31.65,32.099998,32.099998,2300
2017-04-18,33.299999,40.349998,32.459999,33.630001,33.630001,41300
2017-04-19,37.349998,37.349998,32.25,33.299999,33.299999,18900
2017-04-20,30.9,31.5,29.25,31.5,31.5,10700
2017-04-21,30.0,30.93,28.65,29.549999,29.549999,8400
2017-04-24,28.35,30.0,26.549999,28.049999,28.049999,5100
2017-04-25,27.75,28.754999,27.6,28.049999,28.049999,1700
2017-04-26,27.0,27.75,25.5,26.700001,26.700001,7600
2017-04-27,26.25,27.0,22.5,24.6,24.6,10100
2017-04-28,24.299999,28.485001,24.27,25.35,25.35,8000
2017-05-01,27.6,29.82,25.5,25.950001,25.950001,12200
2017-05-02,26.25,26.25,23.4,25.200001,25.200001,4400
2017-05-03,23.549999,26.549999,23.549999,25.049999,25.049999,6500
2017-05-04,24.450001,25.215,21.0,22.35,22.35,13700
2017-05-05,22.5,23.459999,20.4,21.0,21.0,12200
2017-05-08,21.299999,21.299999,18.15,19.200001,19.200001,20500
2017-05-09,19.200001,19.35,17.700001,18.0,18.0,5500
2017-05-10,19.200001,20.264999,18.15,19.200001,19.200001,15100
2017-05-11,18.299999,19.200001,18.299999,18.9,18.9,2100
2017-05-12,19.5,19.514999,18.75,18.75,18.75,1900
2017-05-15,18.75,19.049999,18.0,18.299999,18.299999,1900
2017-05-16,19.35,22.5,19.200001,20.25,20.25,21700
2017-05-17,19.049999,19.5,16.799999,17.549999,17.549999,13100
2017-05-18,17.700001,18.0,16.049999,17.25,17.25,6600
2017-05-19,16.950001,18.0,16.950001,17.4,17.4,4600
2017-05-22,19.200001,19.200001,17.700001,18.0,18.0,7100
2017-05-23,17.85,18.075001,16.799999,17.4,17.4,3700
2017-05-24,17.969999,17.969999,16.5,17.309999,17.309999,5400
2017-05-25,17.1,17.549999,16.605,16.98,16.98,2600
2017-05-26,16.754999,17.4,16.65,16.934999,16.934999,1500
2017-05-30,16.950001,16.950001,14.85,16.200001,16.200001,7800
2017-05-31,15.75,19.695,15.3,19.200001,19.200001,10000
2017-06-01,19.5,19.5,16.98,17.969999,17.969999,3000
2017-06-02,17.76,19.049999,17.4,18.75,18.75,1100
2017-06-05,20.85,21.75,19.5,20.4,20.4,8400
2017-06-06,21.299999,22.5,20.549999,22.5,22.5,13000
2017-06-07,22.5,32.849998,21.75,27.0,27.0,94200
2017-06-08,29.85,29.85,22.799999,24.0,24.0,36800
2017-06-09,27.0,27.0,21.299999,22.799999,22.799999,8800
2017-06-12,22.5,22.5,20.700001,21.6,21.6,7800
2017-06-13,20.85,22.17,20.1,20.700001,20.700001,4800
2017-06-14,21.299999,21.75,20.1,21.6,21.6,9500
2017-06-15,20.549999,21.719999,18.299999,19.620001,19.620001,12600
2017-06-16,18.9,19.620001,18.075001,19.049999,19.049999,3300
2017-06-19,19.5,19.5,18.0,18.285,18.285,3800
2017-06-20,19.049999,21.299999,18.495001,20.25,20.25,18900
2017-06-21,20.549999,21.0,17.745001,18.15,18.15,24600
2017-06-22,18.299999,18.450001,17.700001,18.0,18.0,5600
2017-06-23,18.0,18.6,17.4,17.700001,17.700001,3800
2017-06-26,17.4,18.0,17.1,17.549999,17.549999,3000
2017-06-27,17.565001,17.700001,17.01,17.25,17.25,3800
2017-06-28,17.700001,17.700001,16.65,17.1,17.1,4100
2017-06-29,17.1,17.235001,16.5,16.785,16.785,2500
2017-06-30,16.65,18.75,16.35,17.715,17.715,6100
2017-07-03,17.549999,17.700001,16.65,17.4,17.4,2700
2017-07-05,17.4,18.75,16.965,18.450001,18.450001,3800
2017-07-06,18.75,19.35,17.4,18.0,18.0,11100
2017-07-07,18.450001,18.450001,17.4,17.4,17.4,700
2017-07-10,16.799999,17.85,16.799999,17.1,17.1,3600
2017-07-11,17.25,17.25,16.65,16.950001,16.950001,3800
2017-07-12,17.4,18.450001,16.65,16.799999,16.799999,3600
2017-07-13,17.25,17.25,16.35,16.785,16.785,2500
2017-07-14,16.200001,16.799999,16.200001,16.5,16.5,2400
2017-07-17,16.65,16.950001,16.200001,16.5,16.5,4000
2017-07-18,16.5,17.1,15.15,16.200001,16.200001,6400
2017-07-19,19.200001,26.67,17.549999,18.75,18.75,465700
2017-07-20,18.299999,18.495001,16.5,18.0,18.0,27700
2017-07-21,17.25,17.85,15.75,16.950001,16.950001,16500
2017-07-24,17.1,17.1,16.049999,16.799999,16.799999,4700
2017-07-25,17.4,17.4,16.799999,17.1,17.1,4900
2017-07-26,16.799999,17.025,16.049999,16.200001,16.200001,7500
2017-07-27,17.25,17.700001,16.200001,16.950001,16.950001,13700
2017-07-28,16.545,17.700001,16.35,16.5,16.5,7900
2017-07-31,16.5,17.1,16.200001,16.799999,16.799999,7100
2017-08-01,16.799999,16.950001,16.049999,16.5,16.5,6000
2017-08-02,16.200001,16.635,16.200001,16.5,16.5,2400
2017-08-03,16.5,17.1,15.9,16.35,16.35,5900
2017-08-04,16.5,16.5,16.049999,16.200001,16.200001,4100
2017-08-07,15.75,16.200001,15.75,16.049999,16.049999,7000
2017-08-08,15.75,15.9,15.45,15.75,15.75,2200
2017-08-09,15.15,15.15,14.325,14.835,14.835,6800
2017-08-10,14.7,14.7,13.815,14.25,14.25,5700
2017-08-11,13.95,14.85,13.95,13.95,13.95,2500
2017-08-14,14.49,14.55,12.75,13.485,13.485,10700
2017-08-15,14.16,14.16,13.35,13.35,13.35,2900
2017-08-16,13.5,13.5,12.0,13.215,13.215,4100
2017-08-17,13.065,13.14,12.0,12.9,12.9,3300
2017-08-18,12.795,13.05,12.6,12.6,12.6,5800
2017-08-21,12.975,13.2,12.615,13.185,13.185,3600
2017-08-22,14.1,14.1,12.75,13.2,13.2,2400
2017-08-23,12.885,12.9,12.45,12.45,12.45,2000
2017-08-24,12.45,12.615,12.075,12.075,12.075,2000
2017-08-25,12.015,12.015,11.25,11.415,11.415,8200
2017-08-28,11.4,11.475,11.31,11.31,11.31,1900
2017-08-29,11.325,11.4,10.8,11.04,11.04,2100
2017-08-30,11.25,11.25,10.2,10.515,10.515,2600
2017-08-31,10.5,13.35,10.5,12.18,12.18,22300
2017-09-01,12.45,12.45,11.4,11.475,11.475,6600
2017-09-05,12.045,12.045,10.965,10.995,10.995,2700
2017-09-06,10.575,11.7,10.5,10.62,10.62,5200
2017-09-07,11.625,11.85,11.085,11.715,11.715,10600
2017-09-08,11.85,11.85,11.265,11.4,11.4,3700
2017-09-11,11.55,12.15,11.31,11.31,11.31,10100
2017-09-12,11.25,11.7,11.25,11.7,11.7,3300
2017-09-13,11.1,11.85,11.1,11.835,11.835,4500
2017-09-14,11.85,11.85,10.8,11.7,11.7,3000
2017-09-15,11.55,11.55,10.95,11.1,11.1,5400
2017-09-18,11.4,12.45,10.5,11.1,11.1,19000
2017-09-19,10.89,11.1,10.5,10.95,10.95,4800
2017-09-20,10.8,11.25,10.5,10.8,10.8,2600
2017-09-21,10.8,10.8,10.35,10.605,10.605,900
2017-09-22,11.1,11.145,10.65,10.695,10.695,1400
2017-09-25,10.515,11.1,10.515,10.59,10.59,1100
2017-09-26,12.09,18.0,11.4,12.45,12.45,466100
2017-09-27,13.05,13.35,10.65,11.355,11.355,54800
2017-09-28,11.55,11.55,10.815,10.95,10.95,11400
2017-09-29,10.755,11.235,10.65,10.815,10.815,11800
2017-10-02,10.8,11.25,10.65,11.1,11.1,7000
2017-10-03,10.815,11.085,10.785,10.86,10.86,6300
2017-10-04,10.65,13.2,10.65,12.045,12.045,81700
2017-10-05,12.3,12.75,11.55,11.94,11.94,24100
2017-10-06,12.0,12.525,11.55,11.85,11.85,6500
2017-10-09,11.46,11.64,11.1,11.1,11.1,7900
2017-10-10,11.43,12.42,11.115,11.565,11.565,5300
2017-10-11,11.58,12.12,10.8,11.265,11.265,4000
2017-10-12,11.295,12.75,11.265,12.45,12.45,23800
2017-10-13,12.6,12.6,11.4,11.85,11.85,16100
2017-10-16,12.15,13.35,11.445,12.375,12.375,62700
2017-10-17,15.0,16.950001,12.645,13.14,13.14,194200
2017-10-18,12.9,13.05,11.55,12.0,12.0,22800
2017-10-19,11.55,12.15,11.55,12.15,12.15,7700
2017-10-20,12.135,12.39,11.58,11.625,11.625,8900
2017-10-23,11.925,12.0,11.55,11.625,11.625,5800
2017-10-24,11.565,11.73,11.4,11.445,11.445,4400
2017-10-25,12.57,12.57,11.55,11.85,11.85,14000
2017-10-26,11.64,11.79,10.95,11.25,11.25,8700
2017-10-27,12.15,12.15,10.65,10.92,10.92,10000
2017-10-30,11.4,11.55,10.8,10.95,10.95,6900
2017-10-31,11.175,11.175,10.815,10.83,10.83,1800
2017-11-01,10.98,11.4,10.5,10.665,10.665,11700
2017-11-02,11.385,11.55,10.755,10.905,10.905,3500
2017-11-03,10.905,11.85,10.905,11.175,11.175,12800
2017-11-06,11.25,11.55,11.175,11.4,11.4,5900
2017-11-07,11.55,11.85,11.25,11.4,11.4,10500
2017-11-08,12.3,17.25,10.95,11.085,11.085,254800
2017-11-09,10.95,12.42,10.5,11.07,11.07,41300
2017-11-10,11.4,11.4,10.83,10.965,10.965,11400
2017-11-13,10.875,11.175,10.35,10.65,10.65,19100
2017-11-14,10.38,10.95,10.38,10.41,10.41,5200
2017-11-15,10.485,10.485,9.315,10.2,10.2,11400
2017-11-16,10.2,10.2,9.765,9.915,9.915,5700
2017-11-17,9.9,11.25,9.9,10.275,10.275,45300
2017-11-20,10.95,10.95,10.2,10.5,10.5,6200
2017-11-21,10.935,11.22,10.2,10.2,10.2,18900
2017-11-22,10.5,11.55,10.2,11.25,11.25,69700
2017-11-24,10.8,11.55,10.8,11.1,11.1,14900
2017-11-27,10.86,10.935,10.2,10.425,10.425,27200
2017-11-28,10.35,10.485,9.9,10.32,10.32,14200
2017-11-29,10.275,10.65,9.81,9.915,9.915,13400
2017-11-30,15.15,19.200001,13.65,14.985,14.985,1481900
2017-12-01,15.0,15.3,12.15,12.72,12.72,153100
2017-12-04,13.5,15.0,13.095,13.35,13.35,90100
2017-12-05,12.9,12.93,11.85,12.015,12.015,40700
2017-12-06,12.375,12.375,11.43,11.625,11.625,20000
2017-12-07,12.075,12.57,11.85,12.0,12.0,17400
2017-12-08,13.32,13.8,12.15,12.39,12.39,26700
2017-12-11,14.58,14.7,13.065,14.145,14.145,88600
2017-12-12,12.9,13.335,12.0,12.69,12.69,34800
2017-12-13,12.225,12.87,12.0,12.165,12.165,14800
2017-12-14,12.0,12.3,11.715,11.805,11.805,16100
2017-12-15,11.85,12.735,11.85,12.375,12.375,10600
2017-12-18,12.6,12.6,12.0,12.45,12.45,17900
2017-12-19,12.075,13.32,12.0,12.45,12.45,21700
2017-12-20,10.05,10.95,9.75,10.65,10.65,97500
2017-12-21,10.8,11.4,10.35,10.53,10.53,32600
2017-12-22,10.8,11.07,10.53,10.65,10.65,22700
2017-12-26,10.56,11.235,10.35,10.575,10.575,26600
2017-12-27,10.95,10.95,10.2,10.65,10.65,26600
2017-12-28,10.5,10.5,8.55,9.675,9.675,192100
2017-12-29,9.9,9.9,9.3,9.72,9.72,37600
2018-01-02,9.9,11.835,9.6,11.775,11.775,371000
2018-01-03,12.3,15.45,11.7,13.83,13.83,520500
2018-01-04,13.8,14.94,12.45,14.805,14.805,168100
2018-01-05,16.5,32.25,15.75,24.9,24.9,1431700
2018-01-08,37.5,53.700001,35.25,42.900002,42.900002,4603900
2018-01-09,34.5,38.25,24.75,25.799999,25.799999,1384700
2018-01-10,27.75,27.9,19.65,23.549999,23.549999,656900
2018-01-11,25.049999,25.200001,20.85,22.35,22.35,227600
2018-01-12,28.65,37.200001,25.65,32.099998,32.099998,2281100
2018-01-16,33.150002,44.400002,31.950001,39.900002,39.900002,1943700
2018-01-17,38.099998,39.599998,33.150002,35.549999,35.549999,458100
2018-01-18,33.900002,34.650002,30.15,31.59,31.59,271600
2018-01-19,31.5,34.5,30.75,31.799999,31.799999,181500
2018-01-22,32.849998,39.0,31.65,34.650002,34.650002,559600
2018-01-23,35.25,37.950001,34.650002,35.400002,35.400002,216700
2018-01-24,35.25,36.299999,32.700001,33.150002,33.150002,165100
2018-01-25,36.150002,39.75,35.099998,35.549999,35.549999,662400
2018-01-26,37.5,41.25,35.700001,40.049999,40.049999,694700
2018-01-29,41.849998,44.400002,33.0,33.900002,33.900002,684300
2018-01-30,36.599998,37.5,34.5,36.0,36.0,199400
2018-01-31,33.150002,33.75,28.799999,28.799999,28.799999,381400
2018-02-01,30.299999,31.200001,25.799999,27.450001,27.450001,277600
2018-02-02,27.0,28.5,24.450001,25.35,25.35,154500
2018-02-05,26.25,27.299999,24.75,26.1,26.1,170800
2018-02-06,24.0,25.35,23.25,23.85,23.85,121800
2018-02-07,24.15,26.1,24.0,24.6,24.6,143800
2018-02-08,24.299999,24.75,21.15,21.75,21.75,160400
2018-02-09,22.049999,22.65,18.0,19.799999,19.799999,217200
2018-02-12,21.0,21.450001,19.200001,21.15,21.15,101500
2018-02-13,19.799999,21.6,19.200001,21.225,21.225,76200
2018-02-14,21.299999,21.584999,20.4,20.85,20.85,53900
2018-02-15,21.15,21.15,19.35,19.799999,19.799999,79600
2018-02-16,19.200001,19.635,18.315001,18.9,18.9,54200
2018-02-20,19.049999,19.65,17.85,18.450001,18.450001,69100
2018-02-21,18.6,20.549999,18.0,19.440001,19.440001,85100
2018-02-22,20.700001,28.049999,19.950001,27.15,27.15,734300
2018-02-23,29.700001,32.849998,26.4,27.75,27.75,1470000
2018-02-26,26.1,26.85,22.65,23.4,23.4,263800
2018-02-27,23.25,23.700001,21.15,21.15,21.15,109800
2018-02-28,22.200001,25.35,21.75,23.25,23.25,259400
2018-03-01,23.700001,24.75,22.5,23.549999,23.549999,94900
2018-03-02,23.25,24.0,22.5,23.4,23.4,64500
2018-03-05,25.5,27.584999,24.465,25.049999,25.049999,224900
2018-03-06,25.200001,26.25,25.049999,25.950001,25.950001,80800
2018-03-07,25.35,25.799999,24.6,25.049999,25.049999,41800
2018-03-08,25.799999,25.950001,24.0,24.299999,24.299999,54600
2018-03-09,24.75,24.75,23.25,24.6,24.6,36000
2018-03-12,24.75,25.635,24.75,25.049999,25.049999,32100
2018-03-13,25.049999,27.6,24.75,26.700001,26.700001,281600
2018-03-14,27.6,27.6,24.014999,25.200001,25.200001,128000
2018-03-15,24.9,26.25,24.0,25.35,25.35,47000
2018-03-16,25.35,28.950001,24.75,26.4,26.4,255700
2018-03-19,26.700001,27.735001,25.5,25.5,25.5,62700
2018-03-20,26.1,26.1,24.75,25.049999,25.049999,32400
2018-03-21,25.049999,25.200001,23.700001,24.15,24.15,66100
2018-03-22,23.85,24.0,23.25,23.4,23.4,42200
2018-03-23,23.4,23.549999,22.5,22.799999,22.799999,30400
2018-03-26,24.75,25.049999,22.5,22.950001,22.950001,38700
2018-03-27,23.4,23.4,21.0,21.450001,21.450001,51800
2018-03-28,21.450001,21.615,19.5,20.25,20.25,56100
2018-03-29,21.75,21.75,20.4,21.0,21.0,22800
2018-04-02,21.15,21.165001,19.200001,19.35,19.35,41400
2018-04-03,19.5,19.799999,18.299999,18.450001,18.450001,32800
2018-04-04,18.0,18.0,15.9,17.85,17.85,56900
2018-04-05,17.85,18.135,17.549999,17.85,17.85,13500
2018-04-06,17.549999,17.85,16.65,17.1,17.1,22500
2018-04-09,17.25,18.75,17.25,18.299999,18.299999,41200
2018-04-10,18.9,25.35,18.6,21.0,21.0,313900
2018-04-11,20.25,20.85,18.764999,19.799999,19.799999,46500
2018-04-12,19.5,20.700001,19.049999,20.325001,20.325001,34400
2018-04-13,20.1,20.85,19.65,20.4,20.4,38600
2018-04-16,19.950001,22.200001,19.799999,21.75,21.75,107800
2018-04-17,21.6,21.6,20.25,20.25,20.25,84300
2018-04-18,20.85,20.85,19.65,19.799999,19.799999,53000
2018-04-19,19.799999,20.1,19.65,19.950001,19.950001,20500
2018-04-20,19.65,20.084999,18.75,19.200001,19.200001,37500
2018-04-23,20.549999,20.549999,19.5,20.1,20.1,74900
2018-04-24,19.65,19.815001,19.049999,19.200001,19.200001,26300
2018-04-25,18.75,19.799999,18.6,19.5,19.5,47400
2018-04-26,18.9,19.200001,18.75,18.975,18.975,13200
2018-04-27,18.9,19.200001,18.299999,18.299999,18.299999,11700
2018-04-30,18.299999,18.6,18.0,18.0,18.0,16100
2018-05-01,18.0,18.15,16.799999,17.25,17.25,29900
2018-05-02,17.85,17.85,16.799999,17.01,17.01,17300
2018-05-03,19.5,20.700001,17.700001,17.85,17.85,190600
2018-05-04,17.700001,18.6,17.4,17.85,17.85,35800
2018-05-07,17.549999,19.200001,17.25,18.15,18.15,101100
2018-05-08,18.299999,18.299999,17.549999,18.0,18.0,27100
2018-05-09,18.0,18.75,17.700001,18.584999,18.584999,41500
2018-05-10,18.75,19.934999,17.700001,18.0,18.0,76200
2018-05-11,18.15,18.450001,17.700001,17.85,17.85,34500
2018-05-14,18.0,18.135,17.549999,17.700001,17.700001,30200
2018-05-15,17.700001,17.700001,17.4,17.4,17.4,24300
2018-05-16,18.15,18.15,17.25,17.549999,17.549999,32200
2018-05-17,17.4,17.549999,16.950001,17.25,17.25,21600
2018-05-18,17.1,17.43,16.5,16.799999,16.799999,24700
2018-05-21,16.799999,17.084999,15.6,16.200001,16.200001,49800
2018-05-22,16.049999,17.25,15.75,16.200001,16.200001,43500
2018-05-23,16.049999,16.35,15.45,16.049999,16.049999,40900
2018-05-24,15.9,16.184999,15.15,15.45,15.45,32900
2018-05-25,15.45,15.495,15.15,15.15,15.15,22300
2018-05-29,17.4,20.549999,16.35,17.25,17.25,895500
2018-05-30,17.1,17.4,16.049999,16.5,16.5,152400
2018-05-31,16.5,17.985001,16.5,17.4,17.4,94000
2018-06-01,17.85,18.225,17.1,17.43,17.43,53600
2018-06-04,18.75,19.155001,17.25,18.0,18.0,229700
2018-06-05,17.700001,17.85,16.65,17.549999,17.549999,93300
2018-06-06,16.950001,17.549999,16.65,17.475,17.475,49900
2018-06-07,17.549999,17.549999,16.5,16.875,16.875,67500
2018-06-08,16.799999,16.860001,16.5,16.635,16.635,20000
2018-06-11,16.950001,16.950001,16.5,16.725,16.725,30500
2018-06-12,16.799999,16.799999,15.765,16.5,16.5,26200
2018-06-13,16.35,16.5,15.6,15.75,15.75,39800
2018-06-14,16.049999,16.35,15.6,16.200001,16.200001,37400
2018-06-15,16.200001,16.200001,15.6,15.84,15.84,17300
2018-06-18,15.75,16.049999,15.15,15.75,15.75,46400
2018-06-19,15.75,16.049999,14.715,15.27,15.27,94100
2018-06-20,14.85,15.15,14.55,14.97,14.97,44500
2018-06-21,14.97,16.950001,14.85,15.3,15.3,101100
2018-06-22,15.3,15.6,15.0,15.0,15.0,23700
2018-06-25,15.15,15.15,12.18,13.8,13.8,70100
2018-06-26,14.1,15.45,13.92,15.3,15.3,81700
2018-06-27,14.85,15.0,13.785,14.325,14.325,22100
2018-06-28,15.45,15.45,13.8,13.965,13.965,49800
2018-06-29,14.1,14.25,13.5,13.68,13.68,28900
2018-07-02,14.25,14.4,13.05,13.35,13.35,32400
2018-07-03,13.365,13.98,13.365,13.8,13.8,10300
2018-07-05,13.8,13.92,13.05,13.05,13.05,22900
2018-07-06,12.9,13.35,12.75,12.945,12.945,20200
2018-07-09,12.975,13.05,12.015,12.3,12.3,24700
2018-07-10,12.465,13.11,12.15,12.6,12.6,21400
2018-07-11,12.9,12.9,12.195,12.87,12.87,12600
2018-07-12,12.45,13.5,12.45,13.35,13.35,58700
2018-07-13,14.01,14.25,13.17,13.2,13.2,26400
2018-07-16,13.215,13.305,12.75,13.005,13.005,15600
2018-07-17,13.02,13.2,12.45,12.72,12.72,15200
2018-07-18,13.8,13.8,12.525,12.81,12.81,12700
2018-07-19,12.9,13.29,12.525,13.215,13.215,25100
2018-07-20,13.215,13.365,12.75,13.17,13.17,13800
2018-07-23,13.05,14.1,12.75,13.5,13.5,65800
2018-07-24,13.5,15.6,13.215,15.525,15.525,151000
2018-07-25,14.625,15.0,13.35,13.65,13.65,62400
2018-07-26,13.5,13.515,12.945,13.2,13.2,20900
2018-07-27,13.2,13.2,12.15,12.6,12.6,24100
2018-07-30,12.45,12.765,12.3,12.36,12.36,9000
2018-07-31,12.6,12.6,11.25,11.25,11.25,29600
2018-08-01,11.4,11.805,10.8,11.46,11.46,29200
2018-08-02,11.145,12.975,10.665,11.13,11.13,88000
2018-08-03,11.145,12.45,11.025,11.595,11.595,46100
2018-08-06,11.7,11.91,11.25,11.4,11.4,24000
2018-08-07,11.43,11.79,11.25,11.52,11.52,20800
2018-08-08,11.7,12.45,11.4,12.225,12.225,45900
2018-08-09,12.45,13.2,12.15,12.9,12.9,56700
2018-08-10,12.9,12.9,12.015,12.165,12.165,11700
2018-08-13,11.97,12.15,11.4,11.43,11.43,36400
2018-08-14,13.5,13.5,11.55,11.7,11.7,64400
2018-08-15,11.625,11.76,11.25,11.46,11.46,16600
2018-08-16,11.55,11.73,10.95,11.13,11.13,13100
2018-08-17,11.1,11.745,11.1,11.43,11.43,8100
2018-08-20,11.7,11.7,11.25,11.49,11.49,9300
2018-08-21,11.85,11.85,11.25,11.46,11.46,11600
2018-08-22,11.4,12.0,11.4,11.955,11.955,16500
2018-08-23,11.895,12.72,11.625,11.7,11.7,31700
2018-08-24,12.0,12.075,11.55,11.85,11.85,7600
2018-08-27,11.655,12.15,11.595,12.0,12.0,7600
2018-08-28,12.0,12.0,11.7,11.925,11.925,7800
2018-08-29,12.015,12.3,11.7,12.285,12.285,13700
2018-08-30,12.3,12.6,12.0,12.12,12.12,14500
2018-08-31,12.15,13.2,12.0,12.99,12.99,38500
2018-09-04,13.5,14.1,12.9,13.755,13.755,60700
2018-09-05,13.56,13.56,12.75,13.05,13.05,18000
2018-09-06,14.925,16.200001,13.5,13.65,13.65,263400
2018-09-07,13.035,13.725,12.15,12.6,12.6,42500
2018-09-10,12.75,13.17,12.54,12.675,12.675,17700
2018-09-11,13.5,14.4,12.93,14.25,14.25,60300
2018-09-12,14.4,14.4,13.35,13.71,13.71,21500
2018-09-13,13.95,15.75,13.5,15.75,15.75,117100
2018-09-14,16.35,21.9,16.049999,20.25,20.25,1296600
2018-09-17,20.25,21.15,16.799999,17.25,17.25,432700
2018-09-18,15.0,15.75,13.8,15.3,15.3,195300
2018-09-19,14.4,15.3,14.1,14.7,14.7,69600
2018-09-20,15.0,20.25,15.0,20.25,20.25,238900
2018-09-21,19.950001,19.950001,17.700001,18.75,18.75,87700
2018-09-24,18.450001,19.5,18.15,18.9,18.9,35000
2018-09-25,18.299999,19.799999,18.299999,18.75,18.75,48900
2018-09-26,20.700001,22.200001,19.5,19.799999,19.799999,284700
2018-09-27,19.049999,19.5,18.0,18.299999,18.299999,69000
2018-09-28,17.85,17.85,16.200001,17.549999,17.549999,52400
2018-10-01,16.5,18.15,16.5,16.799999,16.799999,27400
2018-10-02,17.1,17.549999,15.3,15.3,15.3,39700
2018-10-03,15.9,16.65,15.75,16.35,16.35,30000
2018-10-04,15.9,16.049999,15.0,15.75,15.75,40400
2018-10-05,15.45,15.6,15.0,15.15,15.15,31700
2018-10-08,15.15,15.9,15.15,15.45,15.45,21400
2018-10-09,15.6,15.6,15.15,15.45,15.45,14300
2018-10-10,15.3,15.45,14.4,14.55,14.55,27100
2018-10-11,14.7,15.9,14.415,15.0,15.0,66500
2018-10-12,15.45,15.9,14.85,15.225,15.225,13000
2018-10-15,15.3,15.6,14.85,15.555,15.555,9200
2018-10-16,14.85,16.5,14.85,15.9,15.9,20200
2018-10-17,15.9,16.200001,15.45,15.9,15.9,14000
2018-10-18,15.6,15.9,15.0,15.27,15.27,27600
2018-10-19,15.0,16.049999,15.0,15.36,15.36,30700
2018-10-22,16.950001,17.25,15.675,16.049999,16.049999,59000
2018-10-23,16.049999,16.049999,15.3,15.75,15.75,14000
2018-10-24,15.9,16.200001,15.3,15.6,15.6,18100
2018-10-25,15.75,15.75,15.3,15.6,15.6,10000
2018-10-26,15.75,15.9,15.0,15.45,15.45,22100
2018-10-29,15.15,15.6,15.0,15.0,15.0,14300
2018-10-30,15.15,15.3,14.25,14.85,14.85,16600
2018-10-31,14.82,15.0,14.4,14.835,14.835,15100
2018-11-01,15.0,16.049999,14.7,16.049999,16.049999,34500
2018-11-02,15.75,16.5,15.3,15.45,15.45,17000
2018-11-05,15.45,16.200001,15.45,16.049999,16.049999,15000
2018-11-06,15.75,16.799999,15.6,16.049999,16.049999,40500
2018-11-07,16.049999,16.950001,15.75,16.799999,16.799999,17500
2018-11-08,16.65,16.950001,16.200001,16.35,16.35,14200
2018-11-09,16.35,17.25,16.35,16.889999,16.889999,14200
2018-11-12,16.799999,17.594999,16.424999,17.25,17.25,53000
2018-11-13,17.4,18.584999,16.5,17.040001,17.040001,54300
2018-11-14,16.799999,17.25,16.5,16.799999,16.799999,25100
2018-11-15,16.65,16.950001,15.9,16.35,16.35,12200
2018-11-16,16.200001,16.799999,15.3,16.35,16.35,10700
2018-11-19,16.5,17.475,15.9,16.5,16.5,24100
2018-11-20,16.200001,16.65,15.0,16.200001,16.200001,37700
2018-11-21,16.35,16.799999,15.75,16.200001,16.200001,10200
2018-11-23,16.049999,16.5,16.049999,16.200001,16.200001,3500
2018-11-26,16.200001,16.5,15.75,15.75,15.75,9800
2018-11-27,15.75,16.200001,15.3,15.6,15.6,10600
2018-11-28,15.9,16.02,15.48,16.004999,16.004999,5500
2018-11-29,16.049999,16.049999,15.45,16.049999,16.049999,11800
2018-11-30,15.45,15.9,15.45,15.6,15.6,9000
2018-12-03,15.6,15.855,15.3,15.45,15.45,8000
2018-12-04,15.3,15.69,15.3,15.3,15.3,4200
2018-12-06,15.6,15.75,14.85,14.97,14.97,10000
2018-12-07,14.85,15.0,14.85,14.85,14.85,9100
2018-12-10,14.7,15.0,13.5,13.95,13.95,21300
2018-12-11,13.815,14.1,13.035,13.575,13.575,18500
2018-12-12,13.785,13.995,13.5,13.65,13.65,8400
2018-12-13,13.65,14.25,13.5,13.515,13.515,8900
2018-12-14,13.875,14.1,13.35,13.425,13.425,6000
2018-12-17,13.5,13.5,12.3,12.9,12.9,20100
2018-12-18,12.9,12.9,11.25,11.4,11.4,31000
2018-12-19,11.85,12.495,11.25,11.265,11.265,23800
2018-12-20,11.55,12.375,10.2,11.25,11.25,46400
2018-12-21,11.25,12.6,9.75,10.35,10.35,30400
2018-12-24,10.245,11.13,10.05,10.8,10.8,22700
2018-12-26,10.875,11.4,10.35,11.325,11.325,14500
2018-12-27,11.4,12.135,11.25,11.805,11.805,18200
2018-12-28,12.0,12.0,11.25,11.7,11.7,8800
2018-12-31,11.625,12.0,11.025,11.55,11.55,18300
2019-01-02,11.85,12.3,11.4,12.15,12.15,10900
2019-01-03,13.5,13.575,12.6,12.6,12.6,16700
2019-01-04,13.5,15.0,12.765,13.05,13.05,28100
2019-01-07,13.65,14.25,13.05,13.8,13.8,13300
2019-01-08,13.5,13.8,13.05,13.32,13.32,10000
2019-01-09,13.485,13.5,13.05,13.5,13.5,7000
2019-01-10,13.35,14.25,13.2,13.5,13.5,16300
2019-01-11,13.5,14.265,12.75,13.44,13.44,23000
2019-01-14,13.8,13.86,12.9,13.185,13.185,13000
2019-01-15,13.5,13.695,12.9,13.125,13.125,12000
2019-01-16,13.125,13.35,12.15,12.48,12.48,10000
2019-01-17,12.48,13.215,12.48,12.87,12.87,3700
2019-01-18,12.825,13.155,12.465,12.9,12.9,5100
2019-01-22,13.05,13.2,12.45,12.9,12.9,7000
2019-01-23,12.9,12.9,12.3,12.705,12.705,6500
2019-01-24,12.75,12.9,12.195,12.27,12.27,7600
2019-01-25,12.3,12.6,12.0,12.585,12.585,6200
2019-01-28,12.045,12.6,12.0,12.165,12.165,5100
2019-01-29,12.3,12.3,11.85,11.85,11.85,7100
2019-01-30,11.865,12.3,11.85,12.0,12.0,7100
2019-01-31,11.85,11.91,11.37,11.55,11.55,18400
2019-02-01,11.55,11.7,11.25,11.43,11.43,9500
2019-02-04,11.55,11.55,11.13,11.385,11.385,6700
2019-02-05,11.4,12.45,10.95,11.775,11.775,32500
2019-02-06,11.685,11.685,11.25,11.325,11.325,8000
2019-02-07,11.4,11.49,10.95,10.95,10.95,10600
2019-02-08,10.95,11.67,10.95,11.445,11.445,3600
2019-02-11,11.445,11.775,11.25,11.25,11.25,8200
2019-02-12,11.25,11.25,11.1,11.1,11.1,5100
2019-02-13,11.25,11.25,11.025,11.1,11.1,5200
2019-02-14,10.83,12.42,10.815,12.0,12.0,38300
2019-02-15,12.375,12.375,11.325,11.4,11.4,6700
2019-02-19,11.1,12.45,11.1,11.94,11.94,32500
2019-02-20,12.45,12.45,11.85,12.135,12.135,10200
2019-02-21,11.97,12.15,11.715,12.0,12.0,9100
2019-02-22,12.3,12.3,11.7,11.985,11.985,6100
2019-02-25,11.715,12.27,11.4,11.91,11.91,4300
2019-02-26,11.85,12.045,11.58,11.7,11.7,6600
2019-02-27,12.0,12.0,11.25,11.385,11.385,4700
2019-02-28,11.355,11.55,11.025,11.13,11.13,8300
2019-03-01,11.115,11.25,10.875,11.055,11.055,9400
2019-03-04,10.95,11.55,10.95,11.55,11.55,11500
2019-03-05,12.93,13.2,12.135,12.45,12.45,37500
2019-03-06,12.21,12.6,11.76,12.3,12.3,9400
2019-03-07,11.79,12.3,11.475,11.7,11.7,11400
2019-03-08,12.284994,12.299994,11.699994,11.924994,11.924994,60200
2019-03-11,12.299994,12.299994,11.849994,11.969994,11.969994,72600
2019-03-12,12.014994,12.374994,11.849994,12.359994,12.359994,79500
2019-03-13,11.999994,12.434994,11.849994,12.374994,12.374994,76300
2019-03-14,12.239994,12.329994,11.849994,12.119994,12.119994,99100
2019-03-15,12.449994,12.449994,11.999994,12.074994,12.074994,77800
2019-03-18,11.999994,11.999994,11.699994,11.804994,11.804994,112000
2019-03-19,11.549994,12.224994,11.549994,12.089994,12.089994,159000
2019-03-20,11.849994,12.149994,11.714994,12.074994,12.074994,80900
2019-03-21,11.864994,13.184994,11.849994,12.839993,12.839993,857000
2019-03-22,13.199993,13.199993,11.999994,12.449994,12.449994,163500
2019-03-25,12.299994,12.299994,11.849994,11.999994,11.999994,104300
2019-03-26,12.014994,12.059994,11.789994,11.909994,11.909994,139600
2019-03-27,11.639995,11.909994,11.549994,11.849994,11.849994,81700
2019-03-28,11.849994,12.674994,11.849994,12.299994,12.299994,136100
2019-03-29,11.699994,12.374994,11.549994,11.699994,11.699994,103100
2019-04-01,11.549994,11.984994,11.549994,11.624994,11.624994,123600
2019-04-02,11.624994,11.999994,11.624994,11.759995,11.759995,88800
2019-04-03,11.999994,12.164994,11.699994,11.774994,11.774994,66400
2019-04-04,11.549994,11.699994,11.264995,11.399994,11.399994,191300
2019-04-05,11.264995,11.684994,11.249994,11.249994,11.249994,103600
2019-04-08,11.399994,11.669994,11.249994,11.399994,11.399994,69000
2019-04-09,11.264995,11.399994,10.949994,11.234994,11.234994,151600
2019-04-10,11.384995,11.399994,11.099995,11.174994,11.174994,97400
2019-04-11,11.249994,11.474995,11.144995,11.399994,11.399994,101400
2019-04-12,11.219995,11.399994,10.949994,11.129994,11.129994,159200
2019-04-15,11.189995,11.369994,11.129994,11.204994,11.204994,58400
2019-04-16,11.099995,11.249994,10.499994,10.799994,10.799994,220600
2019-04-17,10.574995,11.249994,10.199995,10.949994,10.949994,339700
2019-04-18,10.559995,11.084994,10.499994,10.634995,10.634995,114500
2019-04-22,10.559995,10.559995,9.989995,10.499994,10.499994,263200
2019-04-23,10.139995,10.499994,10.049995,10.199995,10.199995,164800
2019-04-24,10.199995,10.499994,10.049995,10.199995,10.199995,173800
2019-04-25,9.899995,10.949994,9.899995,10.349995,10.349995,666600
2019-04-26,10.499994,10.499994,9.149996,10.094995,10.094995,322400
2019-04-29,9.914995,10.484995,9.914995,10.109995,10.109995,136500
2019-04-30,10.499994,11.234994,10.124995,10.499994,10.499994,630900
2019-05-01,10.949994,10.949994,10.499994,10.679995,10.679995,141800
2019-05-02,10.259995,10.784995,10.124995,10.424994,10.424994,132300
2019-05-03,10.124995,10.454995,9.899995,10.169995,10.169995,155900
2019-05-06,9.914995,10.079995,9.524995,9.659995,9.659995,267800
2019-05-07,9.464995,10.349995,9.299995,10.049995,10.049995,541600
2019-05-08,10.349995,11.249994,9.749995,10.304995,10.304995,532400
2019-05-09,10.349995,11.024995,9.749995,11.024995,11.024995,230400
2019-05-10,10.574995,10.574995,9.974995,10.469995,10.469995,145000
2019-05-13,10.499994,10.499994,9.599996,9.599996,9.599996,294100
2019-05-14,10.124995,10.199995,9.314996,9.464995,9.464995,194000
2019-05-15,9.599996,9.899995,9.194995,9.494995,9.494995,314600
2019-05-16,9.494995,9.494995,8.999995,9.224996,9.224996,204100
2019-05-17,13.199993,15.449992,10.799994,11.249994,11.249994,8384200
2019-05-20,10.919994,12.599994,10.499994,11.489994,11.489994,795500
2019-05-21,11.414994,11.849994,10.694995,11.084994,11.084994,321200
2019-05-22,11.399994,12.299994,10.649995,11.849994,11.849994,1214400
2019-05-23,11.249994,13.199993,11.249994,12.974994,12.974994,753000
2019-05-24,12.899994,12.974994,11.774994,11.999994,11.999994,321200
2019-05-28,11.849994,11.924994,11.399994,11.549994,11.549994,177900
2019-05-29,11.549994,11.639995,10.949994,11.324994,11.324994,147600
2019-05-30,10.874994,10.949994,10.199995,10.499994,10.499994,352800
2019-05-31,10.619995,10.844995,10.379994,10.529995,10.529995,66900
2019-06-03,10.649995,10.649995,9.974995,10.049995,10.049995,156700
2019-06-04,10.139995,10.484995,10.064995,10.424994,10.424994,116300
2019-06-05,10.049995,10.244995,9.599996,10.049995,10.049995,139900
2019-06-06,10.199995,10.199995,9.749995,9.779995,9.779995,118600
2019-06-07,10.349995,10.499994,9.749995,9.884995,9.884995,160700
2019-06-10,9.884995,9.884995,9.119995,9.734995,9.734995,271900
2019-06-11,9.749995,10.349995,9.659995,10.199995,10.199995,117500
2019-06-12,9.929995,10.109995,9.479996,9.599996,9.599996,58000
2019-06-13,9.899995,10.364995,9.479996,10.199995,10.199995,486600
2019-06-14,10.049995,10.349995,9.599996,9.749995,9.749995,226100
2019-06-17,10.349995,10.349995,9.599996,9.629995,9.629995,119600
2019-06-18,9.749995,9.914995,9.599996,9.599996,9.599996,75100
2019-06-19,11.399994,11.594995,9.749995,9.899995,9.899995,1808400
2019-06-20,10.049995,10.499994,9.674995,10.214994,10.214994,856900
2019-06-21,10.349995,10.349995,9.824995,9.929995,9.929995,127200
2019-06-24,10.199995,10.199995,9.749995,9.899995,9.899995,102500
2019-06-25,9.764996,10.499994,9.749995,9.914995,9.914995,239000
2019-06-26,10.049995,10.319995,9.974995,10.214994,10.214994,151200
2019-06-27,10.214994,10.874994,10.124995,10.394995,10.394995,169800
2019-06-28,10.874994,10.874994,10.049995,10.199995,10.199995,59600
2019-07-01,10.349995,10.349995,9.749995,9.944995,9.944995,95000
2019-07-02,9.779995,10.079995,9.749995,9.764996,9.764996,74600
2019-07-03,10.049995,10.199995,9.749995,9.944995,9.944995,22400
2019-07-05,9.944995,9.944995,9.749995,9.839995,9.839995,70600
2019-07-08,9.974995,9.974995,9.749995,9.794995,9.794995,54400
2019-07-09,9.779995,9.779995,9.599996,9.764996,9.764996,82200
2019-07-10,9.779995,9.779995,9.494995,9.749995,9.749995,64200
2019-07-11,9.599996,9.749995,9.329995,9.449995,9.449995,123500
2019-07-12,9.449995,9.704995,9.329995,9.509995,9.509995,43200
2019-07-15,9.599996,9.674995,9.374995,9.569995,9.569995,66900
2019-07-16,9.569995,9.569995,9.299995,9.299995,9.299995,102900
2019-07-17,9.164995,9.749995,9.164995,9.569995,9.569995,114700
2019-07-18,9.329995,9.494995,9.299995,9.299995,9.299995,85600
2019-07-19,9.299995,9.449995,9.209995,9.224996,9.224996,67300
2019-07-22,9.224996,9.449995,9.164995,9.209995,9.209995,93300
2019-07-23,9.179996,9.329995,8.669995,8.849996,8.849996,288600
2019-07-24,8.789995,8.789995,6.224997,6.749997,6.749997,1854500
2019-07-25,9.359995,11.174994,8.399996,10.049995,10.049995,9934800
2019-07-26,9.029996,9.629995,8.249996,8.864996,8.864996,1192200
2019-07-29,9.029996,9.299995,8.099996,8.729996,8.729996,424000
2019-07-30,9.449995,9.449995,8.399996,8.429996,8.429996,668000
2019-07-31,8.849996,8.849996,7.949996,8.219995,8.219995,285100
2019-08-01,8.129996,8.399996,7.874996,7.949996,7.949996,129400
2019-08-02,7.799996,7.979996,7.439996,7.649996,7.649996,294900
2019-08-05,7.664996,8.444996,7.664996,8.249996,8.249996,157400
2019-08-06,8.444996,8.549995,7.649996,7.964996,7.964996,262600
2019-08-07,7.799996,7.799996,7.064996,7.244997,7.244997,150300
2019-08-08,7.709996,7.799996,7.364996,7.769996,7.769996,100000
2019-08-09,6.899997,7.724996,6.899997,7.649996,7.649996,72300
2019-08-12,7.499996,7.649996,7.424996,7.499996,7.499996,68200
2019-08-13,7.424996,7.739996,7.229996,7.499996,7.499996,46000
2019-08-14,7.274996,7.409997,6.899997,7.139997,7.139997,162700
2019-08-15,7.049996,7.199996,6.749997,6.794997,6.794997,110800
2019-08-16,6.899997,7.499996,6.899997,7.214996,7.214996,64500
2019-08-19,7.199996,7.349996,6.899997,6.989996,6.989996,126200
2019-08-20,6.899997,7.124997,6.899997,7.049996,7.049996,48700
2019-08-21,7.049996,7.499996,6.899997,7.499996,7.499996,53400
2019-08-22,7.544996,7.544996,7.049996,7.049996,7.049996,77200
2019-08-23,7.409997,7.484996,7.049996,7.184997,7.184997,25300
2019-08-26,6.749997,7.124997,6.599997,6.884996,6.884996,78900
2019-08-27,6.764997,7.109996,6.764997,6.869997,6.869997,73900
2019-08-28,6.764997,6.899997,6.764997,6.869997,6.869997,55900
2019-08-29,6.764997,6.869997,6.449997,6.599997,6.599997,73900
2019-08-30,6.599997,6.779996,6.599997,6.629997,6.629997,21900
2019-09-03,6.794997,7.034997,6.599997,7.019997,7.019997,73100
2019-09-04,6.749997,6.899997,6.314997,6.599997,6.599997,69600
2019-09-05,6.899997,7.049996,6.314997,6.899997,6.899997,220800
2019-09-06,7.049996,7.049996,6.374997,6.794997,6.794997,33000
2019-09-09,6.449997,7.049996,6.449997,6.764997,6.764997,83700
2019-09-10,7.049996,7.274996,6.599997,6.899997,6.899997,118600
2019-09-11,6.749997,7.349996,6.749997,7.274996,7.274996,122200
2019-09-12,7.034997,7.199996,6.824996,6.974997,6.974997,50500
2019-09-13,6.989996,7.199996,6.899997,7.049996,7.049996,66300
2019-09-16,7.349996,7.754996,6.764997,7.349996,7.349996,97200
2019-09-17,7.154996,7.349996,6.899997,7.124997,7.124997,44500
2019-09-18,6.899997,7.379996,6.899997,6.974997,6.974997,34800
2019-09-19,7.334996,7.349996,6.899997,7.049996,7.049996,15500
2019-09-20,7.424996,7.424996,6.869997,7.019997,7.019997,102900
2019-09-23,6.869997,7.334996,6.869997,7.049996,7.049996,16000
2019-09-24,7.064996,7.349996,6.794997,6.794997,6.794997,38800
2019-09-25,7.049996,7.364996,6.824996,7.094996,7.094996,37400
2019-09-26,7.319996,7.499996,6.929996,7.349996,7.349996,61700
2019-09-27,7.499996,7.499996,6.824996,6.899997,6.899997,45100
2019-09-30,6.899997,7.319996,6.899997,7.199996,7.199996,25300
2019-10-01,7.319996,7.319996,6.899997,7.049996,7.049996,43000
2019-10-02,6.914997,7.274996,6.749997,6.779996,6.779996,24300
2019-10-03,6.794997,7.304996,6.794997,7.169996,7.169996,45600
2019-10-04,7.199996,7.199996,6.899997,7.124997,7.124997,22700
2019-10-07,7.05,7.185,6.945,6.96,6.96,900
2019-10-08,6.93,7.02,6.78,6.84,6.84,900
2019-10-09,6.975,6.975,6.78,6.9,6.9,2800
2019-10-10,7.05,7.05,6.75,6.78,6.78,5500
2019-10-11,6.78,6.9,6.75,6.825,6.825,3700
2019-10-14,6.645,6.9,6.645,6.825,6.825,800
2019-10-15,6.825,6.825,6.45,6.6,6.6,8200
2019-10-16,6.6,6.9,6.48,6.6,6.6,6900
2019-10-17,6.615,6.825,6.495,6.6,6.6,3800
2019-10-18,6.6,6.72,6.195,6.3,6.3,3200
2019-10-21,6.3,6.72,6.165,6.48,6.48,2100
2019-10-22,6.675,6.765,6.315,6.45,6.45,7200
2019-10-23,6.33,6.75,6.33,6.675,6.675,6000
2019-10-24,6.465,6.705,6.465,6.66,6.66,1100
2019-10-25,6.6,6.6,6.45,6.6,6.6,1200
2019-10-28,5.985,6.75,5.985,6.495,6.495,4100
2019-10-29,6.495,6.735,6.45,6.6,6.6,2200
2019-10-30,6.6,6.6,6.3,6.3,6.3,2900
2019-10-31,6.6,6.75,6.165,6.45,6.45,4900
2019-11-01,6.54,6.75,6.0,6.165,6.165,3500
2019-11-04,6.15,6.3,6.15,6.21,6.21,2100
2019-11-05,6.15,6.375,6.0,6.165,6.165,4100
2019-11-06,6.0,6.3,5.925,6.15,6.15,3800
2019-11-07,6.015,6.225,6.0,6.15,6.15,3400
2019-11-08,6.15,6.225,6.0,6.09,6.09,1900
2019-11-11,6.33,6.33,6.0,6.195,6.195,1600
2019-11-12,6.165,6.255,5.49,5.94,5.94,3700
2019-11-13,5.79,5.94,5.355,5.82,5.82,3100
2019-11-14,5.475,5.7,4.8,5.625,5.625,14400
2019-11-15,4.95,5.55,4.935,5.445,5.445,6000
2019-11-18,4.425,4.95,4.05,4.425,4.425,35800
2019-11-19,3.88,3.98,2.97,3.774,3.774,73100
2019-11-20,4.66,4.82,3.91,3.95,3.95,133700
2019-11-21,3.77,4.157,3.62,4.009,4.009,37100
2019-11-22,4.105,4.105,3.81,3.979,3.979,21100
2019-11-25,4.15,4.65,3.9,4.19,4.19,74600
2019-11-26,4.12,4.124,3.81,3.87,3.87,20600
2019-11-27,4.33,5.5,3.45,3.7,3.7,636000
2019-11-29,3.71,3.77,3.59,3.59,3.59,13000
2019-12-02,3.762,3.771,3.03,3.16,3.16,62300
2019-12-03,3.15,3.55,2.99,3.393,3.393,42200
2019-12-04,3.37,3.712,3.23,3.34,3.34,54400
2019-12-05,3.29,3.5,3.0,3.216,3.216,67600
2019-12-06,3.363,3.94,3.19,3.37,3.37,37500
2019-12-09,3.25,3.597,3.18,3.52,3.52,34000
2019-12-10,3.4,3.638,3.31,3.552,3.552,61400
2019-12-11,3.87,4.3,3.21,3.44,3.44,1415200
2019-12-12,3.45,3.6,3.255,3.6,3.6,89300
2019-12-13,3.5,3.6,3.4,3.44,3.44,29900
2019-12-16,3.29,3.355,3.2,3.32,3.32,38100
2019-12-17,3.31,3.54,3.23,3.43,3.43,23500
2019-12-18,3.48,3.55,3.3,3.4,3.4,38000
2019-12-19,3.36,3.393,3.3,3.352,3.352,21800
2019-12-20,3.331,3.34,3.302,3.302,3.302,4100
2019-12-23,3.16,3.52,3.16,3.37,3.37,33100
2019-12-24,3.357,3.37,3.33,3.37,3.37,9400
2019-12-26,3.25,3.38,3.25,3.32,3.32,16300
2019-12-27,3.24,3.51,3.233,3.361,3.361,36400
2019-12-30,3.32,3.5,3.32,3.446,3.446,44400
