Date,Open,High,Low,Close,Adj Close,Volume
2010-01-04,4.1,4.75,4.08,4.63,3.137464,921600
2010-01-05,4.59,5.08,4.38,4.98,3.374638,1030400
2010-01-06,5.02,5.09,4.93,5.05,3.422071,802600
2010-01-07,5.05,5.07,4.76,4.83,3.272992,514100
2010-01-08,4.85,4.88,4.71,4.84,3.279768,186800
2010-01-11,4.88,5.0,4.82,4.88,3.306873,301200
2010-01-12,4.85,4.99,4.65,4.81,3.259438,253200
2010-01-13,4.86,4.98,4.82,4.98,3.374638,449800
2010-01-14,4.92,4.98,4.88,4.97,3.367861,259600
2010-01-15,4.98,4.98,4.62,4.83,3.272992,454300
2010-01-19,4.83,5.3,4.83,5.29,3.584706,1575700
2010-01-20,5.24,5.3,4.9,4.92,3.333979,755200
2010-01-21,4.92,4.98,4.67,4.7,3.184898,665700
2010-01-22,4.7,4.96,4.5,4.9,3.320426,605100
2010-01-25,4.97,5.21,4.76,5.21,3.530495,605800
2010-01-26,5.16,5.27,4.95,5.11,3.46273,367900
2010-01-27,5.01,5.17,4.9,5.16,3.496612,406500
2010-01-28,5.19,5.25,4.94,5.16,3.496612,299800
2010-01-29,5.2,5.24,5.04,5.05,3.422071,412000
2010-02-01,5.09,5.59,5.08,5.54,3.754114,1906600
2010-02-02,5.57,5.74,5.49,5.62,3.808326,644500
2010-02-03,5.61,5.67,5.34,5.37,3.638916,493500
2010-02-04,5.3,5.58,5.11,5.38,3.645693,825700
2010-02-05,5.37,5.37,5.03,5.19,3.516941,429300
2010-02-08,5.2,5.39,4.97,5.0,3.388191,526400
2010-02-09,5.15,5.45,4.99,5.43,3.679575,456000
2010-02-10,5.38,5.38,5.07,5.13,3.476283,372700
2010-02-11,5.14,5.35,5.06,5.32,3.605035,406200
2010-02-12,5.25,5.29,5.13,5.27,3.571152,275100
2010-02-16,5.35,5.54,5.26,5.51,3.733785,461400
2010-02-17,5.65,6.2,5.59,5.77,3.90997,1428100
2010-02-18,5.74,5.88,5.61,5.78,3.916748,488600
2010-02-19,5.79,5.79,5.51,5.63,3.815101,399100
2010-02-22,5.64,5.74,5.37,5.39,3.652469,382700
2010-02-23,5.4,5.4,5.08,5.09,3.449178,447000
2010-02-24,5.09,5.25,5.05,5.06,3.428848,386700
2010-02-25,5.01,5.22,4.92,5.1,3.455954,536300
2010-02-26,5.09,5.28,5.0,5.02,3.401743,420400
2010-03-01,4.97,5.25,4.76,5.06,3.428848,1091000
2010-03-02,5.06,5.59,5.05,5.19,3.516941,1919400
2010-03-03,5.24,5.38,5.11,5.26,3.564376,761000
2010-03-04,5.29,5.54,5.13,5.34,3.618586,512500
2010-03-05,5.36,5.54,5.33,5.52,3.740562,561400
2010-03-08,5.52,5.6,5.34,5.57,3.774444,710200
2010-03-09,5.57,5.75,5.54,5.67,3.842207,432600
2010-03-10,5.68,5.78,5.44,5.51,3.733785,615200
2010-03-11,5.47,5.76,5.46,5.72,3.876089,551100
2010-03-12,5.75,5.83,5.69,5.75,3.896419,735900
2010-03-15,5.72,5.72,5.49,5.5,3.727009,465000
2010-03-16,5.55,5.68,5.46,5.65,3.828655,364000
2010-03-17,5.71,5.76,5.61,5.65,3.828655,533700
2010-03-18,5.6,5.67,5.4,5.43,3.679575,343400
2010-03-19,5.42,5.43,5.09,5.12,3.469507,932600
2010-03-22,5.07,5.25,4.89,5.07,3.435625,585300
2010-03-23,5.06,5.13,4.94,5.11,3.46273,334600
2010-03-24,5.07,5.11,4.93,4.94,3.347531,249000
2010-03-25,4.97,5.05,4.77,4.78,3.23911,488000
2010-03-26,4.72,5.07,4.71,4.81,3.259438,898100
2010-03-29,4.82,4.99,4.82,4.9,3.320426,500200
2010-03-30,4.9,5.05,4.9,5.03,3.408519,381600
2010-03-31,5.01,5.2,4.95,5.08,3.4424,680700
2010-04-01,5.12,5.37,5.09,5.33,3.61181,466600
2010-04-05,5.34,5.6,5.34,5.59,3.787998,437100
2010-04-06,5.56,5.62,5.44,5.57,3.774444,286100
2010-04-07,5.57,5.7,5.46,5.7,3.862537,470300
2010-04-08,5.68,5.75,5.58,5.71,3.869312,525900
2010-04-09,5.74,5.86,5.6,5.85,3.964183,289000
2010-04-12,5.86,6.24,5.85,6.15,4.167474,823800
2010-04-13,6.12,6.23,6.02,6.2,4.201355,386200
2010-04-14,6.25,6.72,6.19,6.68,4.526622,1118000
2010-04-15,6.7,6.89,6.61,6.77,4.58761,804200
2010-04-16,6.77,6.79,6.48,6.61,4.479188,863000
2010-04-19,6.53,6.84,6.44,6.81,4.614715,624200
2010-04-20,6.83,7.06,6.77,7.02,4.757019,586600
2010-04-21,7.02,7.54,7.0,7.51,5.08906,943800
2010-04-22,7.36,7.65,7.2,7.61,5.156826,539500
2010-04-23,7.61,7.85,7.61,7.79,5.2788,535100
2010-04-26,7.8,7.96,7.75,7.79,5.2788,509300
2010-04-27,7.76,7.86,7.3,7.32,4.96031,672100
2010-04-28,7.38,7.52,7.22,7.31,4.953533,529400
2010-04-29,7.4,7.52,6.93,7.0,4.743465,1096400
2010-04-30,7.04,7.15,6.85,6.88,4.66215,537000
2010-05-03,6.95,7.31,6.87,7.29,4.939981,463900
2010-05-04,7.12,7.12,6.7,6.79,4.601161,883700
2010-05-05,6.59,7.1,6.25,6.98,4.729913,1204700
2010-05-06,6.81,6.84,5.87,6.78,4.594387,1286400
2010-05-07,6.77,6.82,6.37,6.44,4.363988,657500
2010-05-10,6.81,7.05,6.67,6.85,4.64182,768100
2010-05-11,6.73,6.95,6.66,6.85,4.64182,713800
2010-05-12,6.9,7.33,6.76,7.31,4.953533,805700
2010-05-13,7.3,7.44,7.1,7.21,4.885769,498000
2010-05-14,7.1,7.27,6.92,7.14,4.838336,596600
2010-05-17,7.22,7.33,6.8,7.19,4.872217,496400
2010-05-18,7.35,7.6,6.8,6.92,4.689256,649000
2010-05-19,6.87,7.0,6.66,6.77,4.58761,437700
2010-05-20,6.51,6.6,6.05,6.06,4.106486,988000
2010-05-21,5.9,6.61,5.83,6.45,4.370765,788600
2010-05-24,6.45,6.59,6.17,6.18,4.187802,268900
2010-05-25,5.88,6.13,5.74,6.1,4.133592,385700
2010-05-26,6.16,6.4,6.05,6.05,4.099711,508500
2010-05-27,6.28,6.71,6.28,6.68,4.526622,367600
2010-05-28,6.68,6.91,6.56,6.64,4.499516,299200
2010-06-01,6.54,6.6,6.22,6.22,4.214908,286700
2010-06-02,6.28,6.53,6.17,6.53,4.424975,277800
2010-06-03,6.61,6.76,6.45,6.57,4.452083,217200
2010-06-04,6.31,6.41,5.98,6.0,4.065829,410000
2010-06-07,6.02,6.16,5.62,5.64,3.821878,510800
2010-06-08,5.7,5.81,5.37,5.5,3.727009,511000
2010-06-09,5.6,5.74,5.39,5.44,3.686352,250700
2010-06-10,5.62,5.75,5.36,5.61,3.801549,282300
2010-06-11,5.52,5.8,5.52,5.59,3.787998,385100
2010-06-14,5.7,5.98,5.62,5.77,3.90997,263000
2010-06-15,5.82,6.21,5.75,6.18,4.187802,301300
2010-06-16,6.1,6.35,6.01,6.31,4.275898,302700
2010-06-17,6.35,6.49,6.27,6.46,4.377541,393100
2010-06-18,6.51,6.69,6.43,6.64,4.499516,564500
2010-06-21,6.82,6.98,6.62,6.84,4.635044,658800
2010-06-22,6.87,7.08,6.72,6.84,4.635044,599700
2010-06-23,6.85,6.98,6.64,6.76,4.580834,453400
2010-06-24,6.65,6.79,6.44,6.51,4.411424,647200
2010-06-25,6.55,6.82,6.44,6.65,4.506293,964600
2010-06-28,6.66,6.89,6.66,6.82,4.62149,526400
2010-06-29,6.59,6.73,6.11,6.14,4.160698,696000
2010-06-30,6.13,6.22,5.8,5.83,3.950628,570200
2010-07-01,5.82,5.87,5.38,5.64,3.821878,410400
2010-07-02,5.74,5.95,5.36,5.47,3.70668,397900
2010-07-06,5.7,5.9,5.45,5.5,3.727009,481000
2010-07-07,5.51,5.61,5.32,5.61,3.801549,277500
2010-07-08,5.73,5.83,5.55,5.74,3.889642,255200
2010-07-09,5.74,5.9,5.6,5.85,3.964183,206900
2010-07-12,5.8,5.98,5.71,5.74,3.889642,142900
2010-07-13,5.91,6.21,5.81,6.17,4.181027,494100
2010-07-14,6.14,6.21,5.95,6.12,4.147145,192400
2010-07-15,6.12,6.16,5.92,6.03,4.086155,259000
2010-07-16,5.96,6.0,5.36,5.39,3.652469,676100
2010-07-19,5.44,5.75,5.29,5.46,3.699903,279400
2010-07-20,5.33,5.66,5.25,5.66,3.83543,345400
2010-07-21,5.73,5.84,5.39,5.4,3.659245,263300
2010-07-22,5.56,5.74,5.41,5.5,3.727009,596200
2010-07-23,5.47,5.73,5.35,5.66,3.83543,413200
2010-07-26,5.67,6.25,5.62,6.2,4.201355,515700
2010-07-27,6.32,6.38,6.16,6.18,4.187802,287800
2010-07-28,6.15,6.21,5.97,5.98,4.052276,392100
2010-07-29,6.05,6.22,5.89,6.0,4.065829,388100
2010-07-30,5.84,6.12,5.8,6.04,4.092934,215100
2010-08-02,6.21,6.21,6.02,6.06,4.106486,304600
2010-08-03,6.0,6.1,5.85,5.99,4.059052,248200
2010-08-04,6.08,6.54,6.08,6.48,4.391094,537100
2010-08-05,6.4,6.85,6.4,6.79,4.601161,548800
2010-08-06,6.68,7.0,6.5,6.99,4.73669,415700
2010-08-09,7.01,7.05,6.86,6.94,4.702809,466600
2010-08-10,6.82,7.0,6.66,6.78,4.594387,484200
2010-08-11,6.61,6.99,6.23,6.29,4.262342,657800
2010-08-12,6.15,6.33,6.06,6.13,4.153922,425200
2010-08-13,6.06,6.38,6.06,6.26,4.242013,300800
2010-08-16,6.22,6.5,6.13,6.42,4.350435,348400
2010-08-17,6.53,6.57,6.43,6.53,4.424975,355000
2010-08-18,6.53,6.8,6.45,6.6,4.472411,179900
2010-08-19,6.54,6.74,6.48,6.66,4.513069,341500
2010-08-20,6.61,6.83,6.35,6.56,4.445304,214400
2010-08-23,6.62,6.67,6.35,6.37,4.316554,347500
2010-08-24,6.21,6.21,5.89,5.98,4.052276,417600
2010-08-25,5.89,6.03,5.78,6.03,4.086155,258900
2010-08-26,6.06,6.26,5.72,5.72,3.876089,291900
2010-08-27,5.81,5.91,5.6,5.89,3.991287,440200
2010-08-30,5.86,6.16,5.86,5.92,4.011616,455500
2010-08-31,5.89,6.08,5.8,5.98,4.052276,1027500
2010-09-01,6.15,6.29,6.02,6.28,4.255567,326200
2010-09-02,6.3,6.74,6.3,6.7,4.540175,249000
2010-09-03,6.78,6.99,6.74,6.94,4.702809,402900
2010-09-07,6.91,6.98,6.57,6.61,4.479188,332600
2010-09-08,6.65,6.77,6.53,6.6,4.472411,326700
2010-09-09,6.76,6.76,6.6,6.73,4.560503,187300
2010-09-10,6.77,6.82,6.53,6.63,4.492741,166000
2010-09-13,6.74,7.09,6.71,7.01,4.750243,593800
2010-09-14,6.94,7.25,6.81,7.23,4.899323,367000
2010-09-15,7.19,7.44,6.87,7.38,5.000968,314700
2010-09-16,7.34,7.37,7.15,7.25,4.912876,235900
2010-09-17,7.37,7.37,7.0,7.15,4.845111,363200
2010-09-20,7.18,7.27,6.94,7.15,4.845111,543100
2010-09-21,7.16,7.25,7.02,7.09,4.804454,1116400
2010-09-22,7.04,7.14,6.77,6.8,4.607939,271100
2010-09-23,6.75,6.99,6.72,6.74,4.56728,398800
2010-09-24,6.89,7.1,6.83,7.1,4.811229,612300
2010-09-27,7.12,7.2,6.95,7.05,4.777346,266300
2010-09-28,7.09,7.09,6.79,7.05,4.777346,348800
2010-09-29,6.99,7.19,6.86,7.1,4.811229,156600
2010-09-30,7.16,7.21,6.95,7.02,4.757019,263000
2010-10-01,7.15,7.19,6.91,7.13,4.831558,202300
2010-10-04,7.08,7.21,7.05,7.12,4.824783,338000
2010-10-05,7.23,7.52,7.2,7.43,5.03485,545300
2010-10-06,7.44,7.53,7.39,7.44,5.041627,472400
2010-10-07,7.5,7.59,7.43,7.54,5.109391,362300
2010-10-08,7.52,7.85,7.5,7.82,5.299129,321400
2010-10-11,7.8,8.02,7.77,7.89,5.346562,297600
2010-10-12,7.89,7.94,7.7,7.86,5.326234,317200
2010-10-13,7.93,8.5,7.91,8.42,5.705711,786000
2010-10-14,8.39,8.5,8.21,8.39,5.685381,520600
2010-10-15,8.53,8.53,8.19,8.25,5.590513,410500
2010-10-18,8.31,8.47,8.21,8.31,5.631172,428600
2010-10-19,8.1,8.37,8.1,8.19,5.549855,505500
2010-10-20,8.27,8.4,8.2,8.2,5.556631,341400
2010-10-21,8.27,8.39,8.03,8.21,5.563408,211800
2010-10-22,8.27,8.39,8.04,8.14,5.515973,178500
2010-10-25,8.25,8.37,8.09,8.17,5.536303,232300
2010-10-26,8.13,8.14,7.45,7.82,5.299129,572600
2010-10-27,7.79,7.97,7.75,7.84,5.312682,752100
2010-10-28,7.96,8.0,7.7,7.91,5.360116,502200
2010-10-29,7.88,8.12,7.85,7.99,5.414327,253700
2010-11-01,8.03,8.17,7.73,7.82,5.299129,177800
2010-11-02,7.86,8.0,7.7,7.85,5.319458,229200
2010-11-03,7.87,8.1,7.72,8.07,5.468539,294100
2010-11-04,8.28,8.37,8.07,8.32,5.637947,331900
2010-11-05,8.37,8.47,8.27,8.32,5.637947,188300
2010-11-08,8.4,8.5,8.26,8.34,5.651501,267600
2010-11-09,8.4,8.45,8.0,8.05,5.454986,321300
2010-11-10,8.05,8.32,8.05,8.25,5.590513,284500
2010-11-11,8.12,8.28,8.08,8.13,5.509197,163200
2010-11-12,8.02,8.12,7.71,7.71,5.224588,313900
2010-11-15,7.76,7.91,7.66,7.68,5.204259,125900
2010-11-16,7.58,7.69,7.17,7.27,4.926429,398300
2010-11-17,7.32,7.88,7.32,7.84,5.312682,361600
2010-11-18,7.99,8.37,7.9,8.28,5.610843,663100
2010-11-19,8.29,8.29,7.96,8.04,5.448211,467900
2010-11-22,8.0,8.22,7.85,8.17,5.536303,225700
2010-11-23,8.04,8.18,7.91,8.13,5.509197,302100
2010-11-24,8.2,8.34,8.14,8.31,5.631172,387300
2010-11-26,8.27,8.41,8.1,8.39,5.685381,159300
2010-11-29,7.89,8.03,7.56,7.98,5.699668,445600
2010-11-30,7.84,7.98,7.71,7.75,5.53539,466700
2010-12-01,7.87,8.0,7.8,7.93,5.663955,281400
2010-12-02,7.95,7.95,7.8,7.92,5.656813,335400
2010-12-03,7.88,8.2,7.84,8.06,5.756807,537100
2010-12-06,8.06,8.3,7.82,8.25,5.892512,272600
2010-12-07,8.34,8.39,8.11,8.18,5.842515,529000
2010-12-08,8.15,8.23,8.05,8.09,5.778234,247200
2010-12-09,8.19,8.2,8.06,8.08,5.771091,300900
2010-12-10,8.13,8.3,8.05,8.29,5.921084,253700
2010-12-13,8.31,8.34,8.13,8.19,5.849658,233800
2010-12-14,8.25,8.38,8.19,8.36,5.971079,464500
2010-12-15,8.37,8.5,8.27,8.36,5.971079,253900
2010-12-16,8.42,8.48,8.21,8.47,6.049648,245600
2010-12-17,8.46,8.5,8.15,8.32,5.94251,541300
2010-12-20,8.34,8.43,8.23,8.27,5.906799,208800
2010-12-21,8.32,8.36,7.74,8.31,5.935368,402900
2010-12-22,8.32,8.34,8.1,8.32,5.94251,208500
2010-12-23,8.3,8.4,8.18,8.34,5.956796,204800
2010-12-27,8.29,8.35,8.24,8.32,5.94251,153100
2010-12-28,8.31,8.32,8.08,8.16,5.828232,285100
2010-12-29,8.16,8.29,8.05,8.25,5.892512,259500
2010-12-30,8.22,8.26,8.1,8.13,5.806804,131400
2010-12-31,8.13,8.39,8.1,8.18,5.842515,437500
2011-01-03,8.26,8.36,8.15,8.33,5.949653,462200
2011-01-04,8.33,8.33,8.08,8.15,5.821088,232800
2011-01-05,8.14,8.3,8.12,8.27,5.906799,224500
2011-01-06,8.3,8.3,7.88,8.01,5.721094,505600
2011-01-07,8.01,8.04,7.75,7.95,5.678241,280600
2011-01-10,7.87,8.14,7.86,8.03,5.73538,230900
2011-01-11,8.06,8.15,7.99,8.15,5.821088,415200
2011-01-12,8.24,8.31,8.09,8.29,5.921084,235700
2011-01-13,8.26,8.27,8.06,8.12,5.799661,207900
2011-01-14,8.13,8.16,8.01,8.05,5.749666,296200
2011-01-18,8.0,8.11,7.87,8.09,5.778234,464000
2011-01-19,8.06,8.08,7.92,7.95,5.678241,948100
2011-01-20,7.9,7.94,7.57,7.82,5.585389,518100
2011-01-21,7.88,7.99,7.81,7.83,5.59253,263600
2011-01-24,7.81,8.0,7.71,7.99,5.70681,169800
2011-01-25,7.92,8.23,7.87,8.22,5.871086,356200
2011-01-26,8.25,8.84,8.25,8.65,6.178211,441100
2011-01-27,8.66,8.76,8.48,8.56,6.113928,290400
2011-01-28,8.53,8.57,8.23,8.43,6.021078,451300
2011-01-31,8.51,8.85,8.32,8.77,6.263921,342200
2011-02-01,8.9,9.17,8.7,9.11,6.506762,420800
2011-02-02,9.05,9.25,8.95,9.15,6.535333,230900
2011-02-03,9.11,9.45,9.0,9.45,6.749606,312700
2011-02-04,9.45,9.45,9.13,9.35,6.678181,246700
2011-02-07,9.38,9.86,9.38,9.57,6.835317,664000
2011-02-08,9.89,9.99,9.81,9.95,7.106728,1028300
2011-02-09,10.05,11.32,10.05,10.99,7.849543,2140600
2011-02-10,11.37,11.9,11.12,11.78,8.413793,1677400
2011-02-11,11.45,12.46,11.38,12.14,8.670922,1740400
2011-02-14,12.18,12.2,11.84,12.17,8.69235,1314500
2011-02-15,12.14,12.49,11.95,12.41,8.863769,680900
2011-02-16,12.5,12.75,12.42,12.6,8.999475,550300
2011-02-17,12.71,13.0,12.58,12.89,9.206606,742100
2011-02-18,12.93,13.07,12.87,13.0,9.285174,576700
2011-02-22,12.82,13.02,12.73,12.77,9.120893,752800
2011-02-23,12.75,12.77,11.94,12.34,8.813773,791500
2011-02-24,12.35,12.55,12.16,12.41,8.863769,611700
2011-02-25,12.42,12.99,12.42,12.89,9.296498,644200
2011-02-28,12.96,13.01,12.81,12.94,9.33256,630500
2011-03-01,13.0,13.0,12.12,12.21,8.806071,1271600
2011-03-02,12.25,12.68,12.07,12.52,9.029649,717100
2011-03-03,12.64,12.99,12.6,12.88,9.289288,719600
2011-03-04,12.88,12.98,12.63,12.8,9.23159,691900
2011-03-07,12.94,12.94,12.17,12.51,9.022434,926000
2011-03-08,12.47,12.77,12.31,12.55,9.051288,508600
2011-03-09,12.55,13.0,12.55,12.71,9.16668,614600
2011-03-10,12.47,12.78,12.35,12.5,9.015225,597300
2011-03-11,12.45,12.79,12.15,12.16,8.770008,903400
2011-03-14,12.0,12.24,11.73,12.03,8.676252,651600
2011-03-15,11.47,11.85,11.32,11.66,8.409401,602600
2011-03-16,11.71,12.07,11.47,11.5,8.294007,713000
2011-03-17,11.69,11.93,11.55,11.72,8.452672,381800
2011-03-18,11.98,12.0,11.45,11.51,8.301219,1485400
2011-03-21,11.72,12.32,11.54,12.2,8.798858,811700
2011-03-22,12.26,12.41,11.91,12.07,8.705098,429600
2011-03-23,12.01,12.31,11.77,12.24,8.827708,640900
2011-03-24,12.37,12.53,12.22,12.23,8.820496,1020300
2011-03-25,12.31,12.51,12.06,12.12,8.741163,477600
2011-03-28,12.22,12.26,11.95,12.17,8.777222,257300
2011-03-29,12.13,12.22,11.97,12.19,8.791645,195000
2011-03-30,12.4,12.7,12.24,12.48,9.000799,309300
2011-03-31,12.48,12.79,12.48,12.54,9.04407,528200
2011-04-01,12.7,12.9,12.57,12.7,9.159465,515600
2011-04-04,12.65,12.65,12.48,12.59,9.080134,406700
2011-04-05,12.51,12.68,12.21,12.21,8.806071,393500
2011-04-06,12.33,12.46,11.96,12.02,8.66904,274500
2011-04-07,12.0,12.06,11.58,11.76,8.481523,478600
2011-04-08,11.88,11.96,11.5,11.63,8.387763,661100
2011-04-11,11.61,11.7,11.21,11.26,8.120913,615000
2011-04-12,11.22,11.26,10.8,10.84,7.818004,603900
2011-04-13,10.95,11.25,10.81,11.04,7.962245,811800
2011-04-14,10.87,11.05,10.81,11.0,7.933395,422900
2011-04-15,10.97,11.25,10.97,11.0,7.933395,420000
2011-04-18,10.74,10.83,10.62,10.8,7.789152,348700
2011-04-19,10.8,10.95,10.6,10.68,7.702607,267900
2011-04-20,10.91,11.18,10.88,11.14,8.034368,334800
2011-04-21,11.26,11.26,10.85,11.08,7.99109,383000
2011-04-25,11.09,11.15,10.98,11.07,7.983883,321400
2011-04-26,11.17,11.43,11.1,11.4,8.221886,445800
2011-04-27,11.38,11.79,11.27,11.69,8.431039,492100
2011-04-28,11.7,11.73,11.43,11.5,8.294007,260000
2011-04-29,11.56,11.65,11.48,11.49,8.286794,174000
2011-05-02,11.58,11.78,11.28,11.47,8.272369,784300
2011-05-03,11.42,11.42,10.89,11.01,7.94061,522900
2011-05-04,11.04,11.43,10.5,10.51,7.579999,487900
2011-05-05,10.37,10.75,10.21,10.57,7.623272,547200
2011-05-06,10.78,10.89,10.48,10.6,7.644909,284000
2011-05-09,10.61,10.61,10.23,10.25,7.392486,620700
2011-05-10,10.33,10.45,10.14,10.44,7.529515,434100
2011-05-11,10.42,10.42,10.29,10.32,7.442968,428800
2011-05-12,10.26,10.29,10.02,10.12,7.298728,546000
2011-05-13,10.1,10.19,9.81,10.01,7.219393,571300
2011-05-16,9.95,10.18,9.82,9.9,7.140055,573000
2011-05-17,9.79,10.09,9.67,10.03,7.233817,485700
2011-05-18,10.07,10.63,10.05,10.6,7.644909,626500
2011-05-19,10.7,10.72,10.31,10.45,7.536726,452900
2011-05-20,10.36,10.54,10.27,10.36,7.471818,320200
2011-05-23,10.1,10.47,9.76,9.79,7.060725,684300
2011-05-24,9.89,9.9,9.5,9.54,6.880419,512800
2011-05-25,9.62,9.62,9.2,9.37,6.757813,1095300
2011-05-26,9.39,9.58,9.39,9.49,6.844359,404400
2011-05-27,9.41,9.53,9.41,9.47,6.917405,248400
2011-05-31,9.63,9.66,9.44,9.62,7.026971,844200
2011-06-01,9.54,9.69,9.4,9.44,6.895491,875400
2011-06-02,9.47,9.55,9.22,9.52,6.953928,762500
2011-06-03,9.29,9.63,9.25,9.52,6.953928,770000
2011-06-06,9.56,9.61,9.19,9.24,6.749399,525800
2011-06-07,9.36,9.48,9.23,9.3,6.793226,499700
2011-06-08,9.26,9.49,9.17,9.39,6.858966,732600
2011-06-09,9.5,9.72,9.31,9.64,7.041583,421600
2011-06-10,9.56,9.71,9.21,9.25,6.756704,323200
2011-06-13,9.35,9.73,9.26,9.54,6.968536,562300
2011-06-14,9.68,10.07,9.58,10.03,7.326458,746500
2011-06-15,9.88,10.09,9.73,9.83,7.180368,722000
2011-06-16,9.88,10.0,9.54,9.8,7.158455,537900
2011-06-17,9.93,10.01,9.68,9.84,7.187672,992600
2011-06-20,9.82,10.06,9.75,10.01,7.31185,483400
2011-06-21,10.15,10.77,10.06,10.55,7.706295,881800
2011-06-22,10.43,10.54,10.2,10.25,7.487157,962300
2011-06-23,10.15,10.51,9.97,10.35,7.560204,875700
2011-06-24,10.43,10.47,10.27,10.43,7.618639,1085600
2011-06-27,10.53,10.74,10.31,10.72,7.830469,601100
2011-06-28,10.83,11.02,10.71,10.99,8.027693,774700
2011-06-29,11.11,11.18,10.95,11.0,8.035001,714500
2011-06-30,11.09,11.3,10.96,10.98,8.020391,352800
2011-07-01,11.01,11.29,10.75,11.02,8.049609,530200
2011-07-05,11.07,11.2,10.9,11.14,8.137263,342400
2011-07-06,11.09,11.09,10.31,10.6,7.742817,710600
2011-07-07,10.72,11.01,10.63,10.8,7.888909,414400
2011-07-08,10.67,10.85,10.52,10.78,7.874297,380000
2011-07-11,10.6,10.75,10.3,10.38,7.582116,513000
2011-07-12,10.28,10.51,10.19,10.27,7.501767,603300
2011-07-13,10.39,10.58,10.2,10.29,7.516376,337400
2011-07-14,10.39,10.45,9.94,10.14,7.406808,317500
2011-07-15,10.26,10.46,9.97,10.08,7.36298,328500
2011-07-18,10.07,10.13,9.68,9.76,7.129236,383300
2011-07-19,9.82,10.38,9.82,10.28,7.509071,479900
2011-07-20,10.34,10.66,10.24,10.66,7.786643,375000
2011-07-21,10.74,11.22,10.57,11.06,8.078826,377900
2011-07-22,11.09,11.3,10.96,11.16,8.151869,205600
2011-07-25,11.05,11.14,10.67,10.76,7.85969,396700
2011-07-26,10.76,10.99,10.67,10.85,7.925429,238600
2011-07-27,10.51,10.64,10.05,10.14,7.406808,559200
2011-07-28,10.18,10.18,9.81,9.97,7.28263,437800
2011-07-29,9.82,10.05,9.64,9.91,7.238805,512500
2011-08-01,10.11,10.38,9.71,10.29,7.516376,570400
2011-08-02,10.17,10.34,9.7,9.72,7.100016,545700
2011-08-03,9.79,10.12,9.06,9.27,6.771315,1048600
2011-08-04,9.13,9.33,8.33,8.36,6.106598,1093300
2011-08-05,8.53,8.85,7.5,7.98,5.829027,666300
2011-08-08,7.61,7.86,7.03,7.2,5.259271,944000
2011-08-09,7.47,7.47,6.6,7.37,5.383449,1166800
2011-08-10,7.11,7.46,6.8,6.99,5.105875,666400
2011-08-11,7.06,7.49,6.9,7.4,5.405363,714400
2011-08-12,7.49,7.63,7.26,7.47,5.456494,495000
2011-08-15,7.59,7.88,7.43,7.84,5.726761,383600
2011-08-16,7.77,7.86,7.48,7.68,5.60989,400000
2011-08-17,7.74,8.28,7.69,8.21,5.997032,594800
2011-08-18,7.97,8.05,7.56,7.74,5.653717,1078200
2011-08-19,7.55,8.03,7.47,7.49,5.471103,773500
2011-08-22,7.78,8.03,7.2,7.23,5.281186,350400
2011-08-23,7.3,7.53,7.1,7.53,5.500321,675700
2011-08-24,7.49,7.75,7.32,7.53,5.500321,2673300
2011-08-25,7.65,7.76,7.3,7.37,5.383449,545900
2011-08-26,7.3,7.63,7.15,7.62,5.566063,379800
2011-08-29,7.78,8.22,7.63,8.2,5.989727,845900
2011-08-30,8.04,8.09,7.72,7.75,5.745097,1239800
2011-08-31,7.85,8.1,7.74,7.81,5.789575,482900
2011-09-01,7.83,8.09,7.29,7.36,5.455987,744600
2011-09-02,7.09,7.48,6.89,6.9,5.11499,934100
2011-09-06,6.67,6.95,6.61,6.93,5.137227,944600
2011-09-07,7.09,7.33,6.97,7.27,5.389271,645700
2011-09-08,7.2,7.2,6.91,7.0,5.189119,671500
2011-09-09,6.97,7.31,6.95,7.18,5.322554,1008600
2011-09-12,7.06,7.44,7.04,7.38,5.470814,889500
2011-09-13,7.45,7.85,7.45,7.7,5.708032,835600
2011-09-14,7.81,8.37,7.71,8.18,6.063857,754000
2011-09-15,8.3,8.3,8.03,8.13,6.026792,486200
2011-09-16,8.22,8.44,8.13,8.21,6.086095,440600
2011-09-19,8.06,8.21,7.81,8.08,5.989727,672900
2011-09-20,8.16,8.28,7.9,7.9,5.856292,356400
2011-09-21,7.95,8.17,7.6,7.61,5.641314,410400
2011-09-22,7.35,7.86,7.14,7.35,5.448575,594700
2011-09-23,7.39,7.72,7.16,7.62,5.648728,406800
2011-09-26,7.72,7.88,7.37,7.81,5.789575,410500
2011-09-27,8.02,8.15,7.61,7.71,5.715445,400300
2011-09-28,7.75,7.84,7.25,7.27,5.389271,332500
2011-09-29,7.49,7.55,7.07,7.51,5.567183,403200
2011-09-30,7.38,7.44,7.16,7.17,5.315142,382800
2011-10-03,7.08,7.38,6.87,6.95,5.152055,664400
2011-10-04,6.84,7.55,6.78,7.53,5.582009,531500
2011-10-05,7.58,7.98,7.26,7.93,5.878531,516300
2011-10-06,7.89,8.08,7.78,8.04,5.960075,352400
2011-10-07,8.08,8.1,7.76,7.88,5.841466,347200
2011-10-10,8.08,8.7,8.03,8.67,6.427094,374300
2011-10-11,8.54,8.71,8.42,8.59,6.367791,389500
2011-10-12,8.67,9.08,8.67,9.0,6.671726,366700
2011-10-13,9.0,9.03,8.75,8.94,6.627247,473600
2011-10-14,9.08,9.13,8.9,8.97,6.649487,532000
2011-10-17,8.86,8.86,8.5,8.53,6.323311,444000
2011-10-18,8.53,8.95,8.44,8.89,6.590179,460400
2011-10-19,8.86,9.01,8.66,8.74,6.478986,384400
2011-10-20,8.88,8.98,8.59,8.95,6.634659,466800
2011-10-21,9.16,9.18,8.81,9.1,6.745856,623400
2011-10-24,9.16,9.53,8.96,9.52,7.057205,501200
2011-10-25,9.45,9.54,9.13,9.17,6.797746,289600
2011-10-26,9.32,9.72,9.08,9.56,7.086854,580900
2011-10-27,9.98,9.98,9.45,9.64,7.146159,661600
2011-10-28,9.61,9.97,9.42,9.82,7.279589,468900
2011-10-31,9.66,9.84,9.56,9.58,7.10168,321200
2011-11-01,8.86,9.28,8.76,8.93,6.619836,668500
2011-11-02,9.49,10.68,9.3,10.65,7.894874,1566700
2011-11-03,10.86,10.86,9.82,10.03,7.435267,887100
2011-11-04,9.9,10.02,9.71,9.97,7.390789,413600
2011-11-07,10.0,10.1,9.7,9.99,7.405615,425800
2011-11-08,10.09,10.09,9.71,9.8,7.264768,469500
2011-11-09,9.5,9.61,9.28,9.29,6.886703,419200
2011-11-10,9.54,9.69,9.42,9.61,7.123918,390600
2011-11-11,9.79,9.97,9.68,9.7,7.190638,324300
2011-11-14,9.67,9.84,9.51,9.59,7.109093,245600
2011-11-15,9.53,9.73,9.39,9.72,7.205462,286200
2011-11-16,9.63,9.86,9.51,9.57,7.094267,357900
2011-11-17,9.59,10.04,9.56,9.68,7.175812,547300
2011-11-18,9.73,9.84,9.51,9.57,7.094267,210500
2011-11-21,9.4,9.4,9.1,9.21,6.827398,193500
2011-11-22,9.24,9.45,9.08,9.13,6.768095,236400
2011-11-23,9.07,9.16,8.8,8.89,6.590179,343800
2011-11-25,8.87,9.09,8.87,8.94,6.627247,176500
2011-11-28,9.36,9.88,9.27,9.43,6.990486,654400
2011-11-29,9.4,9.72,9.15,9.72,7.298335,1106400
2011-11-30,10.17,10.34,9.88,10.34,7.763869,737300
2011-12-01,10.36,10.63,10.16,10.36,7.778885,475300
2011-12-02,10.56,10.73,10.22,10.32,7.74885,449900
2011-12-05,10.56,10.7,10.36,10.67,8.011652,454400
2011-12-06,10.73,11.08,10.68,10.98,8.244417,421100
2011-12-07,10.92,11.04,10.47,11.01,8.266943,419900
2011-12-08,10.9,10.97,10.53,10.56,7.929055,594500
2011-12-09,10.66,11.11,10.51,11.07,8.311994,503100
2011-12-12,10.91,11.19,10.75,11.16,8.379568,317400
2011-12-13,11.25,11.35,10.55,10.57,7.936563,676200
2011-12-14,10.51,10.72,10.32,10.34,7.763869,314800
2011-12-15,10.57,10.73,10.37,10.55,7.921549,655900
2011-12-16,10.67,10.75,10.35,10.6,7.959092,546900
2011-12-19,10.75,10.89,10.36,10.52,7.899025,387300
2011-12-20,10.8,11.08,10.71,11.06,8.304488,540800
2011-12-21,11.0,11.44,10.83,11.39,8.552269,322700
2011-12-22,11.51,11.6,11.31,11.42,8.574797,302800
2011-12-23,11.49,11.58,11.34,11.5,8.634861,189900
2011-12-27,11.42,11.66,11.18,11.42,8.574797,242400
2011-12-28,11.49,11.49,11.16,11.16,8.379568,256300
2011-12-29,11.24,11.45,11.04,11.36,8.529742,330900
2011-12-30,11.4,11.51,11.29,11.33,8.507216,300500
2012-01-03,11.72,11.94,11.46,11.91,8.942717,721000
2012-01-04,11.85,12.23,11.57,12.2,9.160463,554300
2012-01-05,12.15,12.58,11.75,12.48,9.370705,672600
2012-01-06,12.5,12.78,12.39,12.51,9.393229,446900
2012-01-09,12.6,12.73,12.46,12.53,9.408245,241900
2012-01-10,12.75,12.93,12.35,12.46,9.355686,723800
2012-01-11,12.38,12.69,12.3,12.57,9.438279,317900
2012-01-12,12.63,12.85,12.52,12.74,9.565928,445400
2012-01-13,12.56,12.75,12.34,12.46,9.355686,324700
2012-01-17,12.57,12.74,12.45,12.64,9.49084,357100
2012-01-18,12.65,12.78,12.6,12.64,9.49084,288700
2012-01-19,12.74,13.0,12.6,12.93,9.708589,347900
2012-01-20,12.96,13.33,12.87,12.92,9.701083,366300
2012-01-23,12.97,13.13,12.64,12.74,9.565928,391700
2012-01-24,12.71,13.0,12.58,12.92,9.701083,266700
2012-01-25,12.97,13.17,12.69,12.88,9.671048,737900
2012-01-26,12.99,13.19,12.77,12.78,9.595963,343300
2012-01-27,12.77,13.02,12.77,12.95,9.723609,199400
2012-01-30,12.88,13.0,12.37,12.47,9.363196,281200
2012-01-31,12.6,12.68,12.27,12.28,9.22053,388000
2012-02-01,12.46,12.87,12.46,12.83,9.633505,516300
2012-02-02,12.91,12.92,12.37,12.41,9.318146,392700
2012-02-03,12.7,12.9,12.63,12.77,9.588454,419500
2012-02-06,12.64,12.73,12.46,12.49,9.378214,258200
2012-02-07,12.43,12.59,12.31,12.44,9.34067,313100
2012-02-08,12.29,12.48,12.0,12.15,9.122919,538500
2012-02-09,12.24,12.47,12.06,12.17,9.137939,426400
2012-02-10,12.09,12.3,12.0,12.26,9.205518,386200
2012-02-13,12.31,12.65,12.11,12.18,9.145446,508200
2012-02-14,12.11,12.34,11.79,12.03,9.032817,254800
2012-02-15,12.14,12.18,11.72,11.76,8.830087,353800
2012-02-16,11.82,12.0,11.53,11.56,8.679915,562800
2012-02-17,11.64,11.91,11.64,11.7,8.785035,505700
2012-02-21,11.7,11.72,11.43,11.69,8.777525,806600
2012-02-22,11.72,11.93,11.61,11.7,8.785035,350600
2012-02-23,11.73,12.09,11.55,12.04,9.040327,286200
2012-02-24,12.1,12.31,11.92,11.98,8.995274,277300
2012-02-27,11.96,12.0,11.51,11.8,8.86012,542600
2012-02-28,11.72,11.95,11.63,11.76,8.920808,420400
2012-02-29,11.83,11.85,11.4,11.42,8.662891,538100
2012-03-01,11.56,11.66,11.15,11.16,8.465663,791400
2012-03-02,11.18,11.51,11.16,11.5,8.723578,725600
2012-03-05,11.4,11.55,11.3,11.39,8.640137,509900
2012-03-06,11.25,11.34,11.01,11.23,8.518764,466200
2012-03-07,11.31,11.5,11.23,11.33,8.594621,235900
2012-03-08,11.46,11.54,11.25,11.37,8.624964,393700
2012-03-09,11.41,11.71,11.21,11.68,8.860119,507500
2012-03-12,11.71,11.71,11.4,11.49,8.715991,313200
2012-03-13,11.6,11.89,11.47,11.81,8.958736,434900
2012-03-14,11.84,11.99,11.64,11.75,8.913218,278600
2012-03-15,11.73,11.95,11.61,11.85,8.989079,279900
2012-03-16,11.88,11.97,11.61,11.66,8.844948,453700
2012-03-19,11.61,11.82,11.44,11.48,8.708407,419300
2012-03-20,11.41,11.53,11.25,11.3,8.571863,453000
2012-03-21,11.4,11.44,11.16,11.33,8.594621,426800
2012-03-22,11.27,11.38,11.19,11.22,8.511177,297300
2012-03-23,11.28,11.7,11.23,11.68,8.860119,357700
2012-03-26,11.84,11.95,11.65,11.89,9.019422,405000
2012-03-27,11.93,11.99,11.57,11.58,8.784263,373400
2012-03-28,11.58,11.58,11.09,11.28,8.556692,396200
2012-03-29,11.23,11.28,11.02,11.28,8.556692,308900
2012-03-30,11.39,11.5,11.06,11.06,8.389808,350800
2012-04-02,11.07,11.37,11.03,11.33,8.594621,316300
2012-04-03,11.38,11.5,10.98,11.06,8.389808,302500
2012-04-04,10.97,10.97,10.63,10.7,8.11672,459800
2012-04-05,10.63,10.81,10.59,10.8,8.192578,303900
2012-04-09,10.59,10.75,10.42,10.43,7.911906,398300
2012-04-10,10.44,10.48,9.84,10.0,7.585721,828500
2012-04-11,10.14,10.2,9.87,10.01,7.593306,335100
2012-04-12,9.99,10.09,9.85,10.02,7.600892,408300
2012-04-13,10.01,10.13,9.81,9.88,7.494691,180900
2012-04-16,9.97,9.97,9.68,9.73,7.380903,182000
2012-04-17,9.84,9.91,9.7,9.84,7.464348,496600
2012-04-18,9.75,9.84,9.6,9.73,7.380903,360100
2012-04-19,9.77,9.78,9.43,9.56,7.251948,270400
2012-04-20,9.67,9.67,9.35,9.5,7.206434,453500
2012-04-23,9.36,9.46,9.23,9.31,7.062305,302300
2012-04-24,9.34,9.55,9.21,9.48,7.191262,270500
2012-04-25,9.65,10.1,9.5,10.05,7.623647,420600
2012-04-26,10.04,10.27,9.77,10.03,7.608477,308400
2012-04-27,10.11,10.47,10.08,10.4,7.889148,577900
2012-04-30,10.37,10.51,10.15,10.28,7.79812,414700
2012-05-01,10.35,10.58,10.24,10.32,7.828461,455300
2012-05-02,10.55,10.74,10.23,10.62,8.056034,475300
2012-05-03,10.59,10.68,10.17,10.24,7.767777,599200
2012-05-04,10.21,10.21,9.85,9.86,7.479522,339000
2012-05-07,9.79,9.89,9.65,9.69,7.350563,666100
2012-05-08,9.66,10.01,9.46,9.98,7.570547,1067600
2012-05-09,9.87,10.01,9.82,9.87,7.487106,425700
2012-05-10,10.0,10.0,9.72,9.78,7.418833,450000
2012-05-11,9.72,9.81,9.53,9.59,7.274706,325200
2012-05-14,9.5,9.64,9.29,9.3,7.05472,558200
2012-05-15,9.26,9.73,9.1,9.13,6.925763,752700
2012-05-16,9.21,9.26,8.65,8.69,6.59199,690800
2012-05-17,8.73,8.83,8.1,8.17,6.197533,783400
2012-05-18,8.2,8.52,8.14,8.31,6.303734,918900
2012-05-21,8.38,8.75,8.32,8.63,6.546477,612900
2012-05-22,8.67,8.85,8.5,8.61,6.531302,693200
2012-05-23,8.55,8.7,8.29,8.5,6.447863,827000
2012-05-24,8.54,8.59,8.3,8.48,6.432692,454400
2012-05-25,8.5,8.55,8.4,8.47,6.425105,377900
2012-05-29,8.47,8.51,8.24,8.41,6.379591,642500
2012-05-30,8.26,8.37,8.03,8.11,6.24107,1432100
2012-05-31,8.16,8.18,8.0,8.14,6.264157,681700
2012-06-01,8.04,8.2,7.99,8.1,6.233377,695200
2012-06-04,8.17,8.29,8.0,8.12,6.248766,813300
2012-06-05,8.08,8.25,8.0,8.24,6.341112,571100
2012-06-06,8.33,8.4,8.14,8.16,6.279548,517500
2012-06-07,8.31,8.38,8.0,8.02,6.171812,336200
2012-06-08,8.1,8.12,7.88,8.03,6.179506,427500
2012-06-11,8.16,8.18,7.92,7.92,6.094855,424400
2012-06-12,7.98,8.12,7.82,8.1,6.233377,390100
2012-06-13,8.12,8.16,7.87,7.92,6.094855,403100
2012-06-14,7.95,8.3,7.93,8.27,6.3642,483800
2012-06-15,8.25,8.39,8.11,8.35,6.425765,481500
2012-06-18,8.35,8.38,8.14,8.25,6.348809,374600
2012-06-19,8.32,8.43,8.2,8.37,6.441155,299800
2012-06-20,8.41,8.54,8.24,8.5,6.541196,229700
2012-06-21,8.54,8.57,8.3,8.41,6.471938,415800
2012-06-22,8.52,8.6,8.43,8.58,6.602762,297600
2012-06-25,8.5,8.51,8.26,8.35,6.425765,216700
2012-06-26,8.39,8.73,8.29,8.7,6.695107,357900
2012-06-27,8.7,8.8,8.6,8.74,6.725888,554200
2012-06-28,8.63,8.82,8.4,8.64,6.648934,351300
2012-06-29,8.86,9.08,8.77,9.06,6.972148,379500
2012-07-02,9.05,9.44,8.96,9.41,7.241487,663900
2012-07-03,9.46,10.09,9.39,10.07,7.749396,576700
2012-07-05,10.0,10.01,9.72,9.88,7.603179,751700
2012-07-06,9.8,9.97,9.75,9.93,7.641656,661600
2012-07-09,9.89,10.02,9.37,9.83,7.564701,701100
2012-07-10,9.94,10.09,9.58,9.71,7.472356,614700
2012-07-11,9.6,9.77,9.52,9.61,7.395401,363000
2012-07-12,9.56,9.57,9.18,9.51,7.318445,452600
2012-07-13,9.55,9.94,9.53,9.81,7.549312,369400
2012-07-16,9.81,9.95,9.71,9.91,7.626267,265400
2012-07-17,10.02,10.23,9.82,10.09,7.764784,436100
2012-07-18,10.21,10.43,9.63,9.85,7.580092,501600
2012-07-19,9.77,10.03,9.38,9.79,7.533919,844200
2012-07-20,9.76,10.08,9.76,9.81,7.549312,335000
2012-07-23,9.63,9.63,9.25,9.55,7.349228,306400
2012-07-24,9.61,9.61,9.3,9.41,7.241487,264300
2012-07-25,9.52,9.75,9.41,9.72,7.480052,425700
2012-07-26,9.86,9.92,9.67,9.78,7.526223,373200
2012-07-27,9.87,10.27,9.75,10.12,7.787873,511500
2012-07-30,10.19,10.27,10.03,10.17,7.82635,420300
2012-07-31,10.17,10.64,10.08,10.2,7.849437,724600
2012-08-01,10.71,11.88,10.71,11.51,8.857549,1951300
2012-08-02,11.43,11.61,11.15,11.23,8.642073,620700
2012-08-03,11.51,11.76,11.3,11.67,8.980679,369900
2012-08-06,11.76,11.95,11.63,11.71,9.01146,444900
2012-08-07,11.79,11.97,11.66,11.91,9.165371,555700
2012-08-08,11.82,12.0,11.67,11.81,9.088416,401900
2012-08-09,11.67,11.71,11.25,11.35,8.734421,752700
2012-08-10,11.37,11.64,11.28,11.53,8.872941,368900
2012-08-13,11.54,11.64,11.32,11.5,8.849854,284800
2012-08-14,11.31,11.59,11.13,11.19,8.611293,604900
2012-08-15,11.29,11.44,11.14,11.39,8.765203,516200
2012-08-16,11.43,11.74,11.24,11.26,8.665164,555900
2012-08-17,11.25,11.75,11.25,11.59,8.919114,390600
2012-08-20,11.64,11.8,11.64,11.71,9.01146,441900
2012-08-21,11.73,12.09,11.7,12.02,9.250021,457000
2012-08-22,11.95,12.09,11.79,11.82,9.09611,363900
2012-08-23,11.85,11.85,11.52,11.61,8.934505,359200
2012-08-24,11.53,11.88,11.4,11.69,8.996069,297400
2012-08-27,11.73,11.9,11.65,11.82,9.09611,429200
2012-08-28,11.8,11.89,11.57,11.78,9.065328,612100
2012-08-29,11.63,11.81,11.49,11.61,9.049739,409500
2012-08-30,11.46,11.62,11.38,11.56,9.010765,370000
2012-08-31,11.61,11.76,11.37,11.56,9.010765,388600
2012-09-04,11.53,11.78,11.4,11.67,9.09651,365900
2012-09-05,11.69,11.9,11.61,11.76,9.166663,850100
2012-09-06,11.81,12.17,11.75,12.0,9.353734,603400
2012-09-07,12.09,12.44,12.05,12.41,9.673323,365300
2012-09-10,12.3,12.37,12.11,12.15,9.470657,517600
2012-09-11,12.2,12.31,12.02,12.21,9.517425,255900
2012-09-12,12.25,12.34,11.93,12.02,9.369325,265700
2012-09-13,12.06,12.41,11.98,12.4,9.665528,510600
2012-09-14,12.35,12.53,11.95,12.45,9.704504,341400
2012-09-17,12.33,12.41,12.02,12.2,9.509631,261600
2012-09-18,12.14,12.34,12.02,12.07,9.4083,232500
2012-09-19,12.17,12.35,12.01,12.34,9.618761,215100
2012-09-20,12.22,12.42,12.1,12.24,9.540811,201600
2012-09-21,12.42,12.57,12.21,12.54,9.774654,388800
2012-09-24,12.46,12.76,12.28,12.56,9.790246,437400
2012-09-25,12.63,12.7,11.85,11.87,9.252404,647700
2012-09-26,11.96,11.96,11.43,11.48,8.94841,446400
2012-09-27,11.56,11.72,11.45,11.56,9.010765,359400
2012-09-28,11.48,11.66,11.21,11.21,8.737949,534800
2012-10-01,11.34,11.7,11.34,11.66,9.088715,543400
2012-10-02,11.48,11.7,11.3,11.35,8.847075,596700
2012-10-03,11.4,11.65,11.32,11.55,9.00297,370500
2012-10-04,11.6,11.65,11.4,11.64,9.073127,215300
2012-10-05,11.65,11.87,11.5,11.67,9.09651,328100
2012-10-08,11.54,11.65,11.34,11.41,8.893844,255400
2012-10-09,11.44,11.48,11.25,11.46,8.932818,494000
2012-10-10,11.49,11.68,11.49,11.68,9.104301,423300
2012-10-11,11.79,12.17,11.69,12.16,9.478452,714000
2012-10-12,12.19,12.24,11.96,12.17,9.486248,315000
2012-10-15,12.23,12.23,12.02,12.18,9.49404,150800
2012-10-16,12.22,12.39,12.18,12.23,9.533016,199700
2012-10-17,12.23,12.92,12.19,12.92,10.070856,478300
2012-10-18,12.93,12.95,12.69,12.75,9.938345,803600
2012-10-19,12.7,12.97,12.2,12.5,9.743475,433800
2012-10-22,12.43,12.57,12.25,12.41,9.673323,234900
2012-10-23,12.39,12.45,12.13,12.15,9.470657,585700
2012-10-24,12.18,12.24,12.06,12.13,9.455069,378600
2012-10-25,12.25,12.3,11.63,11.72,9.135483,425700
2012-10-26,11.69,12.25,11.66,12.22,9.525221,375600
2012-10-31,12.34,12.73,11.98,12.6,9.821424,491200
2012-11-01,12.67,13.4,12.26,12.27,9.564195,919600
2012-11-02,12.36,12.75,12.3,12.43,9.688911,798000
2012-11-05,12.62,12.73,12.38,12.46,9.712296,526000
2012-11-06,12.5,12.89,12.47,12.56,9.790246,499300
2012-11-07,12.43,12.53,12.0,12.11,9.439475,757400
2012-11-08,12.08,12.35,12.08,12.15,9.470657,471900
2012-11-09,12.01,12.38,11.83,12.24,9.540811,373400
2012-11-12,12.25,12.25,11.8,11.84,9.22902,309800
2012-11-13,11.75,11.9,11.5,11.56,9.010765,422400
2012-11-14,11.67,11.92,11.08,11.2,8.730152,768900
2012-11-15,11.2,11.25,10.81,10.93,8.519695,593700
2012-11-16,10.89,11.13,10.59,11.07,8.62882,686200
2012-11-19,11.2,11.36,11.0,11.27,8.784719,703200
2012-11-20,11.23,11.61,11.2,11.39,8.878258,312200
2012-11-21,11.42,11.67,11.3,11.42,8.901642,317100
2012-11-23,11.56,11.71,11.51,11.66,9.088715,131900
2012-11-26,11.66,11.73,11.5,11.6,9.041945,271500
2012-11-27,11.6,11.79,11.54,11.56,9.010765,453100
2012-11-28,10.33,10.85,10.01,10.81,9.224089,976500
2012-11-29,10.93,11.28,10.79,11.18,9.539807,551800
2012-11-30,11.21,11.21,10.89,11.03,9.411813,384700
2012-12-03,11.12,11.19,10.75,10.79,9.207023,497400
2012-12-04,10.83,11.02,10.71,11.0,9.386215,458200
2012-12-05,11.05,11.15,10.77,10.82,9.232621,360400
2012-12-06,10.83,10.86,10.23,10.39,8.865706,955300
2012-12-07,10.4,10.62,10.3,10.6,9.044896,1180300
2012-12-10,10.59,11.31,10.43,11.05,9.428877,1440800
2012-12-11,11.15,11.2,10.88,11.2,9.556872,418000
2012-12-12,11.35,11.36,11.18,11.18,9.539807,377900
2012-12-13,11.16,11.22,10.95,11.09,9.463012,310000
2012-12-14,11.1,11.33,10.93,11.04,9.420344,405500
2012-12-17,11.12,11.53,11.08,11.47,9.787262,680800
2012-12-18,11.46,11.63,11.32,11.61,9.906723,459200
2012-12-19,11.64,12.46,11.56,12.4,10.580824,1380700
2012-12-20,12.43,12.6,12.26,12.54,10.700283,778000
2012-12-21,12.38,12.84,12.25,12.64,10.785614,1023000
2012-12-24,12.68,12.71,12.35,12.54,10.700283,185800
2012-12-26,12.5,12.64,12.39,12.54,10.700283,334600
2012-12-27,12.52,12.6,12.34,12.52,10.683219,377500
2012-12-28,12.42,12.53,12.2,12.41,10.589356,493200
2012-12-31,12.39,12.65,12.3,12.62,10.768548,533600
2013-01-02,12.91,13.38,12.84,13.25,11.306119,809200
2013-01-03,13.27,13.78,13.21,13.54,11.553577,859300
2013-01-04,13.63,13.63,13.22,13.46,11.485313,846800
2013-01-07,13.36,13.5,12.81,12.88,10.990404,666100
2013-01-08,12.85,13.15,12.84,13.12,11.195195,722300
2013-01-09,13.23,13.28,12.95,13.04,11.126931,645300
2013-01-10,13.2,13.3,12.95,13.09,11.169595,460500
2013-01-11,13.11,13.17,12.85,12.95,11.050135,311300
2013-01-14,12.99,13.09,12.85,12.92,11.024537,519600
2013-01-15,12.83,12.95,12.66,12.92,11.024537,625500
2013-01-16,12.9,13.0,12.74,12.82,10.939206,424100
2013-01-17,12.91,13.06,12.76,13.0,11.092799,343600
2013-01-18,13.05,13.25,12.93,13.12,11.195195,320000
2013-01-22,13.18,13.27,12.92,12.97,11.067202,322800
2013-01-23,13.0,13.3,12.92,13.28,11.331719,403800
2013-01-24,13.34,13.48,13.23,13.47,11.493847,380900
2013-01-25,13.5,14.0,13.42,13.81,11.783967,579400
2013-01-28,13.88,14.17,13.62,14.1,12.031423,871200
2013-01-29,14.08,14.08,13.7,13.75,11.732766,462300
2013-01-30,13.63,13.74,13.56,13.65,11.647438,456900
2013-01-31,13.59,13.79,13.51,13.78,11.758367,477400
2013-02-01,13.91,14.1,13.78,13.97,11.920493,575300
2013-02-04,13.9,14.07,13.64,13.72,11.70717,697500
2013-02-05,13.84,14.35,13.78,14.21,12.125282,619000
2013-02-06,14.9,15.47,14.25,14.49,12.364205,1099900
2013-02-07,14.52,14.52,13.63,14.21,12.125282,918700
2013-02-08,14.28,14.33,14.06,14.12,12.048486,432300
2013-02-11,14.15,14.53,14.0,14.27,12.176482,323100
2013-02-12,14.31,14.31,14.06,14.29,12.193545,305100
2013-02-13,14.27,14.27,14.12,14.22,12.133816,293600
2013-02-14,14.27,14.56,14.12,14.55,12.415401,347000
2013-02-15,14.63,14.74,14.5,14.62,12.475128,372200
2013-02-19,14.59,14.63,14.3,14.57,12.432465,1028800
2013-02-20,14.56,14.77,14.18,14.19,12.108216,405000
2013-02-21,14.15,14.3,13.79,13.82,11.792497,501000
2013-02-22,13.83,14.27,13.81,14.21,12.125282,688400
2013-02-25,14.49,14.5,13.8,13.85,11.818098,658200
2013-02-26,13.96,14.31,13.88,14.15,12.074084,1512400
2013-02-27,13.95,14.5,13.92,14.39,12.410436,470700
2013-02-28,14.41,14.48,14.08,14.08,12.143081,545000
2013-03-01,14.6,15.98,14.5,15.86,13.678213,3555100
2013-03-04,15.86,17.629999,15.55,17.0,14.66139,2844800
2013-03-05,17.07,18.110001,16.790001,17.93,15.463452,2233200
2013-03-06,17.969999,18.200001,17.51,17.85,15.394458,1456700
2013-03-07,18.02,18.120001,17.75,17.879999,15.420331,863400
2013-03-08,18.040001,18.32,18.01,18.25,15.739433,945600
2013-03-11,18.16,18.32,17.99,18.02,15.541072,1140000
2013-03-12,18.0,18.219999,17.42,17.67,15.239218,919900
2013-03-13,17.700001,17.9,17.360001,17.67,15.239218,689400
2013-03-14,17.66,17.940001,17.389999,17.92,15.454831,444300
2013-03-15,17.879999,17.879999,17.389999,17.790001,15.34271,598000
2013-03-18,17.469999,17.83,17.25,17.68,15.247847,609400
2013-03-19,17.75,17.950001,17.459999,17.639999,15.213346,449200
2013-03-20,17.73,17.84,17.57,17.790001,15.34271,504500
2013-03-21,17.57,17.92,17.459999,17.809999,15.359958,446200
2013-03-22,17.82,18.27,17.719999,18.17,15.670432,830000
2013-03-25,18.24,19.26,18.24,19.18,16.541496,1858000
2013-03-26,19.25,19.51,19.02,19.209999,16.567366,857800
2013-03-27,19.0,19.85,18.77,19.719999,17.007214,1172100
2013-03-28,19.75,20.709999,19.450001,20.290001,17.498796,1715600
2013-04-01,20.450001,20.66,19.01,19.610001,16.912344,2918500
2013-04-02,19.690001,20.41,19.629999,20.25,17.464304,1920600
2013-04-03,20.209999,20.389999,19.709999,19.790001,17.067575,1350400
2013-04-04,19.719999,20.190001,19.68,19.99,17.240068,982100
2013-04-05,19.59,20.51,19.0,20.440001,17.628164,997900
2013-04-08,20.549999,21.16,20.440001,21.030001,18.136999,1413800
2013-04-09,20.790001,21.0,20.379999,20.41,17.602291,1157000
2013-04-10,20.540001,22.08,20.42,21.83,18.826946,1857200
2013-04-11,21.83,24.059999,21.83,23.690001,20.431072,3375200
2013-04-12,23.0,27.84,22.9,27.6,23.803194,7153700
2013-04-15,27.120001,27.59,25.08,25.41,21.914465,3897700
2013-04-16,25.129999,27.280001,24.709999,26.389999,22.759651,2572100
2013-04-17,26.09,26.26,25.559999,25.889999,22.328426,1213300
2013-04-18,25.98,26.110001,24.959999,25.09,21.638487,1026200
2013-04-19,25.08,25.799999,24.73,25.75,22.207691,1021100
2013-04-22,25.91,26.58,25.559999,26.25,22.638912,903600
2013-04-23,26.5,26.76,26.290001,26.700001,23.02701,988200
2013-04-24,26.6,27.49,26.6,26.889999,23.190866,1321100
2013-04-25,27.059999,28.530001,27.059999,27.440001,23.665205,1372700
2013-04-26,27.52,27.73,26.66,27.49,23.708326,905200
2013-04-29,25.889999,26.879999,24.549999,26.690001,23.018385,2682300
2013-04-30,26.719999,27.34,26.23,26.799999,23.113247,1145400
2013-05-01,26.43,28.059999,26.43,27.57,23.777321,2274100
2013-05-02,27.389999,27.5,26.93,27.18,23.440968,8892700
2013-05-03,27.25,27.5,26.99,27.18,23.440968,2384900
2013-05-06,27.26,27.32,27.059999,27.200001,23.458223,1496000
2013-05-07,27.18,27.34,26.99,27.190001,23.449606,1433000
2013-05-08,27.1,27.299999,26.99,27.110001,23.380606,1423400
2013-05-09,27.0,28.33,27.0,28.15,24.277533,3363000
2013-05-10,28.370001,29.5,27.719999,28.25,24.363777,2506800
2013-05-13,27.85,28.48,27.040001,28.01,24.156794,1761300
2013-05-14,28.030001,28.639999,27.59,27.65,23.84631,1619300
2013-05-15,27.360001,27.9,27.120001,27.35,23.587587,1612400
2013-05-16,27.190001,27.58,26.440001,26.549999,22.89764,1523300
2013-05-17,26.620001,26.870001,25.950001,26.75,23.070129,1695700
2013-05-20,26.57,26.82,25.959999,26.15,22.552664,1310200
2013-05-21,26.1,26.66,25.629999,26.549999,22.89764,1325900
2013-05-22,26.41,27.200001,26.049999,26.35,22.725151,1171500
2013-05-23,25.82,26.91,25.59,26.67,23.001131,1203300
2013-05-24,26.280001,26.540001,26.040001,26.530001,22.880392,662700
2013-05-28,26.85,27.530001,26.67,27.389999,23.622087,1219200
2013-05-29,26.809999,27.4,26.219999,27.16,23.552706,1181500
2013-05-30,27.190001,27.450001,26.82,27.389999,23.752165,845900
2013-05-31,27.120001,27.35,26.879999,27.030001,23.439976,2863500
2013-06-03,27.040001,27.07,25.389999,26.0,22.546778,1998900
2013-06-04,25.969999,26.639999,25.41,25.549999,22.156548,2174300
2013-06-05,25.549999,25.84,23.92,24.030001,20.838423,2561500
2013-06-06,23.879999,24.719999,23.879999,24.68,21.402094,2200900
2013-06-07,24.549999,25.530001,24.440001,25.389999,22.017792,951100
2013-06-10,25.389999,26.389999,24.709999,24.93,21.618885,1385000
2013-06-11,24.469999,25.190001,23.950001,25.030001,21.705606,1364600
2013-06-12,25.190001,25.34,24.040001,24.09,20.890455,830700
2013-06-13,25.120001,27.379999,25.07,27.15,23.544037,2948000
2013-06-14,27.059999,27.51,26.719999,27.4,23.760824,1037600
2013-06-17,27.709999,29.030001,27.549999,28.450001,24.671383,1819200
2013-06-18,28.42,29.280001,28.25,28.57,24.775438,2264800
2013-06-19,28.360001,29.559999,28.360001,29.200001,25.32177,1596200
2013-06-20,28.59,29.67,27.889999,27.93,24.220438,2230400
2013-06-21,28.110001,28.6,27.23,28.43,24.654032,2193100
2013-06-24,27.98,28.139999,27.01,27.709999,24.029661,1320500
2013-06-25,28.030001,28.74,27.75,28.629999,24.827473,1094500
2013-06-26,28.870001,30.389999,28.790001,29.940001,25.963478,1648300
2013-06-27,30.030001,30.360001,29.42,29.530001,25.607933,1035100
2013-06-28,29.35,29.709999,29.120001,29.370001,25.469187,3002400
2013-07-01,29.870001,29.870001,28.68,29.290001,25.399811,2011000
2013-07-02,29.18,29.98,29.1,29.34,25.443171,1015300
2013-07-03,29.08,29.75,29.040001,29.469999,25.555904,388100
2013-07-05,30.08,30.08,29.190001,29.59,25.659969,731100
2013-07-08,29.75,31.639999,29.75,31.450001,27.272928,1415000
2013-07-09,31.549999,31.99,31.0,31.83,27.602457,1270700
2013-07-10,31.709999,31.93,30.4,31.129999,26.99543,1296500
2013-07-11,31.52,31.65,30.43,30.66,26.587854,1249500
2013-07-12,30.530001,31.639999,30.43,31.24,27.09082,905700
2013-07-15,31.360001,31.58,31.08,31.299999,27.142851,658700
2013-07-16,31.16,31.35,30.02,30.16,26.154261,1047200
2013-07-17,29.860001,30.5,29.860001,30.4,26.362381,644100
2013-07-18,30.34,30.85,30.23,30.629999,26.561836,683600
2013-07-19,30.620001,30.83,29.360001,29.75,25.798716,1252600
2013-07-22,29.540001,30.07,28.940001,29.1,25.235046,771300
2013-07-23,29.15,29.530001,28.299999,28.51,24.723408,1197900
2013-07-24,28.59,28.959999,28.09,28.950001,25.104971,1319300
2013-07-25,28.77,29.93,28.77,29.75,25.798716,972100
2013-07-26,29.42,30.25,29.370001,29.809999,25.850744,752700
2013-07-29,31.450001,31.5,29.75,30.1,26.10223,2290200
2013-07-30,30.129999,30.51,28.559999,28.57,24.775438,2272600
2013-07-31,28.620001,29.309999,28.190001,28.209999,24.463253,1429900
2013-08-01,28.379999,28.950001,27.790001,27.809999,24.116379,1494100
2013-08-02,27.48,28.110001,27.190001,28.059999,24.333176,1617200
2013-08-05,27.9,28.52,27.85,28.16,24.419895,1212800
2013-08-06,27.98,28.01,27.1,27.469999,23.821541,2815000
2013-08-07,27.6,28.120001,26.129999,26.58,23.049744,2749600
2013-08-08,26.27,27.200001,24.9,25.99,22.538101,5369800
2013-08-09,25.790001,26.549999,25.23,25.5,22.113182,2136500
2013-08-12,25.07,25.58,24.799999,24.860001,21.558187,1861300
2013-08-13,24.9,25.440001,24.629999,24.799999,21.506161,1677400
2013-08-14,24.719999,24.719999,23.280001,24.040001,20.847095,5206200
2013-08-15,23.66,24.25,23.42,24.17,20.959835,2583700
2013-08-16,24.049999,24.67,24.01,24.280001,21.05522,1793500
2013-08-19,24.049999,24.82,24.0,24.18,20.968496,1659400
2013-08-20,24.129999,24.92,24.049999,24.91,21.601551,995300
2013-08-21,24.58,25.030001,24.469999,24.700001,21.419439,1160000
2013-08-22,24.74,25.4,24.57,25.389999,22.017792,652300
2013-08-23,25.360001,26.0,25.01,25.959999,22.512087,1538700
2013-08-26,25.959999,26.219999,25.18,25.26,21.905062,923700
2013-08-27,24.75,25.26,24.5,24.889999,21.584204,1078900
2013-08-28,24.59,24.59,23.950001,24.01,20.947319,1454100
2013-08-29,23.860001,24.85,23.85,24.530001,21.400991,1001900
2013-08-30,24.469999,24.540001,23.85,23.92,20.868801,1062800
2013-09-03,24.379999,25.129999,24.110001,24.450001,21.331194,1765700
2013-09-04,24.57,25.959999,24.459999,25.940001,22.631136,1518900
2013-09-05,26.09,26.870001,25.77,25.950001,22.639853,1773400
2013-09-06,25.99,26.4,25.379999,26.299999,22.94521,1494400
2013-09-09,26.389999,27.01,26.389999,26.99,23.547195,1191900
2013-09-10,27.309999,29.200001,27.139999,28.41,24.786066,3310500
2013-09-11,28.299999,28.799999,28.15,28.74,25.073969,1111400
2013-09-12,28.67,29.01,28.440001,28.629999,24.977999,875400
2013-09-13,28.620001,29.200001,28.559999,29.18,25.457842,1506400
2013-09-16,29.33,29.41,28.6,28.6,24.951832,840400
2013-09-17,28.549999,29.73,28.16,29.719999,25.928961,1068600
2013-09-18,29.620001,30.0,29.01,29.4,25.64978,1514800
2013-09-19,29.49,29.709999,28.85,29.42,25.667229,922300
2013-09-20,29.52,29.99,28.959999,29.23,25.501463,1830900
2013-09-23,30.76,30.99,29.450001,30.610001,26.705433,3972300
2013-09-24,30.6,31.9,30.6,31.52,27.499359,2138300
2013-09-25,31.5,32.650002,30.950001,31.719999,27.673847,2484100
2013-09-26,31.73,34.5,31.73,33.349998,29.095921,3443800
2013-09-27,33.240002,34.290001,33.110001,34.040001,29.697916,2454900
2013-09-30,33.23,33.990002,33.07,33.52,29.244242,1641700
2013-10-01,33.540001,34.91,33.209999,33.889999,29.567043,2328100
2013-10-02,33.490002,34.150002,33.290001,33.84,29.523422,1070300
2013-10-03,33.82,34.509998,33.240002,33.849998,29.532143,1296000
2013-10-04,33.77,35.0,33.639999,34.740002,30.308615,1330300
2013-10-07,34.259998,34.900002,33.529999,34.360001,29.977087,1279300
2013-10-08,34.400002,34.799999,32.349998,32.549999,28.39797,2054000
2013-10-09,32.779999,32.82,31.610001,32.389999,28.258379,1725300
2013-10-10,32.939999,33.900002,32.740002,33.040001,28.825466,1455500
2013-10-11,33.919998,34.84,33.610001,34.68,30.256268,2180900
2013-10-14,34.41,34.619999,33.400002,34.59,30.177752,1356400
2013-10-15,34.540001,34.950001,33.91,34.290001,29.916019,826100
2013-10-16,34.5,35.25,34.09,34.490002,30.090509,725100
2013-10-17,34.299999,34.639999,34.139999,34.400002,30.011988,793600
2013-10-18,34.639999,35.970001,34.27,35.330002,30.823359,1754400
2013-10-21,34.93,35.529999,34.369999,35.310001,30.805912,2146200
2013-10-22,35.43,36.169998,34.740002,34.950001,30.491833,952500
2013-10-23,34.639999,34.900002,33.91,34.490002,30.090509,762800
2013-10-24,34.919998,35.869999,34.540001,35.48,30.954222,1315400
2013-10-25,35.66,35.810001,34.299999,34.57,30.160303,1325600
2013-10-28,34.43,34.810001,32.009998,32.810001,28.624811,2800700
2013-10-29,32.73,33.18,32.299999,32.93,28.729496,1088600
2013-10-30,32.849998,32.939999,31.719999,31.959999,27.88323,1518600
2013-10-31,31.879999,32.66,31.58,32.049999,27.961748,1462900
2013-11-01,32.029999,32.490002,31.870001,32.299999,28.179857,1463300
2013-11-04,32.43,33.380001,32.169998,33.290001,29.043577,1511900
2013-11-05,33.080002,34.0,32.700001,33.849998,29.532143,1478900
2013-11-06,34.75,36.57,33.52,34.169998,29.811325,2096700
2013-11-07,33.93,34.099998,30.91,31.860001,27.795988,4394100
2013-11-08,31.74,34.709999,31.68,33.970001,29.636837,3159100
2013-11-11,33.880001,34.759998,33.52,34.25,29.881121,1237200
2013-11-12,34.029999,34.380001,33.0,33.560001,29.279137,1315400
2013-11-13,33.279999,34.330002,33.080002,34.18,29.820053,1223600
2013-11-14,34.060001,34.23,33.549999,33.970001,29.636837,1000700
2013-11-15,33.849998,33.919998,32.880001,33.599998,29.314035,1705000
2013-11-18,33.799999,33.869999,32.32,32.529999,28.380522,1219400
2013-11-19,32.439999,32.75,31.18,31.68,27.638947,1661900
2013-11-20,31.620001,32.209999,31.25,31.469999,27.45573,2027400
2013-11-21,31.75,32.0,31.139999,31.35,27.351042,1728900
2013-11-22,31.309999,32.790001,31.309999,32.509998,28.363073,1598300
2013-11-25,32.48,32.66,31.76,32.119999,28.022823,1036800
2013-11-26,31.870001,32.959999,31.49,32.720001,28.68022,1305900
2013-11-27,32.799999,32.959999,32.040001,32.619999,28.592569,841000
2013-11-29,32.709999,33.310001,32.369999,32.82,28.767874,473300
2013-12-02,32.82,33.66,32.66,33.419998,29.293797,2111000
2013-12-03,33.07,33.299999,32.299999,32.950001,28.881824,1228600
2013-12-04,32.639999,33.720001,32.619999,33.610001,29.460333,935800
2013-12-05,33.52,33.93,33.240002,33.52,29.381451,964200
2013-12-06,33.93,33.990002,32.900002,33.5,29.36392,1158100
2013-12-09,33.400002,33.650002,32.57,33.18,29.083427,1321700
2013-12-10,32.98,33.880001,32.75,33.669998,29.512932,991700
2013-12-11,33.650002,33.970001,32.73,32.919998,28.855526,772100
2013-12-12,32.84,34.009998,32.639999,33.939999,29.74959,1208300
2013-12-13,34.139999,34.799999,33.700001,33.77,29.600584,947800
2013-12-16,33.889999,34.380001,33.299999,33.830002,29.65317,914300
2013-12-17,33.549999,34.200001,33.360001,33.630001,29.477869,1114200
2013-12-18,33.799999,34.139999,33.080002,34.080002,29.872307,711500
2013-12-19,33.66,34.009998,33.400002,33.630001,29.477869,957900
2013-12-20,33.810001,34.150002,33.349998,33.779999,29.609348,1175600
2013-12-23,34.23,34.880001,34.099998,34.82,30.520948,1064900
2013-12-24,34.849998,35.299999,34.400002,34.77,30.477119,343700
2013-12-26,34.939999,35.169998,34.450001,34.959999,30.643671,595300
2013-12-27,35.009998,35.080002,34.220001,34.450001,30.196634,571200
2013-12-30,34.380001,34.720001,34.080002,34.709999,30.424524,620500
2013-12-31,34.75,35.779999,34.68,35.73,31.318592,1545800
2014-01-02,35.439999,35.619999,34.849998,35.41,31.038092,946100
2014-01-03,35.790001,37.240002,35.490002,36.740002,32.203899,1365300
2014-01-06,36.950001,37.040001,35.860001,36.34,31.853279,1282400
2014-01-07,36.48,37.5,36.450001,36.57,32.054882,906800
2014-01-08,36.41,36.759998,35.900002,36.490002,31.984753,612600
2014-01-09,36.57,36.59,35.52,35.689999,31.283533,808700
2014-01-10,35.799999,36.27,34.91,36.209999,31.739317,703600
2014-01-13,36.150002,36.150002,34.650002,34.689999,30.406992,829700
2014-01-14,34.959999,34.970001,33.5,33.860001,29.679472,1428700
2014-01-15,33.939999,34.380001,30.41,31.77,27.847513,6845900
2014-01-16,31.709999,32.549999,31.120001,31.889999,27.952696,2419600
2014-01-17,31.93,32.349998,31.26,31.98,28.031584,1448200
2014-01-21,32.02,32.330002,31.09,31.18,27.330355,1292700
2014-01-22,31.290001,31.389999,30.51,30.620001,26.839497,1479300
2014-01-23,30.959999,31.08,30.32,30.9,27.08493,1285100
2014-01-24,30.469999,31.110001,29.799999,30.110001,26.392467,1373300
2014-01-27,30.290001,30.42,29.360001,29.700001,26.033089,1015000
2014-01-28,29.700001,30.469999,29.700001,30.35,26.602835,1344900
2014-01-29,30.0,30.5,29.620001,30.190001,26.462589,890300
2014-01-30,30.51,30.83,30.209999,30.57,26.79567,1069700
2014-01-31,30.02,31.950001,30.02,31.42,27.540728,1165300
2014-02-03,31.15,31.799999,29.66,30.09,26.374935,1593500
2014-02-04,30.09,30.370001,28.559999,28.860001,25.296797,1606100
2014-02-05,28.74,28.75,27.799999,28.620001,25.086428,2257500
2014-02-06,28.66,29.92,28.4,29.5,25.857782,864800
2014-02-07,29.51,29.75,28.66,28.82,25.261738,1877400
2014-02-10,28.799999,29.08,28.040001,28.17,24.691992,1500300
2014-02-11,28.120001,28.41,26.84,27.860001,24.420265,2948300
2014-02-12,27.049999,27.450001,25.440001,26.34,23.087927,5122100
2014-02-13,26.969999,28.190001,26.9,27.43,24.043354,3116600
2014-02-14,27.4,28.780001,26.290001,28.469999,24.954947,3614500
2014-02-18,28.49,29.92,27.92,29.610001,25.954197,2819300
2014-02-19,29.379999,29.74,28.66,28.780001,25.226675,2191400
2014-02-20,29.15,30.190001,29.15,29.790001,26.111973,2243100
2014-02-21,30.040001,30.040001,28.77,29.690001,26.024323,2413400
2014-02-24,29.469999,30.440001,29.370001,29.83,26.147034,1474800
2014-02-25,29.75,30.040001,29.09,29.26,25.647411,2585300
2014-02-26,29.219999,29.620001,27.77,28.08,24.739925,1868100
2014-02-27,27.889999,28.5,27.459999,28.32,24.95138,941500
2014-02-28,28.27,29.809999,28.27,29.620001,26.096748,1721400
2014-03-03,29.34,29.5,28.07,28.42,25.039482,1317000
2014-03-04,29.290001,30.35,29.16,30.129999,26.546085,2236500
2014-03-05,30.01,30.27,29.68,30.07,26.493219,1003100
2014-03-06,30.17,30.549999,28.610001,28.73,25.312609,2215200
2014-03-07,28.780001,28.799999,27.879999,28.200001,24.845655,1862800
2014-03-10,28.059999,28.200001,27.4,27.549999,24.272968,971000
2014-03-11,27.469999,27.639999,26.610001,27.030001,23.814827,2110200
2014-03-12,26.74,27.280001,26.389999,27.1,23.876495,1089600
2014-03-13,27.18,27.18,25.41,25.77,22.704697,2959700
2014-03-14,25.610001,26.610001,25.48,26.559999,23.40073,1986500
2014-03-17,25.459999,26.02,24.049999,24.42,21.51528,6051700
2014-03-18,24.5,25.77,23.93,25.41,22.387522,3442200
2014-03-19,25.41,26.52,24.780001,26.030001,22.933767,3089700
2014-03-20,25.91,27.139999,25.68,27.030001,23.814827,3649800
2014-03-21,29.0,29.440001,27.030001,27.450001,24.184868,6782400
2014-03-24,27.35,27.35,26.32,26.91,23.709105,2734100
2014-03-25,27.0,27.299999,26.709999,27.01,23.797201,1472200
2014-03-26,27.129999,27.35,26.790001,27.08,23.858877,2131900
2014-03-27,27.09,27.09,26.33,26.42,23.277386,1509500
2014-03-28,26.34,26.75,26.0,26.530001,23.374298,1637500
2014-03-31,26.77,27.35,26.5,27.09,23.867687,2157100
2014-04-01,27.200001,27.43,26.85,26.99,23.779581,1517400
2014-04-02,26.92,27.33,26.719999,27.16,23.929359,1447500
2014-04-03,26.940001,27.780001,26.219999,26.530001,23.374298,1581100
2014-04-04,26.629999,26.93,25.709999,26.040001,22.942581,2466600
2014-04-07,25.879999,26.07,25.02,25.120001,22.132015,2565400
2014-04-08,25.1,27.440001,25.059999,27.370001,24.114386,2593500
2014-04-09,28.02,29.280001,28.02,29.110001,25.647415,4450900
2014-04-10,28.719999,29.52,27.530001,27.82,24.510855,2530600
2014-04-11,27.530001,27.870001,26.549999,27.110001,23.885311,1910800
2014-04-14,27.290001,27.9,27.02,27.41,24.149622,1254500
2014-04-15,27.66,27.82,26.49,27.34,24.087948,864300
2014-04-16,27.559999,27.780001,27.17,27.41,24.149622,822300
2014-04-17,27.25,27.77,27.110001,27.549999,24.272968,969600
2014-04-21,27.5,28.01,26.9,27.549999,24.272968,1162700
2014-04-22,27.629999,28.24,27.190001,27.65,24.361074,2568100
2014-04-23,27.57,27.969999,27.059999,27.860001,24.546101,1235300
2014-04-24,28.02,28.379999,27.299999,28.07,24.731117,775800
2014-04-25,27.93,28.16,27.25,27.52,24.246538,755400
2014-04-28,27.51,27.76,26.129999,27.049999,23.832443,1229100
2014-04-29,27.059999,27.360001,26.33,26.66,23.488832,1366700
2014-04-30,26.469999,27.110001,26.43,26.73,23.550505,1637000
2014-05-01,26.620001,27.719999,26.620001,27.41,24.149622,1456900
2014-05-02,27.43,28.030001,27.049999,27.9,24.581335,1202700
2014-05-05,27.68,29.16,27.59,28.969999,25.524063,1470200
2014-05-06,28.700001,29.02,28.459999,28.709999,25.294987,1885700
2014-05-07,28.5,29.57,27.620001,28.129999,24.783981,1947600
2014-05-08,27.76,28.459999,26.709999,27.110001,23.885311,1838200
2014-05-09,26.969999,27.540001,26.52,27.469999,24.20249,1878100
2014-05-12,27.73,28.950001,27.59,28.5,25.109968,1924300
2014-05-13,28.379999,28.950001,27.85,28.209999,24.854467,1304200
2014-05-14,27.98,28.43,27.309999,27.559999,24.281776,1225200
2014-05-15,27.540001,28.17,26.959999,27.9,24.581335,2299700
2014-05-16,27.92,29.16,27.549999,29.07,25.612171,1302000
2014-05-19,28.91,29.549999,28.709999,29.33,25.841244,752900
2014-05-20,29.34,29.58,28.870001,29.389999,25.894108,1028500
2014-05-21,29.42,30.129999,29.25,29.68,26.149611,1098400
2014-05-22,29.9,30.08,29.559999,29.709999,26.176037,931200
2014-05-23,29.709999,30.219999,29.51,30.200001,26.607752,794500
2014-05-27,30.440001,30.780001,29.59,30.059999,26.484411,1835700
2014-05-28,29.82,30.549999,29.82,30.34,26.865162,1411400
2014-05-29,30.51,30.59,29.870001,30.360001,26.882872,789700
2014-05-30,30.32,30.32,29.389999,29.58,26.192205,957500
2014-06-02,29.610001,30.6,29.440001,30.139999,26.688065,902700
2014-06-03,29.92,30.51,29.5,30.450001,26.962568,1378000
2014-06-04,30.309999,30.58,29.719999,30.459999,26.971418,623200
2014-06-05,30.5,31.0,30.25,31.0,27.44957,1075400
2014-06-06,31.09,31.469999,30.120001,30.67,27.157362,1093200
2014-06-09,30.559999,31.139999,30.41,30.84,27.307899,742400
2014-06-10,30.700001,31.52,30.25,31.49,27.883453,1225700
2014-06-11,31.24,31.549999,30.74,31.299999,27.715214,1791700
2014-06-12,31.139999,31.41,30.43,30.92,27.378736,1830600
2014-06-13,30.889999,31.52,30.530001,31.23,27.653233,1010400
2014-06-16,31.139999,31.440001,30.889999,31.32,27.732924,755500
2014-06-17,31.1,31.32,29.77,30.110001,26.661505,1674700
2014-06-18,30.110001,31.440001,29.65,31.01,27.458426,1841900
2014-06-19,31.040001,31.049999,29.610001,29.67,26.271898,1823600
2014-06-20,29.629999,29.940001,28.75,29.26,25.908857,2155200
2014-06-23,29.360001,29.6,28.57,29.24,25.891146,1478500
2014-06-24,29.120001,30.09,29.02,29.24,25.891146,1527200
2014-06-25,28.99,34.580002,28.93,33.799999,29.928885,10583200
2014-06-26,33.68,34.259998,32.869999,33.639999,29.78722,2863700
2014-06-27,33.450001,34.779999,33.450001,34.619999,30.654974,2879600
2014-06-30,34.560001,35.400002,34.09,34.75,30.770084,2216100
2014-07-01,35.110001,36.029999,34.619999,35.529999,31.460739,1542400
2014-07-02,35.529999,36.139999,35.34,35.740002,31.646702,1135700
2014-07-03,35.849998,36.060001,35.290001,35.900002,31.78838,493500
2014-07-07,35.799999,36.130001,35.23,35.43,31.372206,893600
2014-07-08,35.43,35.52,33.970001,34.490002,30.539865,1386100
2014-07-09,34.509998,35.200001,34.349998,34.98,30.973738,768400
2014-07-10,34.34,34.450001,33.59,33.720001,29.858057,1941900
2014-07-11,33.849998,34.52,33.779999,34.169998,30.256512,1348000
2014-07-14,34.41,34.580002,33.09,33.27,29.459597,2289900
2014-07-15,33.560001,33.790001,32.669998,33.099998,29.309059,822900
2014-07-16,33.43,33.91,32.84,32.950001,29.176241,988600
2014-07-17,32.759998,33.84,32.740002,33.389999,29.565847,1186100
2014-07-18,33.34,34.18,33.34,34.009998,30.11484,1240800
2014-07-21,33.849998,34.380001,33.779999,33.950001,30.061708,976200
2014-07-22,34.02,34.68,33.790001,34.450001,30.504452,1020700
2014-07-23,34.509998,34.509998,33.84,33.98,30.08827,993100
2014-07-24,33.790001,34.290001,33.459999,33.529999,29.68981,673100
2014-07-25,33.220001,33.919998,33.07,33.610001,29.760645,767400
2014-07-28,33.560001,33.669998,33.299999,33.349998,29.530422,782800
2014-07-29,33.41,33.580002,32.84,32.970001,29.193951,1179500
2014-07-30,33.23,33.66,32.91,33.18,29.379898,823100
2014-07-31,32.939999,33.25,32.220001,32.310001,28.609541,934800
2014-08-01,32.419998,32.52,31.82,32.349998,28.644957,820100
2014-08-04,32.400002,33.139999,31.889999,32.630001,28.892889,758700
2014-08-05,32.48,32.560001,31.469999,31.809999,28.166801,1256600
2014-08-06,31.610001,33.540001,31.610001,32.299999,28.600679,1597100
2014-08-07,32.360001,33.110001,31.83,32.150002,28.467861,1029200
2014-08-08,32.080002,32.48,31.790001,32.279999,28.582977,908000
2014-08-11,32.400002,33.310001,32.119999,32.290001,28.591829,1633400
2014-08-12,32.029999,32.43,30.48,30.76,27.237061,3260200
2014-08-13,30.9,30.959999,30.059999,30.24,26.776615,1317800
2014-08-14,30.18,30.299999,29.530001,29.959999,26.528681,2225100
2014-08-15,30.110001,30.110001,28.9,29.01,25.687487,2484300
2014-08-18,29.200001,29.74,28.870001,29.450001,26.077095,2177400
2014-08-19,29.450001,29.709999,29.059999,29.15,25.811453,2013200
2014-08-20,29.110001,29.68,28.950001,29.440001,26.068235,1160400
2014-08-21,29.48,30.030001,29.209999,29.77,26.360447,1190400
2014-08-22,29.719999,29.809999,29.16,29.190001,25.846874,1024000
2014-08-25,29.309999,29.370001,28.74,29.049999,25.722904,1267800
2014-08-26,29.129999,29.129999,28.49,28.639999,25.359861,1125200
2014-08-27,28.41,29.65,28.059999,29.27,26.06789,2042000
2014-08-28,29.219999,29.360001,28.83,28.879999,25.720554,682000
2014-08-29,28.9,29.23,28.67,29.049999,25.871956,583200
2014-09-02,29.139999,29.360001,28.950001,29.120001,25.934303,715700
2014-09-03,29.18,29.719999,28.879999,28.959999,25.791811,1129500
2014-09-04,29.15,29.360001,28.700001,29.08,25.898678,1133300
2014-09-05,29.0,29.32,28.75,29.120001,25.934303,589800
2014-09-08,29.030001,29.4,28.52,28.690001,25.551344,737600
2014-09-09,28.74,28.860001,27.969999,28.0,24.936829,1090000
2014-09-10,27.959999,28.65,27.940001,28.15,25.070415,792000
2014-09-11,28.040001,28.469999,28.030001,28.129999,25.052608,1041300
2014-09-12,28.110001,28.26,27.719999,28.02,24.954638,779400
2014-09-15,28.0,28.129999,27.74,27.9,24.847769,540000
2014-09-16,27.82,28.1,27.459999,27.51,24.500433,957800
2014-09-17,27.51,27.719999,27.34,27.370001,24.375753,733800
2014-09-18,27.41,27.52,27.059999,27.139999,24.170914,662200
2014-09-19,27.16,27.32,26.74,27.1,24.135284,937300
2014-09-22,27.040001,27.040001,25.879999,26.209999,23.342648,1305200
2014-09-23,26.17,26.360001,25.450001,25.48,22.692516,2478200
2014-09-24,25.469999,25.92,25.16,25.639999,22.835011,2431500
2014-09-25,25.620001,26.25,25.0,26.17,23.307032,3289000
2014-09-26,26.219999,26.629999,25.98,26.32,23.440617,2677300
2014-09-29,26.030001,26.790001,25.969999,26.540001,23.636551,2151200
2014-09-30,26.540001,26.629999,25.98,26.09,23.235777,1284200
2014-10-01,26.01,26.27,25.700001,25.790001,22.968601,1419000
2014-10-02,25.74,25.84,24.940001,25.0,22.265024,2344500
2014-10-03,25.24,26.0,24.940001,25.85,23.022038,1553200
2014-10-06,25.91,26.1,25.48,25.52,22.728138,1319800
2014-10-07,25.32,25.780001,25.120001,25.16,22.407522,1267500
2014-10-08,25.18,25.99,24.700001,25.889999,23.057655,1362200
2014-10-09,25.780001,25.879999,25.01,25.18,22.425333,1435200
2014-10-10,25.049999,25.379999,23.93,23.940001,21.320988,1414200
2014-10-13,23.940001,24.719999,23.879999,24.18,21.534731,1304900
2014-10-14,24.35,25.379999,24.049999,25.17,22.416426,1391500
2014-10-15,24.870001,26.6,24.700001,26.15,23.289219,2298500
2014-10-16,25.700001,27.709999,25.639999,27.17,24.19763,2242100
2014-10-17,27.530001,27.559999,26.85,26.879999,23.939354,1593000
2014-10-20,26.809999,27.690001,26.77,27.27,24.286692,1479800
2014-10-21,27.469999,28.66,27.41,28.299999,25.204006,1661400
2014-10-22,28.24,28.360001,27.16,27.27,24.286692,1068000
2014-10-23,27.610001,28.280001,27.41,27.92,24.865574,862500
2014-10-24,27.92,28.09,27.690001,27.98,24.919018,417400
2014-10-27,27.719999,28.209999,27.25,28.030001,24.963541,547300
2014-10-28,28.059999,28.860001,28.059999,28.709999,25.569153,747800
2014-10-29,28.639999,28.92,28.24,28.82,25.667116,465800
2014-10-30,28.709999,29.08,28.360001,28.940001,25.773993,572600
2014-10-31,29.49,29.809999,28.99,29.049999,25.871956,755600
2014-11-03,29.18,29.200001,28.65,28.98,25.809618,676600
2014-11-04,28.709999,28.719999,27.43,28.120001,25.043697,1364800
2014-11-05,28.059999,28.530001,26.59,27.059999,24.099663,1874100
2014-11-06,26.870001,27.370001,26.540001,27.34,24.349028,853900
2014-11-07,27.309999,27.440001,26.83,27.040001,24.081854,1072100
2014-11-10,27.07,27.459999,26.43,26.85,23.912636,826700
2014-11-11,26.91,27.58,26.58,27.540001,24.527147,685600
2014-11-12,27.42,27.809999,27.15,27.24,24.259966,596800
2014-11-13,27.33,27.799999,27.24,27.35,24.357937,519100
2014-11-14,27.370001,28.26,27.370001,28.09,25.016983,1019700
2014-11-17,27.84,28.43,27.469999,27.540001,24.527147,763500
2014-11-18,27.559999,27.860001,27.07,27.33,24.340128,593800
2014-11-19,27.209999,27.540001,26.85,27.309999,24.322311,537500
2014-11-20,27.09,27.68,26.98,27.639999,24.616209,937500
2014-11-21,27.98,28.639999,27.690001,28.5,25.382126,1015500
2014-11-24,28.5,30.290001,28.459999,29.77,26.513189,1593200
2014-11-25,29.73,30.08,29.440001,29.950001,26.6735,853500
2014-11-26,29.969999,29.969999,29.219999,29.57,26.480961,460900
2014-11-28,29.549999,29.58,29.110001,29.16,26.113792,238400
2014-12-01,28.98,29.690001,28.379999,28.52,25.540649,849600
2014-12-02,28.5,28.83,28.389999,28.559999,25.576471,546400
2014-12-03,28.620001,28.74,28.040001,28.18,25.236162,700700
2014-12-04,28.049999,28.440001,26.92,27.1,24.268991,1188700
2014-12-05,27.07,28.190001,27.07,27.75,24.851086,783100
2014-12-08,27.639999,27.9,27.370001,27.59,24.707802,624400
2014-12-09,27.219999,27.49,26.84,27.299999,24.448095,635700
2014-12-10,27.110001,27.35,26.15,26.219999,23.480919,887700
2014-12-11,26.209999,26.51,25.66,25.75,23.060015,886900
2014-12-12,25.440001,25.68,25.209999,25.469999,22.809267,679100
2014-12-15,25.52,25.85,24.84,24.85,22.254036,746700
2014-12-16,24.809999,25.780001,24.370001,25.51,22.845091,1116900
2014-12-17,25.58,26.530001,25.43,26.5,23.73167,1268000
2014-12-18,26.77,26.93,26.24,26.82,24.01824,1053500
2014-12-19,26.84,27.15,26.34,27.09,24.260035,1324600
2014-12-22,27.07,27.5,26.950001,27.07,24.242123,1150100
2014-12-23,27.280001,27.940001,26.99,27.530001,24.654068,1285200
2014-12-24,27.629999,27.85,27.379999,27.790001,24.886908,278900
2014-12-26,27.940001,28.25,27.92,27.950001,25.030193,280400
2014-12-29,27.870001,28.120001,27.77,27.92,25.003325,493100
2014-12-30,27.870001,28.02,27.5,27.83,24.922731,2076400
2014-12-31,27.950001,27.950001,27.209999,27.360001,24.501829,623800
2015-01-02,27.559999,27.73,26.35,26.809999,24.009285,1065700
2015-01-05,26.66,26.66,25.68,26.02,23.301811,705300
2015-01-06,26.030001,26.370001,25.059999,25.620001,22.9436,1076700
2015-01-07,25.75,25.99,25.18,25.469999,22.809267,600500
2015-01-08,25.709999,26.27,25.35,25.719999,23.033154,810600
2015-01-09,25.59,26.360001,25.530001,26.0,23.283901,644300
2015-01-12,25.969999,26.120001,25.639999,25.74,23.051065,538100
2015-01-13,25.790001,26.52,25.65,25.879999,23.176437,577000
2015-01-14,25.530001,25.59,24.4,24.83,22.236124,1224800
2015-01-15,24.82,24.92,24.200001,24.57,22.003288,694500
2015-01-16,24.49,25.07,24.42,24.83,22.236124,775800
2015-01-20,24.75,25.17,24.370001,25.139999,22.513739,883200
2015-01-21,25.030001,25.82,24.639999,25.5,22.83613,472200
2015-01-22,25.690001,26.51,25.49,26.469999,23.704802,792600
2015-01-23,26.4,26.780001,26.120001,26.65,23.865995,989100
2015-01-26,26.67,26.780001,26.16,26.299999,23.552559,603700
2015-01-27,25.98,26.58,25.6,26.200001,23.463011,480900
2015-01-28,26.26,26.66,24.870001,25.01,22.397322,841000
2015-01-29,25.02,25.129999,24.209999,24.85,22.254036,1037900
2015-01-30,24.719999,25.01,24.440001,24.74,22.155525,750200
2015-02-02,24.719999,24.98,24.360001,24.93,22.325678,314900
2015-02-03,25.02,25.889999,24.969999,25.530001,22.862999,590000
2015-02-04,25.459999,26.1,25.42,25.85,23.149569,507500
2015-02-05,25.540001,25.76,24.4,25.1,22.477921,1092500
2015-02-06,25.16,26.01,24.870001,25.049999,22.433146,1155200
2015-02-09,24.99,25.959999,24.85,25.27,22.630159,887200
2015-02-10,25.51,25.75,24.9,25.459999,22.800314,868100
2015-02-11,25.48,25.879999,24.83,25.18,22.549562,514400
2015-02-12,25.34,25.799999,25.18,25.68,22.997334,376200
2015-02-13,25.73,26.73,25.690001,26.549999,23.776443,943000
2015-02-17,26.6,27.02,25.92,26.790001,23.991379,2164300
2015-02-18,27.01,29.82,25.5,28.049999,25.119747,5509400
2015-02-19,28.120001,29.32,27.959999,28.360001,25.397362,4678300
2015-02-20,28.309999,28.440001,27.719999,27.9,24.985418,1497600
2015-02-23,27.780001,28.469999,27.110001,28.360001,25.397362,1369600
2015-02-24,28.299999,28.700001,27.99,28.540001,25.558561,952700
2015-02-25,28.33,28.700001,28.09,28.120001,25.328869,1009400
2015-02-26,28.09,28.34,27.780001,27.969999,25.193762,607400
2015-02-27,27.99,28.200001,27.4,27.459999,24.734377,928400
2015-03-02,27.370001,27.85,27.01,27.35,24.635298,789800
2015-03-03,27.379999,28.1,27.26,27.959999,25.184748,1794500
2015-03-04,27.92,28.040001,27.139999,27.18,24.48217,619700
2015-03-05,27.25,27.639999,26.889999,27.17,24.473166,1315900
2015-03-06,27.0,27.370001,26.85,27.040001,24.356071,833700
2015-03-09,27.07,27.1,26.66,26.719999,24.067831,476600
2015-03-10,26.309999,26.74,25.809999,26.139999,23.545399,977800
2015-03-11,26.129999,26.75,25.889999,26.639999,23.99577,1018200
2015-03-12,26.950001,28.190001,26.950001,28.07,25.283833,2589400
2015-03-13,28.07,28.15,27.629999,28.02,25.238792,573900
2015-03-16,28.4,28.93,28.26,28.5,25.67115,2273300
2015-03-17,28.389999,28.639999,28.26,28.49,25.662142,1148200
2015-03-18,28.43,29.290001,28.18,29.110001,26.220608,1095400
2015-03-19,28.98,30.790001,28.790001,30.4,27.382561,2332100
2015-03-20,30.559999,31.27,30.309999,31.219999,28.121168,2528300
2015-03-23,31.280001,31.99,31.0,31.139999,28.049112,1464400
2015-03-24,31.059999,31.32,31.0,31.209999,28.112165,550000
2015-03-25,31.370001,31.379999,30.940001,31.02,27.941021,684400
2015-03-26,30.860001,31.030001,30.42,30.700001,27.652784,684700
2015-03-27,30.74,31.26,30.639999,31.110001,28.022093,494600
2015-03-30,31.16,32.43,31.16,32.349998,29.139006,1511300
2015-03-31,32.200001,32.360001,31.139999,31.41,28.292311,1954600
2015-04-01,31.4,32.029999,31.15,31.49,28.364367,1635600
2015-04-02,31.49,31.870001,31.41,31.559999,28.427422,657200
2015-04-06,31.450001,32.0,31.450001,31.799999,28.6436,955300
2015-04-07,31.809999,31.969999,31.43,31.450001,28.328342,717300
2015-04-08,31.41,31.82,31.26,31.34,28.229259,780700
2015-04-09,31.219999,31.709999,31.190001,31.52,28.391394,464900
2015-04-10,31.530001,31.82,31.469999,31.620001,28.481464,337800
2015-04-13,31.82,31.82,31.309999,31.559999,28.427422,746900
2015-04-14,31.65,31.860001,30.879999,31.120001,28.031096,1467100
2015-04-15,31.15,31.99,31.15,31.620001,28.481464,593300
2015-04-16,31.51,31.860001,31.16,31.52,28.391394,356500
2015-04-17,31.23,31.309999,30.85,31.059999,27.977047,401300
2015-04-20,31.26,31.58,31.0,31.08,27.995068,570400
2015-04-21,31.17,31.209999,30.82,31.09,28.004074,1790600
2015-04-22,31.110001,31.5,31.1,31.389999,28.274294,443600
2015-04-23,31.34,31.75,31.27,31.299999,28.193226,556700
2015-04-24,31.440001,31.58,31.0,31.4,28.2833,1157300
2015-04-27,31.58,31.74,30.969999,31.27,28.166206,479400
2015-04-28,31.219999,31.360001,30.65,31.299999,28.193226,432000
2015-04-29,31.129999,31.27,30.82,31.049999,27.968042,497900
2015-04-30,30.809999,31.23,30.4,30.639999,27.598742,653900
2015-05-01,30.709999,30.77,30.34,30.620001,27.580721,583200
2015-05-04,30.51,30.83,30.450001,30.469999,27.445614,1184200
2015-05-05,30.51,30.99,30.1,30.32,27.310499,1092600
2015-05-06,31.52,31.99,29.59,29.969999,26.995239,1709200
2015-05-07,29.790001,30.0,28.879999,29.51,26.580902,2242500
2015-05-08,29.709999,29.75,28.98,29.4,26.481817,859500
2015-05-11,29.280001,29.870001,28.84,29.120001,26.229612,1002600
2015-05-12,29.0,29.01,28.41,28.790001,25.932365,819300
2015-05-13,28.809999,28.98,28.389999,28.67,25.824278,828500
2015-05-14,28.76,29.18,28.610001,28.969999,26.094498,693600
2015-05-15,29.01,29.190001,28.860001,29.110001,26.220608,607400
2015-05-18,29.139999,30.59,29.110001,30.389999,27.373552,2644500
2015-05-19,30.26,30.49,29.790001,30.09,27.103331,1373200
2015-05-20,30.030001,30.209999,29.790001,30.110001,27.121342,846600
2015-05-21,30.0,30.76,30.0,30.629999,27.589735,1100000
2015-05-22,30.52,30.809999,30.23,30.530001,27.499662,681900
2015-05-26,30.49,30.809999,29.82,30.379999,27.364546,683700
2015-05-27,30.33,30.75,30.129999,30.620001,27.580721,770000
2015-05-28,30.440001,30.719999,29.940001,30.18,27.331678,983700
2015-05-29,30.1,30.440001,29.85,30.040001,27.204889,1100300
2015-06-01,30.49,30.700001,30.120001,30.4,27.530914,1639500
2015-06-02,30.34,30.610001,30.059999,30.200001,27.349794,1240700
2015-06-03,30.200001,30.74,30.1,30.690001,27.79355,889600
2015-06-04,30.65,30.719999,30.030001,30.219999,27.367903,534400
2015-06-05,30.219999,30.59,29.700001,30.389999,27.521856,579100
2015-06-08,30.219999,30.43,30.0,30.200001,27.349794,588900
2015-06-09,30.25,30.25,29.639999,29.99,27.159611,392800
2015-06-10,30.17,30.5,29.950001,30.09,27.250174,726200
2015-06-11,30.190001,30.33,29.41,29.459999,26.67963,1655100
2015-06-12,29.43,29.58,29.209999,29.35,26.580013,619000
2015-06-15,29.15,29.52,28.91,29.379999,26.607178,418300
2015-06-16,29.200001,29.49,29.17,29.4,26.625294,331600
2015-06-17,29.52,29.719999,29.120001,29.309999,26.543783,388200
2015-06-18,29.309999,29.860001,29.299999,29.370001,26.598124,868200
2015-06-19,29.280001,29.459999,28.889999,28.91,26.181534,2221300
2015-06-22,29.030001,29.34,28.76,28.799999,26.081919,981100
2015-06-23,28.76,29.25,28.59,28.75,26.036638,991400
2015-06-24,28.799999,28.799999,28.280001,28.35,25.674393,577900
2015-06-25,28.469999,28.66,28.379999,28.440001,25.755896,427900
2015-06-26,28.58,28.83,28.25,28.27,25.60194,1022500
2015-06-29,28.110001,28.200001,27.52,27.610001,25.00423,585900
2015-06-30,27.9,27.99,27.549999,27.91,25.275919,760400
2015-07-01,28.110001,28.35,28.01,28.32,25.647221,2021500
2015-07-02,28.43,28.969999,28.41,28.6,25.900793,771700
2015-07-06,28.66,28.950001,28.33,28.48,25.792124,771700
2015-07-07,28.559999,28.6,27.690001,28.32,25.647221,525900
2015-07-08,28.15,28.18,27.200001,27.51,24.913668,991400
2015-07-09,27.77,28.219999,27.77,28.09,25.438925,1141400
2015-07-10,28.26,29.26,28.26,28.82,26.100033,1183500
2015-07-13,29.110001,29.75,29.02,29.469999,26.688683,1221100
2015-07-14,29.57,29.91,29.389999,29.809999,26.996597,986500
2015-07-15,29.85,30.0,29.6,29.74,26.933205,677000
2015-07-16,30.0,30.23,29.73,29.809999,26.996597,541400
2015-07-17,29.93,29.950001,29.17,29.5,26.715853,328700
2015-07-20,29.65,29.65,28.889999,29.459999,26.67963,389000
2015-07-21,29.559999,29.780001,28.790001,28.959999,26.22682,662000
2015-07-22,28.950001,29.120001,28.629999,28.98,26.244932,309900
2015-07-23,29.049999,29.209999,28.110001,28.34,25.665331,595900
2015-07-24,28.440001,28.629999,27.75,28.110001,25.457043,518200
2015-07-27,28.15,28.33,27.35,27.98,25.33931,516900
2015-07-28,28.209999,28.35,27.610001,28.15,25.493267,342600
2015-07-29,28.27,28.389999,27.75,28.32,25.647221,363200
2015-07-30,28.200001,28.389999,27.879999,28.18,25.520432,570500
2015-07-31,28.389999,29.290001,28.139999,29.02,26.281158,868900
2015-08-03,29.23,29.35,28.790001,29.049999,26.308325,570500
2015-08-04,29.18,29.370001,28.41,28.530001,25.8374,758900
2015-08-05,29.0,29.5,27.200001,27.389999,24.804993,3248500
2015-08-06,27.280001,27.450001,25.0,26.790001,24.261621,3031000
2015-08-07,26.58,27.959999,26.42,27.629999,25.022341,1627300
2015-08-10,27.93,28.950001,27.700001,28.77,26.05475,1212800
2015-08-11,28.49,29.18,28.040001,28.290001,25.62005,872200
2015-08-12,27.99,28.66,27.969999,28.43,25.746838,945100
2015-08-13,28.379999,28.629999,28.1,28.309999,25.638165,586000
2015-08-14,28.4,28.549999,27.91,28.360001,25.683443,884700
2015-08-17,28.18,29.059999,28.01,28.799999,26.081919,1318600
2015-08-18,28.51,29.26,28.51,28.950001,26.217764,1747900
2015-08-19,28.66,29.049999,28.549999,28.959999,26.22682,1000600
2015-08-20,28.870001,28.870001,26.5,26.76,24.234451,2783000
2015-08-21,26.02,27.110001,26.02,26.65,24.134836,2192700
2015-08-24,25.32,27.280001,24.27,26.059999,23.600515,2154400
2015-08-25,26.860001,27.01,25.02,25.18,22.803568,1754500
2015-08-26,25.58,25.73,24.040001,25.610001,23.192987,3213300
2015-08-27,25.93,26.440001,25.049999,25.809999,23.374107,1904800
2015-08-28,25.5,26.5,25.4,26.440001,24.098715,1644300
2015-08-31,26.4,26.879999,26.15,26.780001,24.408609,1203100
2015-09-01,26.280001,27.0,25.77,25.860001,23.57007,958100
2015-09-02,26.129999,26.379999,25.639999,25.969999,23.67033,937400
2015-09-03,25.9,26.469999,25.82,25.969999,23.67033,728500
2015-09-04,25.65,26.190001,25.559999,25.85,23.560955,572200
2015-09-08,26.360001,26.959999,26.25,26.42,24.080479,736100
2015-09-09,26.68,26.790001,26.219999,26.280001,23.952881,376600
2015-09-10,26.360001,26.629999,25.860001,26.360001,24.025797,402200
2015-09-11,26.15,26.75,25.5,26.73,24.363033,924600
2015-09-14,26.75,26.940001,26.34,26.879999,24.49975,746300
2015-09-15,27.139999,27.610001,26.93,27.59,25.146881,845400
2015-09-16,27.540001,27.879999,27.27,27.790001,25.32917,690200
2015-09-17,27.889999,28.27,27.65,27.82,25.356508,564600
2015-09-18,27.440001,27.92,27.01,27.26,24.8461,1211700
2015-09-21,27.5,27.74,27.200001,27.469999,25.037506,878600
2015-09-22,27.120001,27.58,26.690001,26.85,24.472408,795200
2015-09-23,26.950001,27.129999,26.25,26.42,24.080479,868500
2015-09-24,26.299999,26.35,25.43,25.780001,23.497156,1001100
2015-09-25,25.950001,26.15,25.18,25.280001,23.041431,1191900
2015-09-28,25.120001,25.950001,25.1,25.440001,23.187262,1410100
2015-09-29,25.5,25.700001,25.07,25.360001,23.114346,1270800
2015-09-30,25.530001,25.639999,24.870001,25.32,23.077888,1333200
2015-10-01,25.57,25.57,24.799999,25.559999,23.296637,1293200
2015-10-02,25.360001,26.290001,25.15,26.24,23.916424,758300
2015-10-05,26.379999,27.450001,26.379999,27.34,24.919016,783500
2015-10-06,27.25,27.77,27.049999,27.4,24.973701,902200
2015-10-07,27.549999,29.48,27.49,29.379999,26.778372,2602400
2015-10-08,29.15,29.26,28.309999,28.75,26.204161,1400600
2015-10-09,28.700001,29.01,27.950001,28.540001,26.012758,1236600
2015-10-12,28.5,28.9,28.389999,28.51,25.985413,526300
2015-10-13,28.469999,29.200001,28.27,28.68,26.140366,423400
2015-10-14,28.690001,29.360001,28.51,28.639999,26.103901,621700
2015-10-15,28.870001,29.459999,28.389999,29.440001,26.833061,928200
2015-10-16,29.559999,29.77,29.110001,29.66,27.033577,739900
2015-10-19,29.57,29.57,28.969999,29.190001,26.605198,540100
2015-10-20,29.190001,29.48,29.1,29.35,26.75103,465900
2015-10-21,29.450001,29.790001,28.620001,28.629999,26.09478,730700
2015-10-22,28.74,29.5,28.5,29.49,26.878632,568300
2015-10-23,29.66,29.99,29.4,29.67,27.042692,682500
2015-10-26,29.559999,29.75,29.25,29.459999,26.851288,486000
2015-10-27,29.440001,29.549999,28.4,28.82,26.267963,756900
2015-10-28,29.02,29.77,28.68,29.620001,26.997122,847200
2015-10-29,29.559999,30.02,29.42,29.65,27.024462,950500
2015-10-30,29.610001,30.190001,29.09,30.01,27.352581,849600
2015-11-02,30.0,31.360001,29.91,31.32,28.546581,1456100
2015-11-03,31.389999,32.169998,31.360001,31.969999,29.139023,2373200
2015-11-04,33.560001,34.27,32.25,33.200001,30.260107,3889700
2015-11-05,33.02,33.919998,33.0,33.41,30.451511,1894500
2015-11-06,33.25,33.830002,33.25,33.509998,30.542648,1903100
2015-11-09,33.700001,33.790001,32.889999,33.389999,30.433283,1555700
2015-11-10,33.490002,33.900002,33.130001,33.889999,30.889009,1105800
2015-11-11,33.919998,34.48,33.650002,34.139999,31.116871,1109100
2015-11-12,34.049999,34.380001,33.259998,33.330002,30.378597,937400
2015-11-13,33.169998,33.560001,32.68,33.029999,30.105164,1124100
2015-11-16,32.91,34.27,32.509998,34.189999,31.162439,808000
2015-11-17,34.380001,34.75,33.939999,34.099998,31.08041,964400
2015-11-18,34.119999,34.740002,34.09,34.630001,31.563484,1183500
2015-11-19,34.52,34.700001,34.189999,34.400002,31.353855,1177100
2015-11-20,34.400002,35.080002,34.330002,34.779999,31.700195,590200
2015-11-23,34.77,35.060001,34.650002,35.029999,31.928059,692700
2015-11-24,34.950001,35.040001,34.509998,34.880001,31.791348,771600
2015-11-25,35.02,35.880001,34.66,35.669998,32.511383,1074800
2015-11-27,35.59,35.889999,35.220001,35.650002,32.644161,465300
2015-11-30,35.68,35.759998,35.029999,35.099998,32.140537,1067200
2015-12-01,35.380001,35.610001,35.18,35.5,32.506805,1134700
2015-12-02,35.310001,35.740002,34.93,35.18,32.213791,579800
2015-12-03,35.349998,35.41,34.09,34.610001,31.691849,950300
2015-12-04,34.759998,35.139999,34.549999,34.779999,31.847521,925500
2015-12-07,34.630001,35.150002,34.200001,34.549999,31.636902,1226200
2015-12-08,34.310001,34.490002,33.669998,33.82,30.96846,729000
2015-12-09,33.580002,33.630001,32.189999,32.810001,30.043613,1610900
2015-12-10,32.900002,33.34,32.630001,32.970001,30.190128,749400
2015-12-11,32.470001,32.669998,31.67,31.950001,29.256128,952800
2015-12-14,31.9,32.43,31.139999,31.290001,28.651775,888800
2015-12-15,31.290001,32.189999,31.120001,31.84,29.155399,678600
2015-12-16,32.259998,33.060001,32.189999,32.93,30.153496,1380100
2015-12-17,33.09,33.189999,32.119999,32.209999,29.494202,562900
2015-12-18,32.040001,32.549999,31.5,31.66,28.990578,893600
2015-12-21,31.969999,32.400002,31.77,32.209999,29.494202,805700
2015-12-22,32.150002,32.310001,31.32,31.610001,28.944794,673300
2015-12-23,31.889999,32.540001,31.540001,32.459999,29.723125,741000
2015-12-24,32.400002,32.959999,32.380001,32.610001,29.860481,535200
2015-12-28,32.540001,32.610001,31.59,32.099998,29.393478,438900
2015-12-29,32.380001,32.57,31.860001,32.290001,29.567459,457400
2015-12-30,32.349998,32.650002,31.860001,31.9,29.21034,445200
2015-12-31,31.780001,32.779999,31.49,32.540001,29.796381,788100
2016-01-04,32.119999,32.32,31.190001,31.43,28.779972,982100
2016-01-05,31.700001,31.77,30.99,31.0,28.386229,943400
2016-01-06,30.58,31.4,30.58,31.059999,28.441166,744100
2016-01-07,30.48,31.1,30.440001,30.82,28.221403,1025800
2016-01-08,30.799999,31.23,29.9,29.959999,27.433914,979900
2016-01-11,30.08,30.219999,29.280001,29.76,27.250778,1043500
2016-01-12,30.1,30.83,29.91,30.15,27.607893,1083700
2016-01-13,30.15,30.450001,29.110001,29.290001,26.820408,1210900
2016-01-14,29.459999,30.309999,28.73,29.790001,27.278246,1007800
2016-01-15,29.09,29.870001,28.77,29.6,27.104271,1139100
2016-01-19,29.870001,29.99,28.959999,29.34,26.86619,718000
2016-01-20,28.860001,29.530001,28.16,29.059999,26.6098,1227600
2016-01-21,29.17,29.66,28.43,29.01,26.564016,711100
2016-01-22,29.42,30.540001,29.42,30.51,27.937544,615900
2016-01-25,30.299999,30.59,29.42,29.51,27.021854,550000
2016-01-26,29.73,30.790001,29.559999,30.719999,28.129833,631400
2016-01-27,30.5,32.009998,30.200001,31.24,28.605991,1776700
2016-01-28,31.68,32.610001,30.98,32.439999,29.704813,2548300
2016-01-29,32.66,33.389999,32.439999,33.0,30.217598,1225600
2016-02-01,32.860001,33.599998,32.299999,33.209999,30.409887,982700
2016-02-02,32.82,32.830002,32.099998,32.34,29.613245,879200
2016-02-03,32.549999,33.130001,31.879999,32.950001,30.17181,938600
2016-02-04,32.970001,33.360001,31.84,32.139999,29.430105,1025100
2016-02-05,31.99,31.99,30.41,30.58,28.001637,1360200
2016-02-08,30.15,30.4,27.440001,28.219999,25.840618,2121100
2016-02-09,27.73,28.059999,26.35,26.969999,24.696018,1515800
2016-02-10,27.040001,28.209999,26.559999,27.610001,25.282059,995500
2016-02-11,27.0,27.709999,26.6,27.309999,25.007351,998300
2016-02-12,27.41,27.889999,27.02,27.190001,24.897467,1144600
2016-02-16,27.639999,28.74,27.209999,28.610001,26.197744,1980700
2016-02-17,28.870001,29.92,28.610001,29.459999,26.976072,1525600
2016-02-18,29.42,29.719999,28.01,28.08,25.712427,1420100
2016-02-19,27.969999,28.74,27.52,28.110001,25.739902,2086100
2016-02-22,28.639999,29.940001,28.33,29.700001,27.195839,1827100
2016-02-23,29.450001,30.540001,29.08,30.26,27.708622,1982600
2016-02-24,28.389999,29.57,27.1,29.459999,26.976072,3350400
2016-02-25,30.139999,30.459999,29.5,30.42,27.855129,965000
2016-02-26,30.530001,30.75,30.059999,30.24,27.690304,1028900
2016-02-29,30.41,31.17,30.23,30.870001,28.267189,1292200
2016-03-01,31.209999,31.530001,30.51,31.4,28.752501,1957600
2016-03-02,31.290001,31.77,30.959999,31.690001,29.018049,992000
2016-03-03,31.42,32.220001,31.27,32.200001,29.639374,1277000
2016-03-04,32.099998,32.900002,32.09,32.400002,29.823469,1001800
2016-03-07,32.18,33.049999,32.18,32.900002,30.283707,713600
2016-03-08,32.790001,33.110001,32.189999,32.27,29.703806,827600
2016-03-09,32.610001,33.23,32.369999,32.990002,30.366545,939300
2016-03-10,33.009998,33.220001,31.860001,32.209999,29.648573,778100
2016-03-11,32.470001,33.220001,32.400002,32.959999,30.338928,1180100
2016-03-14,32.830002,33.110001,32.599998,32.970001,30.348143,1022600
2016-03-15,32.900002,32.900002,32.240002,32.48,29.897102,824100
2016-03-16,32.360001,32.990002,32.060001,32.419998,29.841873,1247100
2016-03-17,32.349998,33.029999,32.139999,32.630001,30.035177,1036300
2016-03-18,32.599998,32.82,32.330002,32.34,29.768242,962100
2016-03-21,32.299999,32.419998,31.700001,31.75,29.225161,1454800
2016-03-22,31.51,32.02,31.0,31.18,28.700485,969100
2016-03-23,31.23,31.24,30.219999,30.309999,27.899668,810800
2016-03-24,30.33,30.450001,29.93,30.35,27.936489,611800
2016-03-28,30.6,30.799999,30.43,30.6,28.166609,496800
2016-03-29,30.48,31.73,30.370001,31.629999,29.114697,755400
2016-03-30,31.809999,31.940001,30.969999,31.030001,28.562414,869600
2016-03-31,31.0,31.08,30.17,30.75,28.304678,913000
2016-04-01,30.549999,31.129999,30.209999,30.99,28.525593,579000
2016-04-04,30.92,31.209999,30.549999,30.77,28.323093,424200
2016-04-05,30.610001,30.92,30.360001,30.799999,28.350706,557600
2016-04-06,30.889999,31.549999,30.780001,31.530001,29.022652,519400
2016-04-07,31.25,31.92,31.110001,31.370001,28.875378,726600
2016-04-08,31.719999,31.860001,30.93,31.030001,28.562414,447400
2016-04-11,31.110001,31.58,30.950001,30.959999,28.497978,338800
2016-04-12,30.959999,31.49,30.77,31.43,28.930601,440300
2016-04-13,31.620001,32.369999,31.440001,32.279999,29.713009,1019700
2016-04-14,32.18,32.25,31.700001,31.959999,29.418451,458500
2016-04-15,31.809999,32.34,31.59,31.98,29.436865,408600
2016-04-18,31.969999,33.09,31.799999,33.060001,30.430984,857200
2016-04-19,32.970001,33.540001,32.52,32.959999,30.338928,661600
2016-04-20,32.900002,33.209999,32.07,33.049999,30.42178,835600
2016-04-21,33.080002,33.200001,32.599998,32.630001,30.035177,508100
2016-04-22,32.57,33.029999,31.85,32.900002,30.283707,361700
2016-04-25,32.599998,33.049999,32.279999,32.669998,30.071997,576500
2016-04-26,32.75,33.200001,32.470001,33.0,30.375753,426800
2016-04-27,33.119999,33.23,32.07,32.630001,30.035177,731800
2016-04-28,32.490002,32.630001,31.91,31.959999,29.418451,1271900
2016-04-29,31.91,32.150002,31.389999,32.07,29.519709,1329400
2016-05-02,32.220001,32.689999,32.049999,32.470001,29.887901,576700
2016-05-03,32.240002,32.779999,32.060001,32.57,29.979946,1328600
2016-05-04,33.529999,33.529999,31.309999,31.77,29.243567,1778900
2016-05-05,31.99,32.389999,31.799999,32.119999,29.565735,615200
2016-05-06,32.0,32.610001,31.459999,32.240002,29.676195,1224800
2016-05-09,32.119999,32.450001,31.75,32.09,29.53812,928200
2016-05-10,32.200001,32.709999,31.84,32.669998,30.071997,675100
2016-05-11,32.48,32.849998,32.349998,32.700001,30.099607,632000
2016-05-12,32.849998,32.919998,31.0,31.07,28.599234,1383000
2016-05-13,31.01,31.1,30.26,30.440001,28.019333,1391600
2016-05-16,30.559999,30.92,30.27,30.690001,28.249451,1255900
2016-05-17,30.540001,30.83,29.940001,30.07,27.678757,942700
2016-05-18,29.950001,29.99,29.360001,29.48,27.135672,719300
2016-05-19,29.389999,30.23,29.1,29.48,27.135672,470500
2016-05-20,29.610001,30.58,29.58,30.27,27.86285,627800
2016-05-23,30.280001,30.389999,29.83,30.0,27.614323,694000
2016-05-24,30.17,30.700001,29.959999,30.52,28.09297,690800
2016-05-25,30.5,30.85,30.33,30.620001,28.185013,1018000
2016-05-26,30.67,31.299999,30.43,31.139999,28.663666,786800
2016-05-27,30.950001,31.49,30.950001,31.370001,29.043253,446700
2016-05-31,31.32,31.83,31.059999,31.629999,29.28397,647200
2016-06-01,31.450001,32.029999,31.190001,32.009998,29.635782,612500
2016-06-02,31.790001,32.09,31.68,32.080002,29.700594,390100
2016-06-03,31.950001,32.009998,31.309999,31.959999,29.589491,508500
2016-06-06,32.099998,32.240002,31.889999,32.02,29.645044,692500
2016-06-07,32.029999,32.52,31.98,32.299999,29.904276,596700
2016-06-08,32.349998,32.529999,31.959999,32.369999,29.969082,617800
2016-06-09,32.18,32.18,31.700001,31.83,29.469133,399900
2016-06-10,31.549999,31.620001,30.879999,31.18,28.867348,421500
2016-06-13,31.030001,31.26,30.43,30.450001,28.191494,379700
2016-06-14,30.4,30.940001,30.4,30.860001,28.571081,803300
2016-06-15,30.780001,31.639999,30.68,31.139999,28.830315,554100
2016-06-16,30.92,31.16,30.34,30.83,28.543306,554900
2016-06-17,30.76,31.09,30.17,30.27,28.024843,841700
2016-06-20,30.620001,30.99,30.42,30.440001,28.182236,489900
2016-06-21,30.35,30.35,29.51,29.719999,27.515638,923700
2016-06-22,29.809999,30.360001,29.67,29.92,27.700808,632800
2016-06-23,30.27,30.52,29.75,30.49,28.228525,525700
2016-06-24,29.17,29.66,28.68,28.940001,26.793493,1241500
2016-06-27,28.41,29.120001,28.16,28.219999,26.126892,1388300
2016-06-28,28.700001,29.370001,28.35,28.959999,26.81201,1121700
2016-06-29,29.08,30.629999,29.02,30.09,27.858194,1751800
2016-06-30,30.290001,30.389999,29.469999,29.860001,27.645254,969000
2016-07-01,29.950001,30.370001,29.790001,29.969999,27.747093,572600
2016-07-05,29.84,30.01,29.27,29.73,27.524895,841300
2016-07-06,29.5,29.6,29.32,29.42,27.23789,578000
2016-07-07,29.540001,29.950001,29.48,29.91,27.691544,406600
2016-07-08,30.0,30.91,29.93,30.469999,28.210009,841900
2016-07-11,30.49,30.870001,30.469999,30.76,28.478498,397500
2016-07-12,30.950001,31.540001,30.870001,31.27,28.950674,856000
2016-07-13,31.530001,31.700001,30.49,30.52,28.2563,783300
2016-07-14,30.780001,31.049999,30.530001,30.93,28.635893,381600
2016-07-15,31.129999,31.129999,30.290001,30.43,28.172976,902600
2016-07-18,30.52,30.83,30.33,30.51,28.247044,602200
2016-07-19,30.52,30.620001,30.209999,30.25,28.006327,683800
2016-07-20,30.42,30.879999,30.0,30.5,28.237785,508500
2016-07-21,30.42,30.73,30.23,30.23,27.98781,467900
2016-07-22,30.24,30.51,29.85,30.190001,27.950775,477200
2016-07-25,30.24,30.33,29.74,29.940001,27.719318,593100
2016-07-26,30.129999,30.129999,28.68,28.799999,26.663876,1477200
2016-07-27,28.82,28.82,28.110001,28.459999,26.349091,1343500
2016-07-28,28.34,28.469999,28.110001,28.120001,26.034311,977200
2016-07-29,28.23,28.299999,27.790001,27.82,25.756559,721600
2016-08-01,27.959999,28.120001,27.540001,27.809999,25.747301,993400
2016-08-02,27.67,28.290001,27.15,27.43,25.395491,1318600
2016-08-03,28.25,29.26,27.65,29.09,26.932367,1724200
2016-08-04,29.0,29.57,28.860001,29.26,27.089758,1139600
2016-08-05,29.51,29.66,29.219999,29.4,27.21937,773000
2016-08-08,29.549999,29.6,29.139999,29.17,27.006432,697900
2016-08-09,29.26,29.58,28.870001,28.879999,26.737938,786000
2016-08-10,28.85,28.969999,28.440001,28.68,26.552782,571400
2016-08-11,28.879999,29.5,28.85,29.4,27.21937,589800
2016-08-12,29.35,29.540001,29.110001,29.33,27.154562,685400
2016-08-15,29.290001,30.18,29.25,29.75,27.543409,597000
2016-08-16,29.700001,29.719999,29.049999,29.110001,26.950884,794200
2016-08-17,29.17,29.33,28.940001,29.32,27.145308,635800
2016-08-18,29.15,29.35,28.719999,28.870001,26.728683,792700
2016-08-19,28.870001,29.4,28.77,29.32,27.145308,982500
2016-08-22,29.34,29.34,28.59,28.76,26.626839,1074900
2016-08-23,28.809999,28.93,28.620001,28.620001,26.497227,501900
2016-08-24,28.67,28.950001,28.610001,28.799999,26.663876,688100
2016-08-25,28.82,28.969999,28.6,28.879999,26.737938,787100
2016-08-26,28.84,29.120001,28.17,28.48,26.367611,920700
2016-08-29,28.66,28.75,28.25,28.620001,26.497227,877600
2016-08-30,28.559999,28.77,28.24,28.610001,26.655615,665300
2016-08-31,28.700001,28.85,28.450001,28.48,26.534494,891200
2016-09-01,28.629999,29.059999,28.33,28.99,27.009653,770000
2016-09-02,29.049999,29.440001,29.049999,29.33,27.326426,538800
2016-09-06,28.860001,29.530001,28.75,29.200001,27.205307,646100
2016-09-07,29.26,29.709999,28.9,29.030001,27.046923,586900
2016-09-08,28.83,29.07,28.639999,29.02,27.037605,566800
2016-09-09,28.870001,28.870001,28.379999,28.42,26.478594,757500
2016-09-12,28.379999,28.77,28.0,28.74,26.776731,761600
2016-09-13,28.33,28.67,27.870001,28.450001,26.506544,1409300
2016-09-14,28.58,28.639999,28.200001,28.35,26.413376,1093800
2016-09-15,28.459999,28.65,28.07,28.57,26.618347,452900
2016-09-16,28.639999,28.84,28.43,28.73,26.76741,1285300
2016-09-19,28.59,28.98,28.389999,28.68,26.720837,662900
2016-09-20,27.27,27.76,25.700001,25.99,24.214588,5461900
2016-09-21,25.83,26.389999,25.76,25.91,24.140053,2524000
2016-09-22,25.91,26.610001,25.799999,26.26,24.466145,2169400
2016-09-23,26.25,27.35,26.25,27.299999,25.435101,1662800
2016-09-26,27.299999,28.08,27.24,27.65,25.761192,1262000
2016-09-27,27.530001,28.23,27.370001,28.049999,26.133865,1340500
2016-09-28,28.209999,28.620001,28.209999,28.52,26.571762,628000
2016-09-29,28.469999,28.65,28.35,28.389999,26.45064,854000
2016-09-30,28.48,28.969999,28.41,28.879999,26.907166,1030900
2016-10-03,28.690001,28.860001,28.57,28.68,26.720837,720900
2016-10-04,28.75,28.950001,28.33,28.43,26.487907,950500
2016-10-05,28.59,28.82,28.459999,28.469999,26.525175,510300
2016-10-06,28.48,28.610001,28.190001,28.5,26.553127,814300
2016-10-07,28.51,28.620001,28.370001,28.459999,26.515858,818600
2016-10-10,28.34,28.4,27.43,27.709999,25.817093,1560900
2016-10-11,27.58,27.620001,27.129999,27.51,25.630756,819100
2016-10-12,27.389999,27.49,27.030001,27.08,25.230129,642800
2016-10-13,26.85,26.889999,25.940001,26.26,24.466145,2190900
2016-10-14,26.35,26.57,25.77,25.860001,24.093468,1807200
2016-10-17,25.65,26.35,25.549999,26.200001,24.410246,1196600
2016-10-18,26.450001,27.1,26.35,26.5,24.689749,954000
2016-10-19,26.65,26.799999,26.4,26.6,24.782919,667000
2016-10-20,26.65,26.700001,26.0,26.299999,24.50341,596100
2016-10-21,26.049999,26.65,25.950001,26.35,24.549995,459100
2016-10-24,26.4,26.75,26.25,26.35,24.549995,460700
2016-10-25,26.35,26.4,25.85,25.9,24.130735,437600
2016-10-26,25.700001,25.950001,25.450001,25.85,24.08415,774600
2016-10-27,25.799999,25.85,24.15,24.799999,23.105879,2063700
2016-10-28,24.75,25.200001,24.65,25.0,23.292215,973400
2016-10-31,25.0,25.25,24.9,25.1,23.385387,929700
2016-11-01,25.0,25.4,24.85,25.030001,23.320169,1649600
2016-11-02,25.049999,25.85,24.65,24.85,23.152466,2588100
2016-11-03,25.15,25.700001,25.049999,25.5,23.75806,2095500
2016-11-04,25.700001,26.15,25.5,25.6,23.851231,1269600
2016-11-07,25.9,26.299999,25.5,26.200001,24.410246,1758600
2016-11-08,26.049999,26.65,25.85,26.200001,24.410246,1118300
2016-11-09,25.549999,27.25,25.35,26.799999,24.969257,2127600
2016-11-10,27.0,27.950001,26.83,27.6,25.714605,1836300
2016-11-11,27.65,29.799999,27.450001,29.6,27.577984,3198200
2016-11-14,29.799999,31.1,29.75,31.0,28.882347,4099200
2016-11-15,31.0,31.299999,30.549999,31.200001,29.068686,2102200
2016-11-16,31.200001,32.049999,30.85,31.700001,29.534529,2256100
2016-11-17,31.85,32.200001,31.629999,31.950001,29.767454,1046700
2016-11-18,32.200001,32.5,31.950001,32.200001,30.000378,1894900
2016-11-21,32.200001,32.5,31.25,31.35,29.208439,1311100
2016-11-22,31.4,32.099998,31.200001,31.75,29.58112,981500
2016-11-23,31.799999,32.099998,31.48,31.950001,29.767454,758300
2016-11-25,31.9,32.400002,31.799999,32.349998,30.140127,495900
2016-11-28,32.099998,32.25,31.129999,31.799999,29.627697,1296300
2016-11-29,31.5,32.549999,31.049999,32.349998,30.311701,1006400
2016-11-30,32.5,33.099998,32.419998,32.549999,30.499102,1227100
2016-12-01,32.650002,32.98,32.25,32.5,30.45225,667700
2016-12-02,32.549999,32.849998,32.150002,32.549999,30.499102,881700
2016-12-05,32.599998,32.799999,32.119999,32.400002,30.358557,1408700
2016-12-06,32.5,33.049999,31.85,33.0,30.920748,1080000
2016-12-07,32.900002,33.700001,32.650002,33.5,31.389246,796500
2016-12-08,33.450001,34.599998,33.450001,34.549999,32.373081,1158400
2016-12-09,34.5,34.75,33.400002,33.900002,31.764048,1948000
2016-12-12,33.299999,33.349998,31.799999,31.9,29.890053,1805800
2016-12-13,31.799999,32.25,31.299999,31.549999,29.562109,2409800
2016-12-14,31.6,32.650002,31.4,31.9,29.890053,1005700
2016-12-15,32.099998,32.599998,31.75,32.400002,30.358557,933700
2016-12-16,32.549999,33.5,32.549999,33.25,31.154997,1690300
2016-12-19,33.450001,33.799999,32.799999,33.049999,30.9676,701700
2016-12-20,33.25,33.650002,33.049999,33.25,31.154997,708500
2016-12-21,33.299999,33.400002,32.799999,33.150002,31.061296,564300
2016-12-22,33.150002,33.299999,32.700001,33.25,31.154997,491400
2016-12-23,33.200001,34.400002,33.099998,34.200001,32.045147,652200
2016-12-27,34.200001,34.549999,33.950001,34.099998,31.951437,543600
2016-12-28,34.099998,34.25,33.200001,33.599998,31.482946,463900
2016-12-29,33.549999,33.950001,33.200001,33.400002,31.295551,665900
2016-12-30,33.5,33.549999,32.98,33.349998,31.248693,565600
2017-01-03,33.75,34.0,33.400002,33.849998,31.71719,783300
2017-01-04,34.0,34.849998,33.130001,34.700001,32.513634,788300
2017-01-05,34.549999,34.549999,33.400002,34.0,31.85774,890500
2017-01-06,34.150002,34.150002,33.200001,33.299999,31.201845,813700
2017-01-09,33.150002,33.25,32.450001,32.5,30.45225,925900
2017-01-10,32.5,32.599998,31.950001,32.349998,30.311701,1048300
2017-01-11,32.25,33.700001,32.0,33.599998,31.482946,1157600
2017-01-12,33.450001,33.450001,32.599998,33.099998,31.014446,504800
2017-01-13,33.25,33.549999,32.200001,32.299999,30.264853,970400
2017-01-17,31.9,32.099998,30.35,30.799999,28.859364,2182400
2017-01-18,30.950001,31.4,30.6,31.35,29.37471,978700
2017-01-19,31.450001,31.799999,31.15,31.5,29.515259,933100
2017-01-20,31.6,32.299999,30.93,32.25,30.218004,1526800
2017-01-23,32.25,32.799999,32.0,32.049999,30.030603,958700
2017-01-24,32.150002,32.5,31.48,32.049999,30.030603,1078700
2017-01-25,32.299999,33.950001,32.299999,33.299999,31.201845,1540500
2017-01-26,33.299999,34.200001,33.299999,33.900002,31.764048,1301100
2017-01-27,33.799999,33.950001,33.549999,33.700001,31.576647,451100
2017-01-30,33.599998,33.75,31.6,33.650002,31.529795,604100
2017-01-31,33.5,33.830002,33.200001,33.75,31.623491,682600
2017-02-01,33.849998,34.299999,33.599998,34.049999,31.904589,842500
2017-02-02,33.849998,33.900002,33.299999,33.349998,31.248693,867000
2017-02-03,33.549999,33.849998,33.25,33.799999,31.670338,459800
2017-02-06,33.650002,34.130001,33.330002,33.799999,31.670338,1410100
2017-02-07,33.799999,34.169998,33.549999,33.799999,31.670338,457100
2017-02-08,33.549999,33.799999,33.099998,33.650002,31.529795,575900
2017-02-09,33.799999,35.200001,33.75,34.900002,32.701035,1043300
2017-02-10,35.25,36.150002,34.75,35.849998,33.591179,1354900
2017-02-13,36.0,36.099998,35.549999,35.700001,33.45063,911800
2017-02-14,35.549999,36.200001,35.200001,35.700001,33.45063,907000
2017-02-15,35.700001,36.349998,35.450001,36.099998,33.825428,1042200
2017-02-16,36.0,36.549999,34.849998,36.299999,34.012821,1376800
2017-02-17,36.25,36.599998,35.900002,36.5,34.200222,1064500
2017-02-21,36.549999,37.150002,35.98,36.900002,34.57502,1881300
2017-02-22,35.799999,39.150002,34.849998,38.549999,36.121056,2298400
2017-02-23,38.650002,40.099998,38.650002,39.799999,37.292297,1483200
2017-02-24,39.549999,40.400002,38.599998,40.299999,37.760796,1327400
2017-02-27,40.25,40.5,39.75,39.950001,37.600788,1507400
2017-02-28,39.900002,40.599998,39.549999,39.900002,37.55373,1642900
2017-03-01,40.549999,42.650002,40.0,41.799999,39.342007,2180200
2017-03-02,41.900002,41.939999,40.700001,40.900002,38.494923,855400
2017-03-03,40.849998,41.549999,40.040001,41.299999,38.871399,536400
2017-03-06,41.049999,42.900002,40.900002,42.700001,40.189079,1292600
2017-03-07,42.900002,42.950001,41.950001,42.299999,39.812599,988100
2017-03-08,42.650002,42.900002,41.400002,41.599998,39.153759,891500
2017-03-09,40.650002,43.049999,40.650002,42.900002,40.377316,2534000
2017-03-10,41.799999,41.849998,40.700001,41.25,38.824345,11841100
2017-03-13,41.400002,41.700001,41.150002,41.25,38.824345,2507600
2017-03-14,41.150002,41.450001,40.950001,41.150002,38.730221,1490200
2017-03-15,41.200001,41.400002,40.200001,40.450001,38.071392,2610700
2017-03-16,40.700001,41.099998,40.200001,40.450001,38.071392,1956100
2017-03-17,40.349998,40.450001,39.349998,39.900002,37.55373,2426700
2017-03-20,39.849998,40.0,39.25,39.900002,37.55373,1878300
2017-03-21,40.099998,40.25,39.049999,39.150002,36.847832,1310100
2017-03-22,39.049999,39.700001,38.98,39.25,36.941948,1141700
2017-03-23,39.299999,40.200001,39.299999,39.700001,37.36549,741700
2017-03-24,39.75,40.150002,39.349998,39.549999,37.224308,1246300
2017-03-27,39.25,40.400002,39.049999,40.25,37.883148,1229500
2017-03-28,40.049999,40.5,39.830002,39.849998,37.506668,906600
2017-03-29,39.700001,40.049999,39.450001,39.950001,37.600788,1031700
2017-03-30,40.25,41.200001,40.200001,40.950001,38.541981,1187000
2017-03-31,40.950001,41.200001,40.400002,40.5,38.118446,1855900
2017-04-03,40.5,40.799999,39.700001,40.0,37.647854,790500
2017-04-04,39.900002,40.529999,39.650002,40.5,38.118446,1703700
2017-04-05,40.75,40.900002,40.049999,40.349998,37.977268,1148900
2017-04-06,40.349998,40.5,39.599998,40.25,37.883148,1599800
2017-04-07,40.049999,40.23,39.0,39.849998,37.506668,821900
2017-04-10,40.049999,40.150002,39.599998,39.650002,37.318424,1040500
2017-04-11,39.549999,39.849998,39.299999,39.549999,37.224308,720200
2017-04-12,39.549999,39.75,39.029999,39.200001,36.89489,820500
2017-04-13,39.0,39.349998,38.549999,38.849998,36.565468,1179500
2017-04-17,38.950001,39.400002,38.799999,38.950001,36.659592,744200
2017-04-18,38.849998,39.299999,38.189999,39.200001,36.89489,542300
2017-04-19,39.400002,41.200001,39.400002,40.400002,38.024323,2744200
2017-04-20,40.549999,41.200001,40.169998,40.349998,37.977268,1702800
2017-04-21,40.25,40.5,39.849998,39.900002,37.55373,989400
2017-04-24,40.650002,40.650002,39.150002,39.450001,37.130188,1207900
2017-04-25,39.700001,39.75,39.25,39.299999,36.989014,1083900
2017-04-26,39.299999,40.599998,39.18,40.349998,37.977268,1498000
2017-04-27,40.549999,40.599998,39.849998,40.349998,37.977268,737900
2017-04-28,40.400002,40.400002,39.400002,39.450001,37.130188,897800
2017-05-01,39.549999,39.700001,37.93,38.400002,36.141941,1998700
2017-05-02,38.549999,38.580002,37.650002,38.349998,36.094872,1883300
2017-05-03,39.450001,39.450001,36.099998,37.349998,35.153679,2962300
2017-05-04,37.400002,37.91,35.73,36.75,34.588963,2379800
2017-05-05,36.849998,37.23,36.549999,36.950001,34.777206,1097800
2017-05-08,41.0,41.150002,35.049999,36.130001,34.005417,14833700
2017-05-09,36.299999,36.549999,35.0,35.349998,33.271286,3907400
2017-05-10,35.049999,35.299999,33.599998,34.150002,32.14185,4821900
2017-05-11,34.049999,35.049999,34.049999,34.950001,32.89481,3500700
2017-05-12,34.900002,36.450001,34.349998,34.900002,32.847748,7574600
2017-05-15,34.549999,34.799999,33.950001,34.200001,32.188919,3615600
2017-05-16,34.400002,34.650002,33.23,33.599998,31.624195,4293600
2017-05-17,33.25,33.400002,32.299999,32.5,30.588875,4113000
2017-05-18,32.5,32.900002,32.25,32.299999,30.400637,3169600
2017-05-19,32.349998,33.200001,32.349998,33.099998,31.153593,1790300
2017-05-22,33.299999,33.799999,32.849998,33.599998,31.624195,1509100
2017-05-23,33.700001,34.150002,33.0,34.0,32.000671,2236800
2017-05-24,34.0,34.5,33.849998,34.25,32.235973,2481400
2017-05-25,34.25,34.299999,33.25,33.349998,31.388891,1997700
2017-05-26,33.25,33.630001,32.599998,33.549999,31.577127,1069700
2017-05-30,33.349998,34.650002,32.34,32.75,30.990444,2442100
2017-05-31,32.700001,33.0,31.950001,32.400002,30.65925,2952900
2017-06-01,32.349998,33.599998,32.169998,33.599998,31.794783,1940100
2017-06-02,32.900002,33.950001,32.900002,33.799999,31.984026,1744100
2017-06-05,33.650002,33.98,33.299999,33.849998,32.031342,1750100
2017-06-06,33.599998,33.900002,33.450001,33.650002,31.842089,903200
2017-06-07,33.75,34.900002,33.400002,34.75,32.882996,3202600
2017-06-08,34.650002,34.669998,33.950001,34.099998,32.267914,1135500
2017-06-09,34.049999,34.5,33.849998,34.25,32.409855,1946000
2017-06-12,34.349998,35.099998,33.900002,34.599998,32.741043,1759100
2017-06-13,34.75,35.23,34.549999,35.150002,33.261501,1498500
2017-06-14,35.049999,35.150002,34.450001,34.849998,32.977619,1319700
2017-06-15,34.549999,37.25,34.200001,36.150002,34.207764,6428600
2017-06-16,35.900002,36.150002,34.900002,35.099998,33.214188,2497400
2017-06-19,35.200001,35.299999,34.400002,34.799999,32.930302,1427500
2017-06-20,34.799999,34.799999,32.900002,33.049999,31.274328,3078300
2017-06-21,33.0,33.549999,32.400002,33.099998,31.321638,1574400
2017-06-22,33.200001,33.299999,32.5,32.650002,30.895815,1043300
2017-06-23,32.700001,33.599998,32.099998,33.400002,31.605526,1436300
2017-06-26,33.549999,34.099998,33.25,33.830002,32.012421,1080700
2017-06-27,33.799999,34.049999,32.900002,32.950001,31.179697,1289200
2017-06-28,33.150002,34.099998,33.150002,33.75,31.936718,1258300
2017-06-29,33.799999,34.099998,33.0,33.5,31.70015,1090400
2017-06-30,33.549999,33.849998,32.650002,32.900002,31.132385,1228900
2017-07-03,33.099998,33.450001,32.650002,32.799999,31.03776,396000
2017-07-05,32.799999,33.150002,32.349998,32.5,30.753872,954100
2017-07-06,32.25,32.849998,31.950001,32.5,30.753872,958200
2017-07-07,32.599998,33.099998,32.400002,32.849998,31.085068,652700
2017-07-10,32.799999,33.130001,32.299999,32.849998,31.085068,832700
2017-07-11,32.900002,33.279999,32.5,33.099998,31.321638,740800
2017-07-12,33.25,33.5,32.400002,32.900002,31.132385,879300
2017-07-13,32.900002,33.400002,32.650002,33.099998,31.321638,705800
2017-07-14,33.150002,34.150002,33.130001,33.700001,31.889404,1121900
2017-07-17,33.700001,34.200001,33.23,33.650002,31.842089,1261800
2017-07-18,33.549999,33.779999,33.099998,33.299999,31.510893,554300
2017-07-19,33.5,34.169998,33.349998,33.75,31.936718,1145200
2017-07-20,34.0,34.700001,33.75,34.5,32.646416,2109900
2017-07-21,34.599998,34.75,34.299999,34.5,32.646416,1051200
2017-07-24,34.5,35.25,34.0,34.799999,32.930302,1258400
2017-07-25,34.849998,35.450001,34.599998,35.200001,33.308811,1692400
2017-07-26,35.299999,36.400002,35.150002,36.349998,34.397018,1852900
2017-07-27,36.400002,36.950001,36.0,36.400002,34.444344,2593700
2017-07-28,36.299999,36.900002,36.25,36.75,34.775536,1537600
2017-07-31,36.650002,36.849998,35.200001,36.049999,34.113144,1894300
2017-08-01,36.200001,36.849998,35.75,36.799999,34.822849,1532500
2017-08-02,36.900002,37.169998,34.169998,34.900002,33.024929,2279400
2017-08-03,33.0,33.25,31.5,31.9,30.18611,8112700
2017-08-04,31.700001,31.85,31.0,31.4,29.712971,4146000
2017-08-07,31.450001,32.5,31.4,31.5,29.8076,1699600
2017-08-08,31.5,32.200001,31.35,31.75,30.044172,1904800
2017-08-09,31.549999,31.780001,30.950001,31.1,29.42909,2005900
2017-08-10,30.9,31.25,30.65,30.700001,29.050587,1655500
2017-08-11,30.75,31.4,30.450001,31.35,29.665661,1062300
2017-08-14,31.6,32.5,30.049999,30.15,28.530134,2412300
2017-08-15,30.15,30.35,29.15,29.200001,27.631172,2933900
2017-08-16,29.35,29.85,28.75,29.799999,28.19894,3000100
2017-08-17,29.75,30.5,29.450001,29.75,28.151623,2261500
2017-08-18,29.65,30.15,29.549999,29.700001,28.104309,1240500
2017-08-21,29.700001,29.700001,28.85,29.25,27.678492,1109500
2017-08-22,29.35,30.1,29.35,29.950001,28.340879,811500
2017-08-23,29.75,29.83,29.280001,29.35,27.773117,1171200
2017-08-24,29.549999,30.5,29.4,30.25,28.62476,1042300
2017-08-25,30.299999,30.700001,30.0,30.1,28.482824,1099000
2017-08-28,30.1,30.25,29.65,29.799999,28.19894,998200
2017-08-29,29.65,29.799999,29.450001,29.6,28.009684,602200
2017-08-30,29.5,32.450001,29.35,31.450001,29.942373,4257500
2017-08-31,31.4,31.43,30.129999,30.25,28.799894,2212100
2017-09-01,30.299999,30.549999,30.25,30.35,28.895105,938400
2017-09-05,30.299999,30.450001,29.379999,29.700001,28.276262,1521700
2017-09-06,29.75,29.9,29.48,29.6,28.181055,1081400
2017-09-07,29.549999,29.549999,28.25,28.4,27.038578,1446100
2017-09-08,28.35,28.700001,28.1,28.5,27.133787,1125100
2017-09-11,28.549999,29.0,28.049999,28.35,26.990978,1387300
2017-09-12,28.549999,29.049999,28.299999,28.700001,27.324198,944700
2017-09-13,28.6,28.950001,28.35,28.450001,27.086184,1382000
2017-09-14,28.299999,28.450001,26.700001,27.200001,25.896105,3916300
2017-09-15,27.049999,27.950001,27.049999,27.9,26.56255,2503300
2017-09-18,27.85,29.5,27.75,28.6,27.228991,1923200
2017-09-19,28.549999,28.85,28.25,28.65,27.276594,1024500
2017-09-20,28.799999,29.1,28.299999,28.549999,27.181389,1131300
2017-09-21,28.450001,28.6,28.15,28.450001,27.086184,893800
2017-09-22,28.25,29.4,28.25,29.35,27.943041,1669400
2017-09-25,29.5,30.200001,29.25,29.6,28.181055,1798000
2017-09-26,29.65,29.93,29.4,29.700001,28.276262,1442300
2017-09-27,29.75,30.299999,29.280001,30.0,28.561878,1789200
2017-09-28,30.0,31.200001,29.799999,31.049999,29.561544,2142700
2017-09-29,31.15,32.25,31.049999,32.049999,30.513609,3262000
2017-10-02,31.950001,32.150002,29.799999,30.75,29.275927,4016400
2017-10-03,30.950001,31.549999,30.33,31.549999,30.03758,1588900
2017-10-04,31.5,32.75,31.5,32.349998,30.799227,1958400
2017-10-05,32.25,32.75,32.150002,32.25,30.70402,870400
2017-10-06,32.099998,32.580002,31.35,32.25,30.70402,1306900
2017-10-09,32.200001,32.360001,31.200001,31.4,29.894766,1235700
2017-10-10,31.549999,31.700001,30.85,31.15,29.656748,1024400
2017-10-11,31.1,31.35,30.65,30.799999,29.32353,596700
2017-10-12,30.450001,30.450001,29.33,29.65,28.228657,1493300
2017-10-13,29.65,31.549999,29.15,30.549999,29.08551,3385900
2017-10-16,30.75,31.15,29.950001,30.299999,28.847498,984200
2017-10-17,30.35,30.4,29.85,30.049999,28.60948,654500
2017-10-18,30.299999,30.950001,30.25,30.35,28.895105,995200
2017-10-19,30.200001,30.299999,29.15,30.200001,28.752295,1235300
2017-10-20,30.75,31.23,30.549999,30.75,29.275927,1125000
2017-10-23,30.65,30.75,30.049999,30.1,28.657089,957600
2017-10-24,30.049999,30.950001,30.049999,30.799999,29.32353,1214600
2017-10-25,30.85,31.299999,30.35,31.0,29.513945,1384500
2017-10-26,31.1,32.130001,30.799999,31.4,29.894766,1644900
2017-10-27,31.450001,31.5,30.200001,31.0,29.513945,998100
2017-10-30,31.1,31.6,30.75,31.35,29.847166,1119900
2017-10-31,31.5,31.950001,31.25,31.700001,30.180387,1632700
2017-11-01,30.5,31.35,29.6,31.049999,29.561544,3338800
2017-11-02,30.799999,31.1,30.08,30.65,29.180717,1579500
2017-11-03,30.700001,31.059999,29.950001,30.0,28.561878,1214100
2017-11-06,29.85,30.4,29.200001,30.299999,28.847498,1820700
2017-11-07,30.200001,30.75,29.950001,30.049999,28.60948,1122400
2017-11-08,30.1,30.1,29.530001,29.85,28.419071,1331300
2017-11-09,29.75,31.6,29.4,31.549999,30.03758,1436100
2017-11-10,31.75,32.099998,31.549999,31.75,30.227991,1319600
2017-11-13,31.4,31.6,30.85,31.15,29.656748,1013600
2017-11-14,31.1,31.700001,30.9,31.4,29.894766,879800
2017-11-15,31.25,31.5,30.799999,31.1,29.609148,1014100
2017-11-16,31.15,32.919998,31.1,32.549999,30.989639,1375100
2017-11-17,32.700001,33.400002,32.400002,33.049999,31.46567,1544300
2017-11-20,32.950001,33.200001,32.150002,32.900002,31.322865,936300
2017-11-21,33.049999,33.150002,32.5,32.599998,31.037245,981400
2017-11-22,32.650002,33.25,32.549999,33.200001,31.60848,838900
2017-11-24,33.25,33.450001,33.029999,33.150002,31.560875,274900
2017-11-27,33.5,34.099998,33.049999,33.200001,31.60848,980700
2017-11-28,33.349998,34.0,32.419998,33.75,32.132118,1273400
2017-11-29,33.700001,34.599998,33.700001,34.349998,32.70335,1909000
2017-11-30,33.099998,34.200001,32.549999,34.049999,32.588501,2482100
2017-12-01,33.950001,34.099998,33.049999,33.900002,32.444942,1518100
2017-12-04,34.150002,34.830002,33.900002,34.599998,33.114891,1695900
2017-12-05,34.599998,34.700001,33.599998,33.650002,32.205673,1078400
2017-12-06,33.75,34.299999,33.450001,34.150002,32.684216,895600
2017-12-07,34.0,35.450001,33.799999,35.400002,33.880558,2112200
2017-12-08,35.549999,35.900002,35.150002,35.650002,34.119827,1376700
2017-12-11,35.849998,36.279999,35.650002,36.0,34.454807,2183800
2017-12-12,36.049999,36.299999,35.900002,36.099998,34.550514,2238900
2017-12-13,36.299999,36.639999,35.860001,36.400002,34.837639,1614900
2017-12-14,37.099998,37.150002,36.25,36.650002,35.076908,1759800
2017-12-15,36.75,37.549999,36.75,37.349998,35.746857,1811400
2017-12-18,37.650002,38.299999,37.450001,38.099998,36.464668,1457200
2017-12-19,38.049999,38.25,37.700001,37.849998,36.225391,958300
2017-12-20,38.099998,38.549999,37.849998,38.400002,36.751797,1679600
2017-12-21,38.599998,38.700001,37.779999,37.849998,36.225391,579500
2017-12-22,37.700001,38.25,37.400002,38.200001,36.560375,768900
2017-12-26,38.150002,38.799999,38.150002,38.400002,36.751797,761800
2017-12-27,38.450001,39.0,38.049999,38.150002,36.512527,429500
2017-12-28,38.150002,38.299999,37.700001,38.049999,36.416813,546100
2017-12-29,38.200001,38.200001,37.599998,37.849998,36.225391,640400
2018-01-02,38.200001,38.200001,37.0,37.150002,35.555447,1208400
2018-01-03,36.950001,37.150002,35.950001,36.0,34.454807,2077800
2018-01-04,36.099998,36.900002,34.700001,35.349998,33.832703,1809400
2018-01-05,34.75,35.580002,34.580002,35.099998,33.593437,2282500
2018-01-08,35.150002,35.299999,34.580002,34.700001,33.210606,2490700
2018-01-09,34.700001,36.299999,34.599998,35.599998,34.071976,2630800
2018-01-10,35.599998,39.599998,35.549999,38.75,37.086769,4265600
2018-01-11,39.0,39.75,38.529999,39.400002,37.708874,2284400
2018-01-12,39.200001,39.349998,38.650002,39.049999,37.37389,1126900
2018-01-16,39.25,40.150002,39.150002,39.349998,37.661018,1480600
2018-01-17,39.650002,39.900002,38.950001,39.150002,37.469604,1214300
2018-01-18,38.900002,40.080002,38.900002,39.900002,38.187412,1087800
2018-01-19,39.900002,40.099998,39.049999,39.799999,38.091702,780300
2018-01-22,39.75,40.049999,39.380001,39.849998,38.139557,962500
2018-01-23,39.849998,40.0,38.900002,39.5,37.804577,1245000
2018-01-24,39.799999,40.0,38.849998,39.0,37.326038,975700
2018-01-25,38.950001,39.450001,38.950001,39.200001,37.517452,729700
2018-01-26,39.349998,39.599998,38.799999,39.349998,37.661018,1453800
2018-01-29,39.400002,39.400002,38.299999,38.849998,37.182476,1961800
2018-01-30,38.599998,39.049999,38.400002,38.450001,36.799648,1000800
2018-01-31,38.650002,38.849998,36.73,37.099998,35.507591,1726500
2018-02-01,37.0,37.849998,36.299999,37.200001,35.603302,1302700
2018-02-02,37.200001,37.299999,36.099998,36.25,34.69408,774000
2018-02-05,36.200001,36.599998,35.400002,35.549999,34.024117,1025300
2018-02-06,35.099998,36.5,34.849998,35.75,34.215538,1850400
2018-02-07,35.75,36.150002,35.25,35.599998,34.071976,1418200
2018-02-08,35.799999,36.799999,34.349998,34.650002,33.16275,1696000
2018-02-09,34.75,35.400002,33.669998,34.950001,33.449875,2143900
2018-02-12,34.900002,35.900002,34.900002,35.549999,34.024117,854000
2018-02-13,35.549999,36.799999,35.549999,36.450001,34.885498,1206100
2018-02-14,36.200001,36.950001,36.0,36.650002,35.076908,1367400
2018-02-15,36.75,37.400002,36.200001,37.25,35.651157,1335300
2018-02-16,37.099998,37.549999,36.150002,36.299999,34.741928,1443900
2018-02-20,36.150002,37.0,35.650002,36.650002,35.076908,705400
2018-02-21,36.799999,37.150002,36.599998,36.599998,35.029053,804600
2018-02-22,36.599998,36.900002,35.150002,35.599998,34.071976,2027600
2018-02-23,35.599998,37.200001,35.599998,36.400002,34.837639,1020100
2018-02-26,36.599998,36.950001,36.049999,36.650002,35.076908,1013400
2018-02-27,36.599998,36.599998,35.799999,36.049999,34.502663,1258500
2018-02-28,32.400002,34.900002,32.349998,33.799999,32.349239,4684000
2018-03-01,33.950001,34.799999,32.700001,33.380001,31.947262,2899300
2018-03-02,33.25,35.200001,32.950001,35.0,33.497726,1397800
2018-03-05,34.549999,34.950001,33.950001,34.049999,32.588501,1316400
2018-03-06,34.0,34.25,33.48,33.849998,32.397087,1203200
2018-03-07,33.549999,33.900002,33.200001,33.650002,32.205673,970100
2018-03-08,33.599998,33.900002,33.049999,33.150002,31.897757,795200
2018-03-09,33.400002,34.25,33.099998,33.650002,32.378872,851200
2018-03-12,33.799999,34.450001,33.650002,33.849998,32.57132,851700
2018-03-13,34.0,34.349998,33.0,33.049999,31.801537,1104400
2018-03-14,33.049999,33.299999,32.799999,33.0,31.753426,606500
2018-03-15,32.950001,33.25,32.25,32.549999,31.320427,954200
2018-03-16,32.549999,32.799999,32.200001,32.200001,30.983646,1497500
2018-03-19,32.0,32.349998,31.75,31.85,30.646868,786900
2018-03-20,32.200001,32.200001,31.450001,31.5,30.310089,934300
2018-03-21,31.4,31.85,31.299999,31.450001,30.261978,565300
2018-03-22,31.25,31.530001,31.0,31.1,29.9252,823300
2018-03-23,31.049999,31.5,30.85,30.85,29.684645,821100
2018-03-26,31.200001,31.5,30.549999,31.450001,30.261978,850800
2018-03-27,31.6,32.900002,31.35,31.799999,30.598753,639500
2018-03-28,31.799999,32.200001,31.200001,31.299999,30.117641,1345100
2018-03-29,31.5,31.799999,31.1,31.299999,30.117641,902100
2018-04-02,31.25,31.450001,29.85,30.0,28.866753,1651400
2018-04-03,30.1,30.4,29.75,30.0,28.866753,1952900
2018-04-04,29.700001,30.15,29.23,29.950001,28.81864,1179500
2018-04-05,30.049999,30.15,29.65,29.85,28.722418,895500
2018-04-06,29.700001,30.1,29.700001,29.950001,28.81864,1126900
2018-04-09,30.1,30.299999,29.6,29.65,28.529972,933200
2018-04-10,29.85,30.0,29.049999,29.299999,28.193192,1599500
2018-04-11,29.200001,29.75,28.950001,29.450001,28.337528,1041500
2018-04-12,29.549999,29.950001,29.23,29.5,28.385639,1107200
2018-04-13,29.65,29.75,28.93,29.1,28.00075,1068300
2018-04-16,29.200001,30.129999,29.1,29.75,28.626196,1937200
2018-04-17,29.9,30.049999,29.200001,29.25,28.145082,876800
2018-04-18,29.25,29.700001,29.200001,29.35,28.241308,1419900
2018-04-19,29.549999,31.15,29.450001,30.6,29.444088,1928000
2018-04-20,30.5,30.799999,28.9,29.4,28.289415,2764100
2018-04-23,29.65,29.700001,28.950001,29.049999,27.952637,1043000
2018-04-24,29.25,29.5,28.700001,28.9,27.808302,1074800
2018-04-25,29.299999,30.4,29.1,29.85,28.722418,2078800
2018-04-26,29.799999,29.85,28.700001,28.9,27.808302,1659500
2018-04-27,29.0,29.15,28.1,28.200001,27.134747,1413300
2018-04-30,28.35,28.6,28.049999,28.35,27.279079,1664600
2018-05-01,28.35,28.6,27.549999,28.1,27.038527,1748000
2018-05-02,28.0,28.299999,27.65,27.65,26.60552,1267100
2018-05-03,27.5,27.6,26.5,27.049999,26.028187,2143400
2018-05-04,27.049999,27.950001,26.85,27.65,26.60552,1916600
2018-05-07,28.0,28.4,27.65,28.25,27.182856,2299300
2018-05-08,28.299999,28.799999,27.15,27.299999,26.268744,2246100
2018-05-09,28.1,30.35,28.1,29.85,28.722418,2811400
2018-05-10,29.4,29.93,29.0,29.549999,28.43375,1422400
2018-05-11,29.700001,29.950001,29.450001,29.799999,28.674303,1005500
2018-05-14,29.65,30.4,29.35,30.25,29.107307,1008700
2018-05-15,30.299999,30.6,30.1,30.549999,29.395975,1323700
2018-05-16,30.5,30.9,30.0,30.75,29.588419,1248900
2018-05-17,30.549999,31.049999,30.15,30.200001,29.059195,1016000
2018-05-18,30.35,31.049999,30.200001,30.799999,29.636532,1169000
2018-05-21,30.75,31.049999,30.549999,31.0,29.828976,2450900
2018-05-22,30.75,30.85,29.9,30.049999,28.91486,1308300
2018-05-23,30.049999,30.049999,29.0,29.0,27.904528,1369600
2018-05-24,28.950001,29.25,28.700001,28.75,27.663969,1034100
2018-05-25,28.799999,29.08,28.75,28.85,27.760195,901500
2018-05-29,28.700001,28.799999,28.049999,28.299999,27.230968,724200
2018-05-30,28.25,28.85,27.9,28.0,26.942299,1107400
2018-05-31,27.950001,28.0,27.049999,27.4,26.535553,1725900
2018-06-01,27.5,27.799999,27.049999,27.700001,26.826086,1771800
2018-06-04,27.700001,28.200001,27.6,28.1,27.213469,1570100
2018-06-05,28.0,28.25,27.85,27.950001,27.068201,646200
2018-06-06,28.049999,28.65,27.530001,28.450001,27.552429,1007500
2018-06-07,28.6,29.200001,28.450001,29.1,28.181919,1387700
2018-06-08,29.15,29.799999,28.85,29.75,28.811411,1252700
2018-06-11,29.700001,31.25,29.700001,30.700001,29.731441,1621400
2018-06-12,30.85,31.15,30.4,31.049999,30.0704,1138800
2018-06-13,31.85,32.650002,31.5,31.9,30.893581,2790000
2018-06-14,32.0,33.099998,31.950001,33.0,31.958874,2937100
2018-06-15,33.700001,33.700001,32.150002,32.599998,31.571499,2057900
2018-06-18,32.299999,32.900002,32.0,32.650002,31.619921,731600
2018-06-19,32.650002,33.200001,32.549999,32.900002,31.862036,1785500
2018-06-20,33.099998,33.849998,32.98,33.5,32.443104,2182600
2018-06-21,33.450001,33.650002,32.25,32.299999,31.280964,2025700
2018-06-22,32.349998,32.98,32.0,32.75,31.716764,2468500
2018-06-25,32.900002,33.200001,32.5,32.900002,31.862036,1007300
2018-06-26,32.900002,33.299999,32.099998,33.25,32.200989,909400
2018-06-27,33.150002,33.349998,32.799999,32.900002,31.862036,587100
2018-06-28,33.0,33.0,32.049999,32.450001,31.426231,829900
2018-06-29,32.349998,32.599998,31.9,32.150002,31.135695,711300
2018-07-02,31.9,32.150002,31.299999,31.9,30.893581,1599400
2018-07-03,32.200001,32.799999,32.0,32.25,31.232536,388900
2018-07-05,32.349998,32.75,32.25,32.5,31.474653,1291200
2018-07-06,32.549999,33.150002,32.549999,33.049999,32.007298,929700
2018-07-09,33.299999,33.799999,32.799999,33.549999,32.491528,994500
2018-07-10,33.650002,33.700001,32.700001,32.849998,31.81361,1010300
2018-07-11,32.799999,33.950001,32.599998,33.0,31.958874,1790300
2018-07-12,33.0,33.349998,32.549999,33.0,31.958874,865200
2018-07-13,33.150002,33.5,32.549999,32.950001,31.910458,775600
2018-07-16,32.950001,33.200001,29.049999,29.1,28.181919,6120500
2018-07-17,28.799999,29.4,28.0,28.049999,27.165045,4673800
2018-07-18,28.1,28.200001,26.950001,27.4,26.535553,5440800
2018-07-19,27.25,27.299999,25.98,26.299999,25.470257,5344800
2018-07-20,26.1,26.950001,25.5,26.9,26.051327,3794800
2018-07-23,26.65,26.9,26.379999,26.700001,25.857639,1501000
2018-07-24,26.85,26.85,25.809999,26.049999,25.228142,2454800
2018-07-25,26.6,27.15,26.450001,27.049999,26.196594,2845300
2018-07-26,27.1,27.799999,26.35,26.65,25.809214,1747200
2018-07-27,26.65,26.799999,25.5,25.75,24.937609,1085700
2018-07-30,25.75,26.299999,25.549999,25.85,25.034452,1499900
2018-07-31,25.799999,26.1,25.530001,25.799999,24.986031,843100
2018-08-01,25.65,25.85,25.299999,25.4,24.598648,1016600
2018-08-02,25.450001,25.549999,25.129999,25.450001,24.647074,744600
2018-08-03,25.5,26.0,25.5,25.75,24.937609,1067700
2018-08-06,25.799999,26.049999,25.6,25.9,25.082874,1432500
2018-08-07,26.049999,26.700001,25.9,26.0,25.179722,1628300
2018-08-08,26.65,27.75,26.450001,27.1,26.245018,3534300
2018-08-09,26.0,28.0,25.65,27.799999,26.92293,6000300
2018-08-10,27.6,28.299999,27.5,27.9,27.019777,2966900
2018-08-13,28.1,28.200001,27.450001,27.9,27.019777,1101300
2018-08-14,28.15,28.58,27.950001,28.1,27.213469,1868600
2018-08-15,27.950001,28.65,27.549999,28.549999,27.649271,1262800
2018-08-16,28.75,29.129999,28.6,28.950001,28.036652,1007800
2018-08-17,28.75,29.15,28.549999,28.700001,27.794538,749800
2018-08-20,28.700001,29.1,28.65,28.799999,27.891384,1162800
2018-08-21,28.65,30.0,28.65,29.450001,28.520876,2006000
2018-08-22,29.450001,29.85,29.450001,29.6,28.666145,1049900
2018-08-23,29.4,29.58,29.1,29.299999,28.375608,714600
2018-08-24,29.25,29.530001,29.08,29.25,28.327187,1025200
2018-08-27,29.200001,29.629999,29.0,29.049999,28.133495,606100
2018-08-28,29.1,29.299999,28.799999,29.0,28.085075,794500
2018-08-29,29.049999,29.23,28.5,28.65,27.746117,1013800
2018-08-30,27.950001,28.549999,27.799999,28.25,27.531712,1127300
2018-08-31,28.35,29.0,28.049999,28.950001,28.213913,771700
2018-09-04,28.799999,28.799999,28.1,28.1,27.385525,763200
2018-09-05,28.15,29.15,28.0,28.75,28.018995,1189000
2018-09-06,27.85,28.75,27.25,27.25,26.557137,1618700
2018-09-07,27.15,27.950001,27.049999,27.200001,26.508411,1403600
2018-09-10,27.35,27.629999,26.9,27.0,26.313492,1377400
2018-09-11,26.85,27.4,26.85,27.25,26.557137,1769600
2018-09-12,27.4,27.950001,27.33,27.950001,27.23934,1832400
2018-09-13,27.9,28.35,27.85,27.9,27.190609,1439500
2018-09-14,27.799999,28.1,27.700001,27.799999,27.093151,1173100
2018-09-17,27.9,28.299999,27.65,28.08,27.366032,754400
2018-09-18,28.049999,28.549999,28.049999,28.15,27.434252,1022700
2018-09-19,28.200001,28.700001,28.200001,28.43,27.707134,942800
2018-09-20,28.299999,28.9,28.299999,28.48,27.755859,3278600
2018-09-21,28.450001,28.65,28.299999,28.35,27.629168,1517400
2018-09-24,28.4,28.6,28.0,28.15,27.434252,895100
2018-09-25,28.200001,28.75,28.049999,28.25,27.531712,758700
2018-09-26,28.15,28.549999,27.799999,27.85,27.14188,1060900
2018-09-27,27.85,28.5,27.629999,27.9,27.190609,827800
2018-09-28,27.75,28.4,27.549999,28.35,27.629168,1386400
2018-10-01,28.440001,28.709999,27.879999,28.02,27.307558,1232800
2018-10-02,28.030001,29.129999,27.969999,28.620001,27.892303,1372400
2018-10-03,28.82,29.309999,28.790001,29.17,28.428318,1493700
2018-10-04,29.15,29.299999,28.67,28.74,28.009253,755500
2018-10-05,28.75,29.18,28.450001,28.530001,27.804594,901900
2018-10-08,28.58,29.559999,28.440001,29.4,28.65247,908600
2018-10-09,29.35,29.73,29.09,29.219999,28.477047,779200
2018-10-10,29.25,29.65,28.26,28.280001,27.560947,1145400
2018-10-11,28.370001,28.57,27.809999,27.940001,27.229593,1156700
2018-10-12,28.24,28.49,27.950001,28.200001,27.482983,778200
2018-10-15,28.200001,29.110001,28.200001,28.870001,28.135948,840000
2018-10-16,29.4,29.950001,29.049999,29.91,29.149504,1333700
2018-10-17,29.870001,30.139999,29.58,29.629999,28.876623,1046300
2018-10-18,29.559999,29.98,29.370001,29.709999,28.954588,695200
2018-10-19,29.639999,30.049999,29.219999,29.469999,28.72069,889500
2018-10-22,29.559999,29.98,29.43,29.51,28.759674,923100
2018-10-23,29.18,29.49,28.559999,29.01,28.272387,1155300
2018-10-24,29.01,29.16,26.57,26.6,25.923662,2649400
2018-10-25,26.639999,27.139999,26.42,26.719999,26.040609,1353300
2018-10-26,26.389999,26.889999,26.040001,26.370001,25.699512,1020300
2018-10-29,26.629999,27.6,26.42,26.77,26.089342,1163000
2018-10-30,26.85,28.15,26.85,28.02,27.307558,1279200
2018-10-31,28.190001,28.879999,28.110001,28.639999,27.911795,1200100
2018-11-01,28.719999,30.0,28.719999,29.68,28.92535,2158700
2018-11-02,29.889999,30.07,29.25,29.5,28.749928,887000
2018-11-05,29.58,30.07,28.82,29.91,29.149504,965100
2018-11-06,29.99,30.780001,29.709999,30.57,29.792723,1441300
2018-11-07,30.959999,32.080002,30.26,31.389999,30.591871,2261700
2018-11-08,31.799999,32.299999,31.219999,31.77,30.96221,1509600
2018-11-09,31.709999,32.09,31.26,31.4,30.60162,1303200
2018-11-12,31.35,31.799999,31.25,31.280001,30.484669,1147800
2018-11-13,31.450001,31.68,31.209999,31.379999,30.582125,1536500
2018-11-14,31.719999,31.780001,30.83,30.879999,30.094839,1613700
2018-11-15,30.82,30.870001,30.059999,30.67,29.890181,1314300
2018-11-16,30.360001,30.76,30.360001,30.48,29.705008,1222300
2018-11-19,30.57,30.6,30.049999,30.370001,29.597805,1393000
2018-11-20,30.24,30.24,29.030001,29.08,28.340609,1193400
2018-11-21,29.110001,30.65,29.110001,30.440001,29.666027,1686900
2018-11-23,30.35,30.93,30.17,30.58,29.802467,835800
2018-11-26,30.82,31.23,30.68,30.75,29.968145,1068000
2018-11-27,30.700001,31.129999,30.700001,30.98,30.192295,717300
2018-11-28,31.1,31.450001,30.690001,30.91,30.124077,1301100
2018-11-29,30.610001,31.4,30.610001,31.24,30.643963,1103100
2018-11-30,31.120001,31.610001,30.9,31.450001,30.849958,1220900
2018-12-03,31.75,32.0,31.040001,31.690001,31.085381,1264400
2018-12-04,31.48,31.809999,30.84,30.889999,30.30064,1024700
2018-12-06,30.450001,30.92,29.1,30.85,30.261406,1072400
2018-12-07,30.83,31.16,30.48,30.66,30.075029,837200
2018-12-10,30.639999,30.879999,29.799999,30.059999,29.486479,966100
2018-12-11,30.32,31.1,30.15,30.299999,29.721899,666300
2018-12-12,30.76,31.0,29.93,29.950001,29.378578,810300
2018-12-13,29.959999,30.200001,28.389999,28.75,28.201469,1607600
2018-12-14,28.59,29.02,28.26,28.370001,27.828722,1132500
2018-12-17,28.23,28.459999,27.459999,27.620001,27.093033,1351700
2018-12-18,28.01,28.209999,27.370001,27.5,26.975319,1387000
2018-12-19,27.91,28.190001,27.059999,27.370001,26.847801,1430700
2018-12-20,27.360001,27.459999,26.27,26.620001,26.112112,4175000
2018-12-21,26.75,27.620001,25.85,25.889999,25.396038,2594600
2018-12-24,25.620001,26.15,25.139999,25.219999,24.738821,828700
2018-12-26,25.35,26.66,25.200001,26.620001,26.112112,2364300
2018-12-27,26.17,26.65,25.690001,26.49,25.984591,952100
2018-12-28,26.459999,26.84,25.99,26.459999,25.955162,1718500
2018-12-31,26.549999,26.77,25.65,26.34,25.837454,1591400
2019-01-02,26.0,27.23,25.92,27.030001,26.514288,1863300
2019-01-03,26.950001,27.610001,26.09,26.959999,26.445623,757700
2019-01-04,27.27,28.139999,27.26,27.950001,27.416737,1655400
2019-01-07,28.01,28.65,27.84,28.389999,27.848341,1724900
2019-01-08,28.73,29.98,28.73,29.85,29.280485,2177200
2019-01-09,29.940001,30.27,29.84,29.889999,29.319721,2361700
2019-01-10,29.91,30.35,29.469999,30.17,29.594379,1572300
2019-01-11,30.200001,30.35,29.75,29.77,29.202011,2601200
2019-01-14,29.66,29.91,29.26,29.67,29.103918,863200
2019-01-15,29.889999,30.18,29.65,30.0,29.427624,2541600
2019-01-16,29.98,30.440001,29.809999,29.870001,29.300106,976900
2019-01-17,29.77,30.190001,29.77,30.07,29.496288,1023800
2019-01-18,30.129999,30.6,30.059999,30.440001,29.859228,1041500
2019-01-22,30.309999,30.459999,29.379999,29.559999,28.996017,1593000
2019-01-23,29.709999,30.690001,29.709999,30.549999,29.967129,1589300
2019-01-24,30.549999,30.870001,30.42,30.719999,30.133884,1950800
2019-01-25,30.99,31.41,30.75,31.030001,30.437973,1196700
2019-01-28,30.870001,31.299999,30.76,30.959999,30.369307,721900
2019-01-29,30.959999,31.379999,30.809999,31.15,30.555679,510800
2019-01-30,31.120001,31.23,29.959999,30.799999,30.212358,1786500
2019-01-31,30.809999,31.16,30.57,30.809999,30.222168,1125200
2019-02-01,30.92,31.15,30.57,31.15,30.555679,995000
2019-02-04,31.200001,31.709999,31.200001,31.49,30.889194,1373100
2019-02-05,31.49,31.780001,31.33,31.4,30.800913,982600
2019-02-06,31.49,31.870001,31.49,31.67,31.06576,570600
2019-02-07,31.5,31.620001,31.02,31.32,30.722439,832600
2019-02-08,31.129999,31.459999,31.01,31.370001,30.771484,439400
2019-02-11,31.48,31.85,31.459999,31.76,31.154043,1131400
2019-02-12,31.879999,32.259998,31.879999,32.119999,31.507172,934000
2019-02-13,32.189999,32.73,31.6,32.599998,31.978018,941100
2019-02-14,32.450001,33.23,32.02,33.040001,32.409622,1001300
2019-02-15,33.080002,33.349998,33.060001,33.200001,32.56657,650300
2019-02-19,33.200001,33.369999,32.82,32.84,32.21344,575900
2019-02-20,32.790001,33.259998,32.790001,33.189999,32.556755,615700
2019-02-21,33.080002,33.16,32.68,32.900002,32.272297,567700
2019-02-22,32.919998,33.169998,32.73,32.880001,32.252678,606700
2019-02-25,33.02,33.290001,32.639999,32.66,32.036873,751100
2019-02-26,32.689999,32.990002,32.5,32.810001,32.184013,1123700
2019-02-27,32.48,35.209999,32.48,34.830002,34.165474,2567900
2019-02-28,34.779999,36.52,34.779999,36.099998,35.41124,1906200
2019-03-01,36.41,37.299999,36.200001,36.73,36.029221,1712700
2019-03-04,36.669998,37.009998,36.16,36.740002,36.039028,1124200
2019-03-05,36.93,38.169998,36.849998,38.07,37.343655,1778900
2019-03-06,37.970001,38.310001,37.77,38.200001,37.471172,1016600
2019-03-07,38.18,38.18,36.779999,36.830002,36.127312,1488800
2019-03-08,36.349998,36.84,36.349998,36.82,36.314705,952300
2019-03-11,36.91,37.970001,36.700001,37.970001,37.448925,909200
2019-03-12,37.970001,38.77,37.860001,38.419998,37.892742,1051600
2019-03-13,38.669998,38.75,38.369999,38.650002,38.119591,1338400
2019-03-14,38.779999,38.950001,38.32,38.540001,38.011101,1238000
2019-03-15,38.59,39.880001,38.459999,39.310001,38.770535,1627700
2019-03-18,39.23,39.32,38.439999,38.5,37.971649,841600
2019-03-19,38.639999,38.75,38.080002,38.220001,37.695496,712900
2019-03-20,38.259998,38.259998,37.110001,37.259998,36.748665,1039500
2019-03-21,37.27,38.650002,37.209999,38.599998,38.070274,1553400
2019-03-22,38.5,38.5,37.27,37.799999,37.281254,948700
2019-03-25,37.849998,38.27,37.279999,37.990002,37.468647,1111000
2019-03-26,38.290001,38.650002,37.98,38.27,37.744804,946000
2019-03-27,38.279999,38.509998,38.09,38.360001,37.833569,568300
2019-03-28,38.380001,38.59,38.09,38.290001,37.76453,531400
2019-03-29,38.59,38.59,38.029999,38.48,37.951923,774900
2019-04-01,38.669998,39.389999,38.459999,39.279999,38.74094,1136300
2019-04-02,39.32,39.849998,39.200001,39.470001,38.928337,1005000
2019-04-03,40.18,41.759998,39.950001,41.41,40.841713,2045100
2019-04-04,41.57,42.59,41.360001,42.400002,41.81813,1620500
2019-04-05,42.400002,43.41,42.099998,42.82,42.232361,1457300
2019-04-08,42.84,43.0,42.209999,42.509998,41.926617,1020500
2019-04-09,42.349998,42.740002,42.18,42.73,42.143597,939900
2019-04-10,42.75,43.939999,42.75,43.66,43.060837,820500
2019-04-11,43.630001,44.220001,43.490002,44.099998,43.494797,889000
2019-04-12,44.5,44.639999,43.5,43.5,42.90303,566700
2019-04-15,43.639999,44.389999,43.360001,44.209999,43.603287,771500
2019-04-16,44.48,44.98,44.150002,44.98,44.36272,620100
2019-04-17,45.0,45.59,44.93,45.389999,44.767094,728300
2019-04-18,45.200001,45.349998,44.490002,44.509998,43.89917,568700
2019-04-22,44.349998,44.720001,43.369999,43.470001,42.873447,588500
2019-04-23,43.759998,44.529999,43.59,44.400002,43.790684,601700
2019-04-24,44.310001,44.93,44.150002,44.669998,44.056973,546500
2019-04-25,44.630001,44.630001,43.84,44.25,43.642738,439200
2019-04-26,44.360001,45.150002,44.150002,45.099998,44.481071,450200
2019-04-29,45.139999,45.900002,45.130001,45.669998,45.043251,425700
2019-04-30,45.889999,46.16,45.41,45.790001,45.161606,1148300
2019-05-01,45.779999,46.07,45.169998,45.389999,44.767094,525800
2019-05-02,45.419998,45.450001,43.259998,43.720001,43.120014,931300
2019-05-03,45.029999,46.09,43.689999,44.950001,44.33313,1298600
2019-05-06,50.549999,63.18,49.5,60.48,59.650005,16069500
2019-05-07,61.349998,66.57,60.029999,60.91,60.074108,7164400
2019-05-08,59.68,64.410004,59.130001,60.93,60.093834,3257400
2019-05-09,60.32,61.66,59.900002,61.18,60.340401,1691300
2019-05-10,61.09,62.689999,60.77,61.810001,60.961754,1295000
2019-05-13,60.900002,61.23,57.490002,58.0,57.204044,1823200
2019-05-14,58.509998,58.52,56.389999,56.91,56.129002,2912500
2019-05-15,56.389999,57.470001,55.900002,57.310001,56.52351,2036100
2019-05-16,57.5,58.490002,57.23,57.619999,56.829258,1205900
2019-05-17,57.5,57.959999,56.779999,56.91,56.129002,1143300
2019-05-20,56.52,56.830002,55.540001,56.400002,55.625999,960400
2019-05-21,56.470001,57.049999,56.150002,56.59,55.813389,1212800
2019-05-22,56.169998,56.169998,54.610001,54.689999,53.939465,873300
2019-05-23,54.119999,54.689999,52.560001,54.540001,53.791527,1139300
2019-05-24,54.919998,55.299999,54.349998,55.27,54.511509,811900
2019-05-28,54.790001,56.099998,54.07,54.110001,53.367424,989800
2019-05-29,53.639999,54.52,53.18,54.470001,53.722488,798400
2019-05-30,54.290001,56.32,54.290001,55.490002,54.93018,903000
2019-05-31,54.990002,55.490002,53.41,53.68,53.138439,1192100
2019-06-03,53.450001,55.299999,53.450001,53.610001,53.069145,1324900
2019-06-04,54.380001,54.82,53.610001,54.540001,53.989765,1183100
2019-06-05,54.799999,55.889999,53.48,53.66,53.118641,1205500
2019-06-06,53.549999,54.419998,52.330002,52.990002,52.455402,1395500
2019-06-07,53.290001,53.779999,51.23,51.32,50.802246,1142600
2019-06-10,51.360001,51.880001,50.349998,50.889999,50.376587,1529100
2019-06-11,51.099998,51.619999,50.220001,51.029999,50.515175,1197300
2019-06-12,51.400002,51.970001,50.650002,51.32,50.802246,1025900
2019-06-13,51.48,52.130001,50.450001,51.799999,51.277405,1292900
2019-06-14,51.689999,52.299999,51.32,51.650002,51.128918,556000
2019-06-17,51.540001,53.509998,51.189999,53.48,52.940453,910200
2019-06-18,53.860001,55.049999,52.990002,53.07,52.534592,1104700
2019-06-19,53.060001,53.389999,52.080002,52.849998,52.316814,804500
2019-06-20,53.25,53.59,52.610001,53.57,53.029549,949000
2019-06-21,53.220001,54.68,52.599998,54.049999,53.504707,1961900
2019-06-24,54.139999,54.599998,53.029999,53.529999,52.989952,1142000
2019-06-25,53.310001,53.869999,53.02,53.450001,52.910763,1587500
2019-06-26,53.490002,54.419998,53.330002,53.869999,53.326523,1258500
2019-06-27,52.990002,53.689999,51.900002,53.200001,52.66328,1605800
2019-06-28,53.360001,54.18,53.049999,53.630001,53.088943,8519400
2019-07-01,54.720001,55.369999,53.84,54.299999,53.752182,1420300
2019-07-02,54.240002,55.810001,53.93,54.66,54.108551,1292500
2019-07-03,55.119999,57.369999,54.919998,57.299999,56.721916,1260400
2019-07-05,56.939999,57.509998,56.529999,57.310001,56.731815,1123500
2019-07-08,57.189999,57.189999,55.959999,55.990002,55.425137,886300
2019-07-09,56.099998,56.299999,55.0,55.099998,54.544113,1160000
2019-07-10,55.310001,57.799999,54.91,57.360001,56.781315,1531900
2019-07-11,57.459999,59.580002,57.43,58.919998,58.325573,1792800
2019-07-12,58.84,59.490002,58.02,59.049999,58.454262,749200
2019-07-15,59.369999,59.380001,58.509998,59.200001,58.602749,582500
2019-07-16,59.110001,59.380001,58.389999,58.529999,57.939507,725600
2019-07-17,58.509998,58.509998,56.34,56.380001,55.811199,888400
2019-07-18,56.150002,56.25,55.240002,56.130001,55.563725,681400
2019-07-19,56.189999,57.209999,55.470001,55.889999,55.326141,660500
2019-07-22,55.939999,56.610001,55.189999,55.639999,55.078663,983200
2019-07-23,55.84,56.150002,53.700001,54.299999,53.752182,1617600
2019-07-24,54.139999,55.639999,53.84,55.560001,54.999474,1066000
2019-07-25,55.68,56.830002,55.68,56.290001,55.722107,1114400
2019-07-26,56.549999,57.349998,51.91,52.849998,52.316814,2278800
2019-07-29,52.779999,53.720001,52.709999,53.0,52.465302,1274900
2019-07-30,51.900002,52.0,47.939999,50.919998,50.406284,2273000
2019-07-31,50.73,51.400002,49.700001,50.25,49.743046,1588400
2019-08-01,50.439999,51.880001,50.02,50.189999,49.683647,1060900
2019-08-02,50.189999,50.34,49.200001,49.369999,48.871922,691900
2019-08-05,48.889999,49.200001,47.900002,48.919998,48.42646,803200
2019-08-06,49.439999,51.43,48.290001,49.029999,48.535351,1062900
2019-08-07,47.040001,47.98,44.110001,46.779999,46.308048,1610100
2019-08-08,46.75,47.369999,45.810001,47.060001,46.585228,1058300
2019-08-09,46.830002,46.830002,44.84,45.220001,44.76379,858700
2019-08-12,44.779999,45.5,43.759998,45.450001,44.99147,1457900
2019-08-13,45.439999,47.759998,45.029999,47.5,47.020786,1834500
2019-08-14,45.240002,45.959999,42.150002,43.400002,42.962154,2350400
2019-08-15,43.700001,44.490002,43.349998,44.209999,43.763977,993500
2019-08-16,44.400002,45.240002,44.34,44.619999,44.169838,981600
2019-08-19,45.18,46.349998,44.880001,44.880001,44.427219,544900
2019-08-20,44.66,45.23,44.27,44.470001,44.021355,461500
2019-08-21,42.990002,43.889999,42.0,43.25,42.813663,1386100
2019-08-22,43.439999,44.599998,43.330002,44.389999,43.942162,713200
2019-08-23,44.080002,44.34,42.389999,43.099998,42.665176,1035700
2019-08-26,43.610001,44.110001,42.630001,43.209999,42.774067,447600
2019-08-27,43.619999,44.049999,42.830002,42.93,42.496891,950000
2019-08-28,42.669998,44.66,42.669998,44.5,44.051052,871600
2019-08-29,44.32,44.75,43.959999,44.25,44.001335,795600
2019-08-30,44.630001,45.419998,44.200001,44.57,44.319534,624100
2019-09-03,43.900002,44.450001,41.919998,42.349998,42.112007,1613700
2019-09-04,42.610001,43.799999,42.610001,42.950001,42.708641,1061700
2019-09-05,43.310001,43.970001,42.48,43.860001,43.613525,625400
2019-09-06,43.93,44.689999,43.580002,43.869999,43.623466,729200
2019-09-09,44.02,44.360001,42.689999,43.299999,43.056671,946400
2019-09-10,43.119999,44.59,42.84,44.580002,44.329479,874700
2019-09-11,44.5,44.580002,43.639999,44.540001,44.289703,1062200
2019-09-12,44.52,44.560001,43.84,44.27,44.021221,813100
2019-09-13,44.73,44.73,43.790001,44.060001,43.812401,791600
2019-09-16,43.799999,44.580002,43.200001,44.459999,44.210152,525300
2019-09-17,44.25,44.93,43.919998,44.459999,44.210152,777400
2019-09-18,44.490002,45.73,44.389999,45.419998,45.164757,916100
2019-09-19,45.630001,45.630001,44.040001,44.119999,43.872063,997400
2019-09-20,44.169998,44.5,43.52,43.75,43.504143,724200
2019-09-23,43.439999,44.150002,43.110001,44.029999,43.78257,490400
2019-09-24,43.830002,44.150002,42.599998,42.700001,42.460045,776400
2019-09-25,42.540001,42.799999,41.540001,42.299999,42.06229,510000
2019-09-26,42.48,42.830002,41.619999,42.549999,42.310886,815900
2019-09-27,42.59,42.619999,41.450001,41.810001,41.575047,755100
2019-09-30,41.860001,43.02,41.720001,42.740002,42.499821,632600
2019-10-01,42.950001,44.0,42.189999,42.259998,42.022514,543600
2019-10-02,41.889999,41.889999,41.060001,41.34,41.107685,659400
2019-10-03,41.540001,41.57,40.380001,41.41,41.177292,776400
2019-10-04,41.52,41.91,41.310001,41.610001,41.376171,625500
2019-10-07,41.41,41.73,40.759998,41.0,40.769596,1036400
2019-10-08,40.889999,40.889999,38.459999,38.619999,38.402969,1088800
2019-10-09,39.0,40.080002,38.689999,39.869999,39.645947,1091600
2019-10-10,39.759998,40.810001,39.759998,40.25,40.023811,952800
2019-10-11,40.73,41.549999,40.73,41.049999,40.819317,496000
2019-10-14,41.0,41.66,40.0,40.41,40.182911,464700
2019-10-15,40.529999,41.450001,40.029999,41.049999,40.819317,935700
2019-10-16,40.810001,41.580002,40.799999,41.400002,41.167351,593300
2019-10-17,41.700001,42.720001,41.060001,42.66,42.420269,912000
2019-10-18,42.630001,42.990002,42.029999,42.110001,41.87336,559000
2019-10-21,42.400002,43.029999,42.23,42.43,42.191563,389200
2019-10-22,42.400002,42.66,41.990002,42.200001,41.962852,363600
2019-10-23,42.02,42.32,41.759998,42.0,41.763977,371600
2019-10-24,42.34,42.34,40.779999,41.599998,41.366222,577200
2019-10-25,41.59,42.599998,41.48,41.57,41.336395,395900
2019-10-28,41.77,42.73,41.77,42.32,42.08218,396700
2019-10-29,42.240002,42.450001,41.68,41.759998,41.525326,216300
2019-10-30,41.849998,41.849998,39.549999,40.16,39.934319,891300
2019-10-31,40.080002,40.18,39.32,39.84,39.616116,598200
2019-11-01,39.990002,40.650002,39.860001,40.150002,39.924374,404900
2019-11-04,40.700001,40.759998,39.59,40.009998,39.78516,762400
2019-11-05,40.130001,40.439999,38.630001,38.759998,38.542183,1520800
2019-11-06,37.150002,38.900002,36.439999,37.939999,37.726791,2122100
2019-11-07,38.02,38.759998,37.380001,38.240002,38.025108,935500
2019-11-08,38.369999,39.389999,37.18,39.290001,39.069206,688900
2019-11-11,39.049999,40.330002,38.48,39.669998,39.447071,938000
2019-11-12,39.419998,40.07,39.02,39.310001,39.089096,715200
2019-11-13,38.950001,39.23,37.619999,38.0,37.786457,1138400
2019-11-14,37.82,38.689999,37.380001,37.650002,37.438423,813600
2019-11-15,37.959999,38.290001,37.48,37.779999,37.567692,590400
2019-11-18,37.68,38.439999,36.98,38.330002,38.114605,768900
2019-11-19,37.27,38.130001,36.93,37.68,37.468254,1179400
2019-11-20,37.68,37.810001,36.189999,36.290001,36.086067,1454400
2019-11-21,36.48,36.57,34.5,34.77,34.574608,1598000
2019-11-22,34.900002,35.84,34.689999,35.68,35.479492,1335400
2019-11-25,35.509998,36.860001,35.509998,35.84,35.638596,1305100
2019-11-26,35.919998,35.919998,34.880001,35.59,35.389999,1104900
2019-11-27,35.459999,35.639999,34.200001,35.099998,35.099998,1103300
2019-11-29,35.009998,35.009998,34.610001,34.830002,34.830002,241300
2019-12-02,34.759998,34.779999,33.75,33.91,33.91,973900
2019-12-03,33.700001,34.459999,32.91,34.110001,34.110001,1352300
2019-12-04,34.34,34.490002,33.349998,33.459999,33.459999,1174800
2019-12-05,33.57,33.57,32.43,32.869999,32.869999,1187500
2019-12-06,33.040001,33.290001,32.630001,32.779999,32.779999,726300
2019-12-09,32.82,33.560001,32.619999,32.66,32.66,942500
2019-12-10,32.650002,32.689999,31.77,31.969999,31.969999,2842600
2019-12-11,32.119999,32.470001,31.709999,31.73,31.73,609900
2019-12-12,31.690001,31.719999,30.92,30.950001,30.950001,1449800
2019-12-13,31.049999,31.35,30.17,30.440001,30.440001,1142300
2019-12-16,30.42,31.07,30.209999,30.42,30.42,1196200
2019-12-17,30.360001,31.139999,30.24,31.07,31.07,1416000
2019-12-18,31.110001,31.68,31.030001,31.49,31.49,779100
2019-12-19,31.4,32.52,31.290001,32.52,32.52,1155200
2019-12-20,32.73,33.75,32.259998,33.68,33.68,1971300
2019-12-23,33.759998,33.82,33.240002,33.57,33.57,869000
2019-12-24,33.419998,33.43,32.59,32.919998,32.919998,449200
2019-12-26,33.0,33.73,32.790001,33.650002,33.650002,495700
2019-12-27,33.700001,33.779999,33.380001,33.669998,33.669998,730900
2019-12-30,33.68,33.68,32.610001,32.900002,32.900002,763600
